ISO-10303-21;
HEADER;
/* Generated by software containing ST-Developer
 * from STEP Tools, Inc. (www.steptools.com) 
 */
/* OPTION: using custom schema-name function */

FILE_DESCRIPTION(
/* description */ (''),
/* implementation_level */ '2;1');

FILE_NAME(
/* name */ 'Satellite Standard',
/* time_stamp */ '2026-07-14T08:37:56-04:00',
/* author */ (''),
/* organization */ (''),
/* preprocessor_version */ 'ST-DEVELOPER v19.2',
/* originating_system */ 'Rhino 8.32',
/* authorisation */ '');

FILE_SCHEMA (('CONFIG_CONTROL_DESIGN'));
ENDSEC;

DATA;
#10=SHAPE_REPRESENTATION_RELATIONSHIP('','',#3025,#13);
#11=SHAPE_REPRESENTATION_RELATIONSHIP('','',#3025,#495);
#12=GEOMETRIC_CURVE_SET('curve_set_0',(#75,#76,#77,#78,#79,#80,#81,#82,
#415));
#13=GEOMETRICALLY_BOUNDED_WIREFRAME_SHAPE_REPRESENTATION(
'wireframe_rep_0',(#12,#3208),#3024);
#14=B_SPLINE_SURFACE_WITH_KNOTS('',3,3,((#3866,#3867,#3868,#3869,#3870,
#3871,#3872,#3873,#3874,#3875,#3876,#3877),(#3878,#3879,#3880,#3881,#3882,
#3883,#3884,#3885,#3886,#3887,#3888,#3889),(#3890,#3891,#3892,#3893,#3894,
#3895,#3896,#3897,#3898,#3899,#3900,#3901),(#3902,#3903,#3904,#3905,#3906,
#3907,#3908,#3909,#3910,#3911,#3912,#3913),(#3914,#3915,#3916,#3917,#3918,
#3919,#3920,#3921,#3922,#3923,#3924,#3925),(#3926,#3927,#3928,#3929,#3930,
#3931,#3932,#3933,#3934,#3935,#3936,#3937),(#3938,#3939,#3940,#3941,#3942,
#3943,#3944,#3945,#3946,#3947,#3948,#3949),(#3950,#3951,#3952,#3953,#3954,
#3955,#3956,#3957,#3958,#3959,#3960,#3961),(#3962,#3963,#3964,#3965,#3966,
#3967,#3968,#3969,#3970,#3971,#3972,#3973),(#3974,#3975,#3976,#3977,#3978,
#3979,#3980,#3981,#3982,#3983,#3984,#3985),(#3986,#3987,#3988,#3989,#3990,
#3991,#3992,#3993,#3994,#3995,#3996,#3997),(#3998,#3999,#4000,#4001,#4002,
#4003,#4004,#4005,#4006,#4007,#4008,#4009),(#4010,#4011,#4012,#4013,#4014,
#4015,#4016,#4017,#4018,#4019,#4020,#4021),(#4022,#4023,#4024,#4025,#4026,
#4027,#4028,#4029,#4030,#4031,#4032,#4033),(#4034,#4035,#4036,#4037,#4038,
#4039,#4040,#4041,#4042,#4043,#4044,#4045),(#4046,#4047,#4048,#4049,#4050,
#4051,#4052,#4053,#4054,#4055,#4056,#4057),(#4058,#4059,#4060,#4061,#4062,
#4063,#4064,#4065,#4066,#4067,#4068,#4069),(#4070,#4071,#4072,#4073,#4074,
#4075,#4076,#4077,#4078,#4079,#4080,#4081)),.UNSPECIFIED.,.F.,.F.,.F.,(4,
1,1,1,1,1,1,1,1,1,1,1,1,1,1,4),(4,1,1,1,1,1,1,1,1,4),(0.,0.112444867541088,
0.168667301311633,0.224889735082177,0.281112168852721,0.337334602623265,
0.39355703639381,0.449779470164354,0.506001903934898,0.562224337705442,
0.618446771475987,0.674669205246531,0.730891639017075,0.787114072787619,
0.843336506558164,0.899558940328708),(0.,0.0637944788556961,0.127588957711392,
0.191383436567088,0.223280675994936,0.255177915422785,0.318972394278481,
0.382766873134177,0.446561351989873,0.510355830845569),.UNSPECIFIED.);
#15=B_SPLINE_SURFACE_WITH_KNOTS('',3,3,((#4084,#4085,#4086,#4087,#4088,
#4089,#4090,#4091,#4092,#4093,#4094,#4095),(#4096,#4097,#4098,#4099,#4100,
#4101,#4102,#4103,#4104,#4105,#4106,#4107),(#4108,#4109,#4110,#4111,#4112,
#4113,#4114,#4115,#4116,#4117,#4118,#4119),(#4120,#4121,#4122,#4123,#4124,
#4125,#4126,#4127,#4128,#4129,#4130,#4131),(#4132,#4133,#4134,#4135,#4136,
#4137,#4138,#4139,#4140,#4141,#4142,#4143),(#4144,#4145,#4146,#4147,#4148,
#4149,#4150,#4151,#4152,#4153,#4154,#4155),(#4156,#4157,#4158,#4159,#4160,
#4161,#4162,#4163,#4164,#4165,#4166,#4167),(#4168,#4169,#4170,#4171,#4172,
#4173,#4174,#4175,#4176,#4177,#4178,#4179),(#4180,#4181,#4182,#4183,#4184,
#4185,#4186,#4187,#4188,#4189,#4190,#4191),(#4192,#4193,#4194,#4195,#4196,
#4197,#4198,#4199,#4200,#4201,#4202,#4203),(#4204,#4205,#4206,#4207,#4208,
#4209,#4210,#4211,#4212,#4213,#4214,#4215),(#4216,#4217,#4218,#4219,#4220,
#4221,#4222,#4223,#4224,#4225,#4226,#4227),(#4228,#4229,#4230,#4231,#4232,
#4233,#4234,#4235,#4236,#4237,#4238,#4239),(#4240,#4241,#4242,#4243,#4244,
#4245,#4246,#4247,#4248,#4249,#4250,#4251),(#4252,#4253,#4254,#4255,#4256,
#4257,#4258,#4259,#4260,#4261,#4262,#4263),(#4264,#4265,#4266,#4267,#4268,
#4269,#4270,#4271,#4272,#4273,#4274,#4275),(#4276,#4277,#4278,#4279,#4280,
#4281,#4282,#4283,#4284,#4285,#4286,#4287),(#4288,#4289,#4290,#4291,#4292,
#4293,#4294,#4295,#4296,#4297,#4298,#4299)),.UNSPECIFIED.,.F.,.F.,.F.,(4,
1,1,1,1,1,1,1,1,1,1,1,1,1,1,4),(4,1,1,1,1,1,1,1,1,4),(0.,0.112444867541088,
0.168667301311633,0.224889735082177,0.281112168852721,0.337334602623265,
0.39355703639381,0.449779470164354,0.506001903934898,0.562224337705442,
0.618446771475987,0.674669205246531,0.730891639017075,0.787114072787619,
0.843336506558164,0.899558940328708),(0.510355830845569,0.574150309701265,
0.637944788556961,0.701739267412657,0.765533746268354,0.797430985696202,
0.82932822512405,0.893122703979746,0.956917182835442,1.02071166169114),
 .UNSPECIFIED.);
#16=B_SPLINE_SURFACE_WITH_KNOTS('',3,3,((#4380,#4381,#4382,#4383,#4384,
#4385,#4386,#4387,#4388,#4389,#4390,#4391,#4392,#4393,#4394,#4395,#4396,
#4397),(#4398,#4399,#4400,#4401,#4402,#4403,#4404,#4405,#4406,#4407,#4408,
#4409,#4410,#4411,#4412,#4413,#4414,#4415),(#4416,#4417,#4418,#4419,#4420,
#4421,#4422,#4423,#4424,#4425,#4426,#4427,#4428,#4429,#4430,#4431,#4432,
#4433),(#4434,#4435,#4436,#4437,#4438,#4439,#4440,#4441,#4442,#4443,#4444,
#4445,#4446,#4447,#4448,#4449,#4450,#4451),(#4452,#4453,#4454,#4455,#4456,
#4457,#4458,#4459,#4460,#4461,#4462,#4463,#4464,#4465,#4466,#4467,#4468,
#4469),(#4470,#4471,#4472,#4473,#4474,#4475,#4476,#4477,#4478,#4479,#4480,
#4481,#4482,#4483,#4484,#4485,#4486,#4487),(#4488,#4489,#4490,#4491,#4492,
#4493,#4494,#4495,#4496,#4497,#4498,#4499,#4500,#4501,#4502,#4503,#4504,
#4505),(#4506,#4507,#4508,#4509,#4510,#4511,#4512,#4513,#4514,#4515,#4516,
#4517,#4518,#4519,#4520,#4521,#4522,#4523),(#4524,#4525,#4526,#4527,#4528,
#4529,#4530,#4531,#4532,#4533,#4534,#4535,#4536,#4537,#4538,#4539,#4540,
#4541),(#4542,#4543,#4544,#4545,#4546,#4547,#4548,#4549,#4550,#4551,#4552,
#4553,#4554,#4555,#4556,#4557,#4558,#4559),(#4560,#4561,#4562,#4563,#4564,
#4565,#4566,#4567,#4568,#4569,#4570,#4571,#4572,#4573,#4574,#4575,#4576,
#4577),(#4578,#4579,#4580,#4581,#4582,#4583,#4584,#4585,#4586,#4587,#4588,
#4589,#4590,#4591,#4592,#4593,#4594,#4595)),.UNSPECIFIED.,.F.,.F.,.F.,(4,
1,1,1,1,1,1,1,1,4),(4,1,1,1,1,1,1,1,1,1,1,1,1,1,1,4),(0.,0.0637944788556961,
0.127588957711392,0.191383436567088,0.223280675994936,0.255177915422785,
0.318972394278481,0.382766873134177,0.446561351989873,0.510355830845569),
(0.,0.112444867541088,0.168667301311633,0.224889735082177,0.281112168852721,
0.337334602623265,0.39355703639381,0.449779470164354,0.506001903934898,
0.562224337705442,0.618446771475987,0.674669205246531,0.730891639017075,
0.787114072787619,0.843336506558164,0.899558940328708),.UNSPECIFIED.);
#17=B_SPLINE_SURFACE_WITH_KNOTS('',3,3,((#4598,#4599,#4600,#4601,#4602,
#4603,#4604,#4605,#4606,#4607,#4608,#4609,#4610,#4611,#4612,#4613,#4614,
#4615),(#4616,#4617,#4618,#4619,#4620,#4621,#4622,#4623,#4624,#4625,#4626,
#4627,#4628,#4629,#4630,#4631,#4632,#4633),(#4634,#4635,#4636,#4637,#4638,
#4639,#4640,#4641,#4642,#4643,#4644,#4645,#4646,#4647,#4648,#4649,#4650,
#4651),(#4652,#4653,#4654,#4655,#4656,#4657,#4658,#4659,#4660,#4661,#4662,
#4663,#4664,#4665,#4666,#4667,#4668,#4669),(#4670,#4671,#4672,#4673,#4674,
#4675,#4676,#4677,#4678,#4679,#4680,#4681,#4682,#4683,#4684,#4685,#4686,
#4687),(#4688,#4689,#4690,#4691,#4692,#4693,#4694,#4695,#4696,#4697,#4698,
#4699,#4700,#4701,#4702,#4703,#4704,#4705),(#4706,#4707,#4708,#4709,#4710,
#4711,#4712,#4713,#4714,#4715,#4716,#4717,#4718,#4719,#4720,#4721,#4722,
#4723),(#4724,#4725,#4726,#4727,#4728,#4729,#4730,#4731,#4732,#4733,#4734,
#4735,#4736,#4737,#4738,#4739,#4740,#4741),(#4742,#4743,#4744,#4745,#4746,
#4747,#4748,#4749,#4750,#4751,#4752,#4753,#4754,#4755,#4756,#4757,#4758,
#4759),(#4760,#4761,#4762,#4763,#4764,#4765,#4766,#4767,#4768,#4769,#4770,
#4771,#4772,#4773,#4774,#4775,#4776,#4777),(#4778,#4779,#4780,#4781,#4782,
#4783,#4784,#4785,#4786,#4787,#4788,#4789,#4790,#4791,#4792,#4793,#4794,
#4795),(#4796,#4797,#4798,#4799,#4800,#4801,#4802,#4803,#4804,#4805,#4806,
#4807,#4808,#4809,#4810,#4811,#4812,#4813)),.UNSPECIFIED.,.F.,.F.,.F.,(4,
1,1,1,1,1,1,1,1,4),(4,1,1,1,1,1,1,1,1,1,1,1,1,1,1,4),(0.510355830845569,
0.574150309701265,0.637944788556961,0.701739267412657,0.765533746268354,
0.797430985696202,0.82932822512405,0.893122703979746,0.956917182835442,
1.02071166169114),(0.,0.112444867541088,0.168667301311633,0.224889735082177,
0.281112168852721,0.337334602623265,0.39355703639381,0.449779470164354,
0.506001903934898,0.562224337705442,0.618446771475987,0.674669205246531,
0.730891639017075,0.787114072787619,0.843336506558164,0.899558940328708),
 .UNSPECIFIED.);
#18=FACE_BOUND('',#950,.T.);
#19=FACE_BOUND('',#952,.T.);
#20=FACE_BOUND('',#975,.T.);
#21=B_SPLINE_CURVE_WITH_KNOTS('',1,(#3722,#3723),.UNSPECIFIED.,.F.,.F.,
(2,2),(0.2,1.8),.UNSPECIFIED.);
#22=B_SPLINE_CURVE_WITH_KNOTS('',1,(#3724,#3725),.UNSPECIFIED.,.F.,.F.,
(2,2),(0.2,1.8),.UNSPECIFIED.);
#23=B_SPLINE_CURVE_WITH_KNOTS('',1,(#3726,#3727),.UNSPECIFIED.,.F.,.F.,
(2,2),(0.2,1.8),.UNSPECIFIED.);
#24=B_SPLINE_CURVE_WITH_KNOTS('',1,(#3728,#3729),.UNSPECIFIED.,.F.,.F.,
(2,2),(0.2,1.8),.UNSPECIFIED.);
#25=B_SPLINE_CURVE_WITH_KNOTS('',1,(#3730,#3731),.UNSPECIFIED.,.F.,.F.,
(2,2),(0.2,3.27011132957744),.UNSPECIFIED.);
#26=B_SPLINE_CURVE_WITH_KNOTS('',1,(#3732,#3733),.UNSPECIFIED.,.F.,.F.,
(2,2),(0.2,1.8),.UNSPECIFIED.);
#27=B_SPLINE_CURVE_WITH_KNOTS('',1,(#3734,#3735),.UNSPECIFIED.,.F.,.F.,
(2,2),(0.2,1.8),.UNSPECIFIED.);
#28=B_SPLINE_CURVE_WITH_KNOTS('',1,(#3736,#3737),.UNSPECIFIED.,.F.,.F.,
(2,2),(0.2,3.27011132957744),.UNSPECIFIED.);
#29=B_SPLINE_CURVE_WITH_KNOTS('',1,(#3738,#3739),.UNSPECIFIED.,.F.,.F.,
(2,2),(0.2,1.8),.UNSPECIFIED.);
#30=B_SPLINE_CURVE_WITH_KNOTS('',1,(#3740,#3741),.UNSPECIFIED.,.F.,.F.,
(2,2),(0.2,1.8),.UNSPECIFIED.);
#31=B_SPLINE_CURVE_WITH_KNOTS('',1,(#3742,#3743),.UNSPECIFIED.,.F.,.F.,
(2,2),(0.2,1.8),.UNSPECIFIED.);
#32=B_SPLINE_CURVE_WITH_KNOTS('',1,(#3744,#3745),.UNSPECIFIED.,.F.,.F.,
(2,2),(0.2,1.8),.UNSPECIFIED.);
#33=B_SPLINE_CURVE_WITH_KNOTS('',1,(#3746,#3747),.UNSPECIFIED.,.F.,.F.,
(2,2),(0.200000000000001,3.27011132957744),.UNSPECIFIED.);
#34=B_SPLINE_CURVE_WITH_KNOTS('',1,(#3748,#3749),.UNSPECIFIED.,.F.,.F.,
(2,2),(0.200000000000001,3.27011132957744),.UNSPECIFIED.);
#35=B_SPLINE_CURVE_WITH_KNOTS('',1,(#3750,#3751),.UNSPECIFIED.,.F.,.F.,
(2,2),(0.2,1.8),.UNSPECIFIED.);
#36=B_SPLINE_CURVE_WITH_KNOTS('',1,(#3752,#3753),.UNSPECIFIED.,.F.,.F.,
(2,2),(0.2,1.8),.UNSPECIFIED.);
#37=B_SPLINE_CURVE_WITH_KNOTS('',1,(#3754,#3755),.UNSPECIFIED.,.F.,.F.,
(2,2),(0.2,3.27011132957744),.UNSPECIFIED.);
#38=B_SPLINE_CURVE_WITH_KNOTS('',1,(#3756,#3757),.UNSPECIFIED.,.F.,.F.,
(2,2),(0.2,3.27011132957744),.UNSPECIFIED.);
#39=B_SPLINE_CURVE_WITH_KNOTS('',1,(#3758,#3759),.UNSPECIFIED.,.F.,.F.,
(2,2),(0.2,1.8),.UNSPECIFIED.);
#40=B_SPLINE_CURVE_WITH_KNOTS('',1,(#3760,#3761),.UNSPECIFIED.,.F.,.F.,
(2,2),(0.2,1.8),.UNSPECIFIED.);
#41=B_SPLINE_CURVE_WITH_KNOTS('',1,(#3762,#3763),.UNSPECIFIED.,.F.,.F.,
(2,2),(0.2,3.27011132957744),.UNSPECIFIED.);
#42=B_SPLINE_CURVE_WITH_KNOTS('',1,(#3764,#3765),.UNSPECIFIED.,.F.,.F.,
(2,2),(0.2,3.27011132957744),.UNSPECIFIED.);
#43=B_SPLINE_CURVE_WITH_KNOTS('',1,(#3766,#3767),.UNSPECIFIED.,.F.,.F.,
(2,2),(0.2,1.8),.UNSPECIFIED.);
#44=B_SPLINE_CURVE_WITH_KNOTS('',1,(#3768,#3769),.UNSPECIFIED.,.F.,.F.,
(2,2),(0.199999999999999,1.8),.UNSPECIFIED.);
#45=B_SPLINE_CURVE_WITH_KNOTS('',1,(#3842,#3843),.UNSPECIFIED.,.F.,.F.,
(2,2),(0.,0.244535221805315),.UNSPECIFIED.);
#46=B_SPLINE_CURVE_WITH_KNOTS('',1,(#3844,#3845),.UNSPECIFIED.,.F.,.F.,
(2,2),(0.,0.244535221805314),.UNSPECIFIED.);
#47=B_SPLINE_CURVE_WITH_KNOTS('',1,(#3846,#3847),.UNSPECIFIED.,.F.,.F.,
(2,2),(0.,0.244535221805315),.UNSPECIFIED.);
#48=B_SPLINE_CURVE_WITH_KNOTS('',1,(#3848,#3849),.UNSPECIFIED.,.F.,.F.,
(2,2),(0.,0.244535221805314),.UNSPECIFIED.);
#49=B_SPLINE_CURVE_WITH_KNOTS('',1,(#3850,#3851),.UNSPECIFIED.,.F.,.F.,
(2,2),(0.,0.663989409720078),.UNSPECIFIED.);
#50=B_SPLINE_CURVE_WITH_KNOTS('',1,(#3852,#3853),.UNSPECIFIED.,.F.,.F.,
(2,2),(0.,0.663989409720078),.UNSPECIFIED.);
#51=B_SPLINE_CURVE_WITH_KNOTS('',1,(#3854,#3855),.UNSPECIFIED.,.F.,.F.,
(2,2),(0.,0.663989409720078),.UNSPECIFIED.);
#52=B_SPLINE_CURVE_WITH_KNOTS('',1,(#3856,#3857),.UNSPECIFIED.,.F.,.F.,
(2,2),(0.,0.663989409720078),.UNSPECIFIED.);
#53=B_SPLINE_CURVE_WITH_KNOTS('',1,(#3858,#3859),.UNSPECIFIED.,.F.,.F.,
(2,2),(-0.434951072781208,-0.158118173644942),.UNSPECIFIED.);
#54=B_SPLINE_CURVE_WITH_KNOTS('',1,(#3860,#3861),.UNSPECIFIED.,.F.,.F.,
(2,2),(0.149163628464584,0.42599652760085),.UNSPECIFIED.);
#55=B_SPLINE_CURVE_WITH_KNOTS('',1,(#3862,#3863),.UNSPECIFIED.,.F.,.F.,
(2,2),(0.158118173644942,0.434951072781207),.UNSPECIFIED.);
#56=B_SPLINE_CURVE_WITH_KNOTS('',1,(#3864,#3865),.UNSPECIFIED.,.F.,.F.,
(2,2),(-0.42599652760085,-0.149163628464584),.UNSPECIFIED.);
#57=B_SPLINE_CURVE_WITH_KNOTS('',3,(#4304,#4305,#4306,#4307,#4308,#4309,
#4310,#4311,#4312,#4313),.UNSPECIFIED.,.F.,.F.,(4,2,2,2,4),(0.,0.127585832516644,
0.255177915469064,0.382763747973684,0.510355830863296),.UNSPECIFIED.);
#58=B_SPLINE_CURVE_WITH_KNOTS('',3,(#4314,#4315,#4316,#4317,#4318,#4319,
#4320,#4321,#4322,#4323,#4324,#4325,#4326,#4327,#4328,#4329,#4330,#4331),
 .UNSPECIFIED.,.F.,.F.,(4,1,1,1,1,1,1,1,1,1,1,1,1,1,1,4),(0.,0.112444867541088,
0.168667301311633,0.224889735082177,0.281112168852721,0.337334602623265,
0.39355703639381,0.449779470164354,0.506001903934898,0.562224337705442,
0.618446771475987,0.674669205246531,0.730891639017075,0.787114072787619,
0.843336506558164,0.899558940328708),.UNSPECIFIED.);
#59=B_SPLINE_CURVE_WITH_KNOTS('',3,(#4332,#4333,#4334,#4335,#4336,#4337,
#4338,#4339,#4340,#4341),.UNSPECIFIED.,.F.,.F.,(4,2,2,2,4),(0.,0.127585831614178,
0.255177914848319,0.382763747632348,0.510355830860119),.UNSPECIFIED.);
#60=B_SPLINE_CURVE_WITH_KNOTS('',3,(#4342,#4343,#4344,#4345,#4346,#4347,
#4348,#4349,#4350,#4351,#4352,#4353,#4354,#4355,#4356,#4357,#4358,#4359),
 .UNSPECIFIED.,.F.,.F.,(4,1,1,1,1,1,1,1,1,1,1,1,1,1,1,4),(0.,0.112444867541088,
0.168667301311633,0.224889735082177,0.281112168852721,0.337334602623265,
0.39355703639381,0.449779470164354,0.506001903934898,0.562224337705442,
0.618446771475987,0.674669205246531,0.730891639017075,0.787114072787619,
0.843336506558164,0.899558940328708),.UNSPECIFIED.);
#61=B_SPLINE_CURVE_WITH_KNOTS('',3,(#4360,#4361,#4362,#4363,#4364,#4365,
#4366,#4367,#4368,#4369),.UNSPECIFIED.,.F.,.F.,(4,2,2,2,4),(0.510355830863296,
0.637941663330835,0.7655337462529,0.893119578774105,1.02071166169114),
 .UNSPECIFIED.);
#62=B_SPLINE_CURVE_WITH_KNOTS('',3,(#4370,#4371,#4372,#4373,#4374,#4375,
#4376,#4377,#4378,#4379),.UNSPECIFIED.,.F.,.F.,(4,2,2,2,4),(0.510355830860119,
0.63794166368142,0.765533746858485,0.893119579660516,1.02071166169114),
 .UNSPECIFIED.);
#63=B_SPLINE_CURVE_WITH_KNOTS('',3,(#4818,#4819,#4820,#4821,#4822,#4823,
#4824,#4825,#4826,#4827),.UNSPECIFIED.,.F.,.F.,(4,2,2,2,4),(0.,0.127585832516644,
0.255177915469064,0.382763747973684,0.510355830863296),.UNSPECIFIED.);
#64=B_SPLINE_CURVE_WITH_KNOTS('',3,(#4828,#4829,#4830,#4831,#4832,#4833,
#4834,#4835,#4836,#4837,#4838,#4839,#4840,#4841,#4842,#4843,#4844,#4845),
 .UNSPECIFIED.,.F.,.F.,(4,1,1,1,1,1,1,1,1,1,1,1,1,1,1,4),(0.,0.112444867541088,
0.168667301311633,0.224889735082177,0.281112168852721,0.337334602623265,
0.39355703639381,0.449779470164354,0.506001903934898,0.562224337705442,
0.618446771475987,0.674669205246531,0.730891639017075,0.787114072787619,
0.843336506558164,0.899558940328708),.UNSPECIFIED.);
#65=B_SPLINE_CURVE_WITH_KNOTS('',3,(#4846,#4847,#4848,#4849,#4850,#4851,
#4852,#4853,#4854,#4855),.UNSPECIFIED.,.F.,.F.,(4,2,2,2,4),(0.,0.127585831614178,
0.255177914848319,0.382763747632348,0.510355830860119),.UNSPECIFIED.);
#66=B_SPLINE_CURVE_WITH_KNOTS('',3,(#4856,#4857,#4858,#4859,#4860,#4861,
#4862,#4863,#4864,#4865,#4866,#4867,#4868,#4869,#4870,#4871,#4872,#4873),
 .UNSPECIFIED.,.F.,.F.,(4,1,1,1,1,1,1,1,1,1,1,1,1,1,1,4),(0.,0.112444867541088,
0.168667301311633,0.224889735082177,0.281112168852721,0.337334602623265,
0.39355703639381,0.449779470164354,0.506001903934898,0.562224337705442,
0.618446771475987,0.674669205246531,0.730891639017075,0.787114072787619,
0.843336506558164,0.899558940328708),.UNSPECIFIED.);
#67=B_SPLINE_CURVE_WITH_KNOTS('',3,(#4874,#4875,#4876,#4877,#4878,#4879,
#4880,#4881,#4882,#4883),.UNSPECIFIED.,.F.,.F.,(4,2,2,2,4),(0.510355830863296,
0.637941663330835,0.7655337462529,0.893119578774105,1.02071166169114),
 .UNSPECIFIED.);
#68=B_SPLINE_CURVE_WITH_KNOTS('',3,(#4884,#4885,#4886,#4887,#4888,#4889,
#4890,#4891,#4892,#4893),.UNSPECIFIED.,.F.,.F.,(4,2,2,2,4),(0.510355830860119,
0.63794166368142,0.765533746858485,0.893119579660516,1.02071166169114),
 .UNSPECIFIED.);
#69=B_SPLINE_CURVE_WITH_KNOTS('',1,(#4905,#4906),.UNSPECIFIED.,.F.,.F.,
(2,2),(0.,0.00963365069100153),.UNSPECIFIED.);
#70=B_SPLINE_CURVE_WITH_KNOTS('',1,(#4910,#4911),.UNSPECIFIED.,.F.,.F.,
(2,2),(0.,0.00963365069100153),.UNSPECIFIED.);
#71=B_SPLINE_CURVE_WITH_KNOTS('',1,(#5186,#5187),.UNSPECIFIED.,.F.,.F.,
(2,2),(0.,0.00963656400785262),.UNSPECIFIED.);
#72=B_SPLINE_CURVE_WITH_KNOTS('',1,(#5193,#5194),.UNSPECIFIED.,.F.,.F.,
(2,2),(0.,0.00963656400785262),.UNSPECIFIED.);
#73=B_SPLINE_CURVE_WITH_KNOTS('',1,(#5239,#5240),.UNSPECIFIED.,.F.,.F.,
(2,2),(0.,0.00963656400785262),.UNSPECIFIED.);
#74=B_SPLINE_CURVE_WITH_KNOTS('',1,(#5246,#5247),.UNSPECIFIED.,.F.,.F.,
(2,2),(0.,0.00963656400785262),.UNSPECIFIED.);
#75=B_SPLINE_CURVE_WITH_KNOTS('',1,(#5253,#5254),.UNSPECIFIED.,.F.,.F.,
(2,2),(0.,1.45990277324633),.UNSPECIFIED.);
#76=B_SPLINE_CURVE_WITH_KNOTS('',1,(#5255,#5256),.UNSPECIFIED.,.F.,.F.,
(2,2),(0.,3.68507716150081),.UNSPECIFIED.);
#77=B_SPLINE_CURVE_WITH_KNOTS('',1,(#5257,#5258),.UNSPECIFIED.,.F.,.F.,
(2,2),(0.,1.45990277324633),.UNSPECIFIED.);
#78=B_SPLINE_CURVE_WITH_KNOTS('',1,(#5259,#5260),.UNSPECIFIED.,.F.,.F.,
(2,2),(0.,1.45990277324633),.UNSPECIFIED.);
#79=B_SPLINE_CURVE_WITH_KNOTS('',1,(#5261,#5262,#5263,#5264,#5265),
 .UNSPECIFIED.,.T.,.F.,(2,1,1,1,2),(-3.68507716150081,0.,0.1,3.78507716150081,
3.88507716150081),.UNSPECIFIED.);
#80=B_SPLINE_CURVE_WITH_KNOTS('',1,(#5266,#5267,#5268,#5269,#5270),
 .UNSPECIFIED.,.T.,.F.,(2,1,1,1,2),(-1.45990277324633,0.,0.0999999999999996,
1.55990277324633,1.65990277324633),.UNSPECIFIED.);
#81=B_SPLINE_CURVE_WITH_KNOTS('',1,(#5271,#5272,#5273,#5274,#5275),
 .UNSPECIFIED.,.T.,.F.,(2,1,1,1,2),(-1.45990277324633,0.,0.0999999999999996,
1.55990277324633,1.65990277324633),.UNSPECIFIED.);
#82=B_SPLINE_CURVE_WITH_KNOTS('',1,(#5276,#5277,#5278,#5279,#5280),
 .UNSPECIFIED.,.T.,.F.,(2,1,1,1,2),(-1.45990277324633,0.,0.0999999999999996,
1.55990277324633,1.65990277324633),.UNSPECIFIED.);
#83=B_SPLINE_CURVE_WITH_KNOTS('',1,(#5449,#5450),.UNSPECIFIED.,.F.,.F.,
(2,2),(0.0300000000000004,0.649951386623166),.UNSPECIFIED.);
#84=B_SPLINE_CURVE_WITH_KNOTS('',1,(#5451,#5452),.UNSPECIFIED.,.F.,.F.,
(2,2),(0.0299999999999998,0.649951386623165),.UNSPECIFIED.);
#85=B_SPLINE_CURVE_WITH_KNOTS('',1,(#5453,#5454),.UNSPECIFIED.,.F.,.F.,
(2,2),(0.,0.679951386623166),.UNSPECIFIED.);
#86=B_SPLINE_CURVE_WITH_KNOTS('',1,(#5455,#5456),.UNSPECIFIED.,.F.,.F.,
(2,2),(0.0300000000000002,0.791269290375204),.UNSPECIFIED.);
#87=B_SPLINE_CURVE_WITH_KNOTS('',1,(#5457,#5458),.UNSPECIFIED.,.F.,.F.,
(2,2),(-1.45990277324633,-0.779951386623165),.UNSPECIFIED.);
#88=B_SPLINE_CURVE_WITH_KNOTS('',1,(#5459,#5460),.UNSPECIFIED.,.F.,.F.,
(2,2),(0.,0.679951386623165),.UNSPECIFIED.);
#89=B_SPLINE_CURVE_WITH_KNOTS('',1,(#5461,#5462),.UNSPECIFIED.,.F.,.F.,
(2,2),(0.,0.0999999999999996),.UNSPECIFIED.);
#90=B_SPLINE_CURVE_WITH_KNOTS('',1,(#5463,#5464),.UNSPECIFIED.,.F.,.F.,
(2,2),(0.03,0.110502502642724),.UNSPECIFIED.);
#91=B_SPLINE_CURVE_WITH_KNOTS('',1,(#5465,#5466),.UNSPECIFIED.,.F.,.F.,
(2,2),(0.03,0.110502502642724),.UNSPECIFIED.);
#92=B_SPLINE_CURVE_WITH_KNOTS('',1,(#5467,#5468),.UNSPECIFIED.,.F.,.F.,
(2,2),(0.,0.0999999999999996),.UNSPECIFIED.);
#93=B_SPLINE_CURVE_WITH_KNOTS('',1,(#5469,#5470),.UNSPECIFIED.,.F.,.F.,
(2,2),(0.03,0.110502502642724),.UNSPECIFIED.);
#94=B_SPLINE_CURVE_WITH_KNOTS('',1,(#5471,#5472),.UNSPECIFIED.,.F.,.F.,
(2,2),(0.03,0.110502502642724),.UNSPECIFIED.);
#95=B_SPLINE_CURVE_WITH_KNOTS('',1,(#5473,#5474),.UNSPECIFIED.,.F.,.F.,
(2,2),(1.11022302462516E-16,0.821269290375204),.UNSPECIFIED.);
#96=B_SPLINE_CURVE_WITH_KNOTS('',1,(#5475,#5476),.UNSPECIFIED.,.F.,.F.,
(2,2),(8.32667268468867E-16,0.871269290375205),.UNSPECIFIED.);
#97=B_SPLINE_CURVE_WITH_KNOTS('',1,(#5477,#5478),.UNSPECIFIED.,.F.,.F.,
(2,2),(1.11022302462516E-16,0.679951386623166),.UNSPECIFIED.);
#98=B_SPLINE_CURVE_WITH_KNOTS('',1,(#5479,#5480),.UNSPECIFIED.,.F.,.F.,
(2,2),(0.0300000000000001,0.649951386623165),.UNSPECIFIED.);
#99=B_SPLINE_CURVE_WITH_KNOTS('',1,(#5481,#5482),.UNSPECIFIED.,.F.,.F.,
(2,2),(-1.45990277324633,-0.779951386623165),.UNSPECIFIED.);
#100=B_SPLINE_CURVE_WITH_KNOTS('',1,(#5483,#5484),.UNSPECIFIED.,.F.,.F.,
(2,2),(0.,0.679951386623165),.UNSPECIFIED.);
#101=B_SPLINE_CURVE_WITH_KNOTS('',1,(#5485,#5486),.UNSPECIFIED.,.F.,.F.,
(2,2),(0.,0.0999999999999996),.UNSPECIFIED.);
#102=B_SPLINE_CURVE_WITH_KNOTS('',1,(#5487,#5488),.UNSPECIFIED.,.F.,.F.,
(2,2),(0.03,0.110502502642724),.UNSPECIFIED.);
#103=B_SPLINE_CURVE_WITH_KNOTS('',1,(#5489,#5490),.UNSPECIFIED.,.F.,.F.,
(2,2),(0.03,0.110502502642724),.UNSPECIFIED.);
#104=B_SPLINE_CURVE_WITH_KNOTS('',1,(#5491,#5492),.UNSPECIFIED.,.F.,.F.,
(2,2),(0.,0.0999999999999996),.UNSPECIFIED.);
#105=B_SPLINE_CURVE_WITH_KNOTS('',1,(#5493,#5494),.UNSPECIFIED.,.F.,.F.,
(2,2),(0.03,0.110502502642724),.UNSPECIFIED.);
#106=B_SPLINE_CURVE_WITH_KNOTS('',1,(#5495,#5496),.UNSPECIFIED.,.F.,.F.,
(2,2),(0.03,0.110502502642724),.UNSPECIFIED.);
#107=B_SPLINE_CURVE_WITH_KNOTS('',1,(#5497,#5498),.UNSPECIFIED.,.F.,.F.,
(2,2),(0.0299999999999998,0.841269290375203),.UNSPECIFIED.);
#108=B_SPLINE_CURVE_WITH_KNOTS('',1,(#5499,#5500),.UNSPECIFIED.,.F.,.F.,
(2,2),(0.0300000000000001,0.649951386623165),.UNSPECIFIED.);
#109=B_SPLINE_CURVE_WITH_KNOTS('',1,(#5501,#5502),.UNSPECIFIED.,.F.,.F.,
(2,2),(0.0299999999999996,0.649951386623165),.UNSPECIFIED.);
#110=B_SPLINE_CURVE_WITH_KNOTS('',1,(#5503,#5504),.UNSPECIFIED.,.F.,.F.,
(2,2),(0.0299999999999998,0.791269290375204),.UNSPECIFIED.);
#111=B_SPLINE_CURVE_WITH_KNOTS('',1,(#5505,#5506),.UNSPECIFIED.,.F.,.F.,
(2,2),(-1.45990277324633,-0.779951386623165),.UNSPECIFIED.);
#112=B_SPLINE_CURVE_WITH_KNOTS('',1,(#5507,#5508),.UNSPECIFIED.,.F.,.F.,
(2,2),(0.,0.679951386623165),.UNSPECIFIED.);
#113=B_SPLINE_CURVE_WITH_KNOTS('',1,(#5509,#5510),.UNSPECIFIED.,.F.,.F.,
(2,2),(0.,0.0999999999999996),.UNSPECIFIED.);
#114=B_SPLINE_CURVE_WITH_KNOTS('',1,(#5511,#5512),.UNSPECIFIED.,.F.,.F.,
(2,2),(0.03,0.110502502642724),.UNSPECIFIED.);
#115=B_SPLINE_CURVE_WITH_KNOTS('',1,(#5513,#5514),.UNSPECIFIED.,.F.,.F.,
(2,2),(0.03,0.110502502642724),.UNSPECIFIED.);
#116=B_SPLINE_CURVE_WITH_KNOTS('',1,(#5515,#5516),.UNSPECIFIED.,.F.,.F.,
(2,2),(0.,0.0999999999999996),.UNSPECIFIED.);
#117=B_SPLINE_CURVE_WITH_KNOTS('',1,(#5517,#5518),.UNSPECIFIED.,.F.,.F.,
(2,2),(0.03,0.110502502642724),.UNSPECIFIED.);
#118=B_SPLINE_CURVE_WITH_KNOTS('',1,(#5519,#5520),.UNSPECIFIED.,.F.,.F.,
(2,2),(0.03,0.110502502642724),.UNSPECIFIED.);
#119=B_SPLINE_CURVE_WITH_KNOTS('',1,(#5521,#5522),.UNSPECIFIED.,.F.,.F.,
(2,2),(4.9960036108132E-16,0.821269290375204),.UNSPECIFIED.);
#120=B_SPLINE_CURVE_WITH_KNOTS('',1,(#5523,#5524),.UNSPECIFIED.,.F.,.F.,
(2,2),(2.77555756156289E-16,0.871269290375203),.UNSPECIFIED.);
#121=B_SPLINE_CURVE_WITH_KNOTS('',1,(#5525,#5526),.UNSPECIFIED.,.F.,.F.,
(2,2),(0.,0.871269290375203),.UNSPECIFIED.);
#122=B_SPLINE_CURVE_WITH_KNOTS('',1,(#5527,#5528),.UNSPECIFIED.,.F.,.F.,
(2,2),(7.7715611723761E-16,0.821269290375204),.UNSPECIFIED.);
#123=B_SPLINE_CURVE_WITH_KNOTS('',1,(#5529,#5530),.UNSPECIFIED.,.F.,.F.,
(2,2),(-3.68507716150081,-2.81380787112561),.UNSPECIFIED.);
#124=B_SPLINE_CURVE_WITH_KNOTS('',1,(#5531,#5532),.UNSPECIFIED.,.F.,.F.,
(2,2),(0.,0.871269290375204),.UNSPECIFIED.);
#125=B_SPLINE_CURVE_WITH_KNOTS('',1,(#5533,#5534),.UNSPECIFIED.,.F.,.F.,
(2,2),(0.,0.1),.UNSPECIFIED.);
#126=B_SPLINE_CURVE_WITH_KNOTS('',1,(#5535,#5536),.UNSPECIFIED.,.F.,.F.,
(2,2),(0.03,0.110502502642724),.UNSPECIFIED.);
#127=B_SPLINE_CURVE_WITH_KNOTS('',1,(#5537,#5538),.UNSPECIFIED.,.F.,.F.,
(2,2),(0.03,0.110502502642724),.UNSPECIFIED.);
#128=B_SPLINE_CURVE_WITH_KNOTS('',1,(#5539,#5540),.UNSPECIFIED.,.F.,.F.,
(2,2),(0.,0.1),.UNSPECIFIED.);
#129=B_SPLINE_CURVE_WITH_KNOTS('',1,(#5541,#5542),.UNSPECIFIED.,.F.,.F.,
(2,2),(0.03,0.110502502642724),.UNSPECIFIED.);
#130=B_SPLINE_CURVE_WITH_KNOTS('',1,(#5543,#5544),.UNSPECIFIED.,.F.,.F.,
(2,2),(0.03,0.110502502642724),.UNSPECIFIED.);
#131=B_SPLINE_CURVE_WITH_KNOTS('',1,(#5545,#5546),.UNSPECIFIED.,.F.,.F.,
(2,2),(-0.110502502642724,-0.03),.UNSPECIFIED.);
#132=B_SPLINE_CURVE_WITH_KNOTS('',1,(#5547,#5548),.UNSPECIFIED.,.F.,.F.,
(2,2),(0.03,0.110502502642724),.UNSPECIFIED.);
#133=B_SPLINE_CURVE_WITH_KNOTS('',1,(#5549,#5550),.UNSPECIFIED.,.F.,.F.,
(2,2),(0.03,0.110502502642724),.UNSPECIFIED.);
#134=B_SPLINE_CURVE_WITH_KNOTS('',1,(#5551,#5552),.UNSPECIFIED.,.F.,.F.,
(2,2),(-0.110502502642724,-0.03),.UNSPECIFIED.);
#135=B_SPLINE_CURVE_WITH_KNOTS('',1,(#5553,#5554),.UNSPECIFIED.,.F.,.F.,
(2,2),(0.0300000000000004,0.649951386623166),.UNSPECIFIED.);
#136=B_SPLINE_CURVE_WITH_KNOTS('',1,(#5555,#5556),.UNSPECIFIED.,.F.,.F.,
(2,2),(0.,0.679951386623165),.UNSPECIFIED.);
#137=B_SPLINE_CURVE_WITH_KNOTS('',1,(#5557,#5558),.UNSPECIFIED.,.F.,.F.,
(2,2),(-0.110502502642724,-0.03),.UNSPECIFIED.);
#138=B_SPLINE_CURVE_WITH_KNOTS('',1,(#5559,#5560),.UNSPECIFIED.,.F.,.F.,
(2,2),(0.03,0.110502502642724),.UNSPECIFIED.);
#139=B_SPLINE_CURVE_WITH_KNOTS('',1,(#5561,#5562),.UNSPECIFIED.,.F.,.F.,
(2,2),(0.03,0.110502502642724),.UNSPECIFIED.);
#140=B_SPLINE_CURVE_WITH_KNOTS('',1,(#5563,#5564),.UNSPECIFIED.,.F.,.F.,
(2,2),(-0.110502502642724,-0.03),.UNSPECIFIED.);
#141=B_SPLINE_CURVE_WITH_KNOTS('',1,(#5565,#5566),.UNSPECIFIED.,.F.,.F.,
(2,2),(0.,0.679951386623166),.UNSPECIFIED.);
#142=B_SPLINE_CURVE_WITH_KNOTS('',1,(#5567,#5568),.UNSPECIFIED.,.F.,.F.,
(2,2),(0.,0.679951386623165),.UNSPECIFIED.);
#143=B_SPLINE_CURVE_WITH_KNOTS('',1,(#5569,#5570),.UNSPECIFIED.,.F.,.F.,
(2,2),(-0.110502502642724,-0.03),.UNSPECIFIED.);
#144=B_SPLINE_CURVE_WITH_KNOTS('',1,(#5571,#5572),.UNSPECIFIED.,.F.,.F.,
(2,2),(0.03,0.110502502642724),.UNSPECIFIED.);
#145=B_SPLINE_CURVE_WITH_KNOTS('',1,(#5573,#5574),.UNSPECIFIED.,.F.,.F.,
(2,2),(0.03,0.110502502642724),.UNSPECIFIED.);
#146=B_SPLINE_CURVE_WITH_KNOTS('',1,(#5575,#5576),.UNSPECIFIED.,.F.,.F.,
(2,2),(-0.110502502642724,-0.03),.UNSPECIFIED.);
#147=B_SPLINE_CURVE_WITH_KNOTS('',1,(#5577,#5578),.UNSPECIFIED.,.F.,.F.,
(2,2),(0.0300000000000011,0.841269290375204),.UNSPECIFIED.);
#148=B_SPLINE_CURVE_WITH_KNOTS('',1,(#5579,#5580),.UNSPECIFIED.,.F.,.F.,
(2,2),(0.03,0.649951386623165),.UNSPECIFIED.);
#149=B_SPLINE_CURVE_WITH_KNOTS('',1,(#5581,#5582),.UNSPECIFIED.,.F.,.F.,
(2,2),(0.0300000000000011,0.841269290375204),.UNSPECIFIED.);
#150=B_SPLINE_CURVE_WITH_KNOTS('',1,(#5583,#5584),.UNSPECIFIED.,.F.,.F.,
(2,2),(0.,0.679951386623165),.UNSPECIFIED.);
#151=B_SPLINE_CURVE_WITH_KNOTS('',1,(#5585,#5586),.UNSPECIFIED.,.F.,.F.,
(2,2),(0.030000000000002,0.791269290375206),.UNSPECIFIED.);
#152=B_SPLINE_CURVE_WITH_KNOTS('',1,(#5587,#5588),.UNSPECIFIED.,.F.,.F.,
(2,2),(0.,0.679951386623165),.UNSPECIFIED.);
#153=B_SPLINE_CURVE_WITH_KNOTS('',1,(#5589,#5590),.UNSPECIFIED.,.F.,.F.,
(2,2),(-0.679951386623165,0.),.UNSPECIFIED.);
#154=B_SPLINE_CURVE_WITH_KNOTS('',1,(#5591,#5592),.UNSPECIFIED.,.F.,.F.,
(2,2),(-0.779951386623165,-0.679951386623165),.UNSPECIFIED.);
#155=B_SPLINE_CURVE_WITH_KNOTS('',1,(#5593,#5594),.UNSPECIFIED.,.F.,.F.,
(2,2),(0.779951386623165,1.45990277324633),.UNSPECIFIED.);
#156=B_SPLINE_CURVE_WITH_KNOTS('',1,(#5595,#5596),.UNSPECIFIED.,.F.,.F.,
(2,2),(0.679951386623165,0.779951386623165),.UNSPECIFIED.);
#157=B_SPLINE_CURVE_WITH_KNOTS('',1,(#5597,#5598),.UNSPECIFIED.,.F.,.F.,
(2,2),(0.,0.679951386623165),.UNSPECIFIED.);
#158=B_SPLINE_CURVE_WITH_KNOTS('',1,(#5599,#5600),.UNSPECIFIED.,.F.,.F.,
(2,2),(-5.55111512312578E-17,0.821269290375204),.UNSPECIFIED.);
#159=B_SPLINE_CURVE_WITH_KNOTS('',1,(#5601,#5602),.UNSPECIFIED.,.F.,.F.,
(2,2),(-0.679951386623165,0.),.UNSPECIFIED.);
#160=B_SPLINE_CURVE_WITH_KNOTS('',1,(#5603,#5604),.UNSPECIFIED.,.F.,.F.,
(2,2),(-0.779951386623165,-0.679951386623165),.UNSPECIFIED.);
#161=B_SPLINE_CURVE_WITH_KNOTS('',1,(#5605,#5606),.UNSPECIFIED.,.F.,.F.,
(2,2),(0.779951386623165,1.45990277324633),.UNSPECIFIED.);
#162=B_SPLINE_CURVE_WITH_KNOTS('',1,(#5607,#5608),.UNSPECIFIED.,.F.,.F.,
(2,2),(0.679951386623165,0.779951386623165),.UNSPECIFIED.);
#163=B_SPLINE_CURVE_WITH_KNOTS('',1,(#5609,#5610),.UNSPECIFIED.,.F.,.F.,
(2,2),(0.030000000000001,0.841269290375206),.UNSPECIFIED.);
#164=B_SPLINE_CURVE_WITH_KNOTS('',1,(#5611,#5612),.UNSPECIFIED.,.F.,.F.,
(2,2),(0.0299999999999991,0.791269290375204),.UNSPECIFIED.);
#165=B_SPLINE_CURVE_WITH_KNOTS('',1,(#5613,#5614),.UNSPECIFIED.,.F.,.F.,
(2,2),(-0.679951386623165,0.),.UNSPECIFIED.);
#166=B_SPLINE_CURVE_WITH_KNOTS('',1,(#5615,#5616),.UNSPECIFIED.,.F.,.F.,
(2,2),(-0.779951386623165,-0.679951386623165),.UNSPECIFIED.);
#167=B_SPLINE_CURVE_WITH_KNOTS('',1,(#5617,#5618),.UNSPECIFIED.,.F.,.F.,
(2,2),(0.779951386623165,1.45990277324633),.UNSPECIFIED.);
#168=B_SPLINE_CURVE_WITH_KNOTS('',1,(#5619,#5620),.UNSPECIFIED.,.F.,.F.,
(2,2),(0.679951386623165,0.779951386623165),.UNSPECIFIED.);
#169=B_SPLINE_CURVE_WITH_KNOTS('',1,(#5621,#5622),.UNSPECIFIED.,.F.,.F.,
(2,2),(0.,0.679951386623166),.UNSPECIFIED.);
#170=B_SPLINE_CURVE_WITH_KNOTS('',1,(#5623,#5624),.UNSPECIFIED.,.F.,.F.,
(2,2),(0.03,0.649951386623164),.UNSPECIFIED.);
#171=B_SPLINE_CURVE_WITH_KNOTS('',1,(#5625,#5626),.UNSPECIFIED.,.F.,.F.,
(2,2),(-0.871269290375204,0.),.UNSPECIFIED.);
#172=B_SPLINE_CURVE_WITH_KNOTS('',1,(#5627,#5628),.UNSPECIFIED.,.F.,.F.,
(2,2),(-1.79253858075041,-0.971269290375204),.UNSPECIFIED.);
#173=B_SPLINE_CURVE_WITH_KNOTS('',1,(#5629,#5630),.UNSPECIFIED.,.F.,.F.,
(2,2),(-2.71380787112561,-1.89253858075041),.UNSPECIFIED.);
#174=B_SPLINE_CURVE_WITH_KNOTS('',1,(#5631,#5632),.UNSPECIFIED.,.F.,.F.,
(2,2),(2.81380787112561,3.68507716150081),.UNSPECIFIED.);
#175=B_SPLINE_CURVE_WITH_KNOTS('',1,(#5633,#5634),.UNSPECIFIED.,.F.,.F.,
(2,2),(1.89253858075041,2.71380787112561),.UNSPECIFIED.);
#176=B_SPLINE_CURVE_WITH_KNOTS('',1,(#5635,#5636),.UNSPECIFIED.,.F.,.F.,
(2,2),(0.971269290375203,1.79253858075041),.UNSPECIFIED.);
#177=B_SPLINE_CURVE_WITH_KNOTS('',1,(#5637,#5638),.UNSPECIFIED.,.F.,.F.,
(2,2),(0.,0.679951386623165),.UNSPECIFIED.);
#178=B_SPLINE_CURVE_WITH_KNOTS('',1,(#5639,#5640),.UNSPECIFIED.,.F.,.F.,
(2,2),(0.,0.871269290375204),.UNSPECIFIED.);
#179=B_SPLINE_CURVE_WITH_KNOTS('',1,(#5641,#5642),.UNSPECIFIED.,.F.,.F.,
(2,2),(0.0300000000000015,0.841269290375202),.UNSPECIFIED.);
#180=B_SPLINE_CURVE_WITH_KNOTS('',1,(#5643,#5644),.UNSPECIFIED.,.F.,.F.,
(2,2),(0.0300000000000002,0.649951386623164),.UNSPECIFIED.);
#181=B_SPLINE_CURVE_WITH_KNOTS('',1,(#5645,#5646),.UNSPECIFIED.,.F.,.F.,
(2,2),(0.0300000000000002,0.649951386623166),.UNSPECIFIED.);
#182=B_SPLINE_CURVE_WITH_KNOTS('',1,(#5647,#5648),.UNSPECIFIED.,.F.,.F.,
(2,2),(0.0299999999999994,0.841269290375204),.UNSPECIFIED.);
#183=B_SPLINE_CURVE_WITH_KNOTS('',1,(#5649,#5650),.UNSPECIFIED.,.F.,.F.,
(2,2),(0.,0.679951386623165),.UNSPECIFIED.);
#184=B_SPLINE_CURVE_WITH_KNOTS('',1,(#5651,#5652),.UNSPECIFIED.,.F.,.F.,
(2,2),(0.,0.679951386623165),.UNSPECIFIED.);
#185=B_SPLINE_CURVE_WITH_KNOTS('',1,(#5653,#5654),.UNSPECIFIED.,.F.,.F.,
(2,2),(0.,0.679951386623165),.UNSPECIFIED.);
#186=B_SPLINE_CURVE_WITH_KNOTS('',1,(#5655,#5656),.UNSPECIFIED.,.F.,.F.,
(2,2),(0.0299999999999994,0.649951386623165),.UNSPECIFIED.);
#187=B_SPLINE_CURVE_WITH_KNOTS('',1,(#5657,#5658),.UNSPECIFIED.,.F.,.F.,
(2,2),(0.0300000000000004,0.791269290375203),.UNSPECIFIED.);
#188=B_SPLINE_CURVE_WITH_KNOTS('',1,(#5659,#5660),.UNSPECIFIED.,.F.,.F.,
(2,2),(0.0300000000000002,0.649951386623166),.UNSPECIFIED.);
#189=B_SPLINE_CURVE_WITH_KNOTS('',1,(#5661,#5662),.UNSPECIFIED.,.F.,.F.,
(2,2),(0.0300000000000002,0.791269290375204),.UNSPECIFIED.);
#190=B_SPLINE_CURVE_WITH_KNOTS('',1,(#5663,#5664),.UNSPECIFIED.,.F.,.F.,
(2,2),(0.,0.679951386623165),.UNSPECIFIED.);
#191=B_SPLINE_CURVE_WITH_KNOTS('',1,(#5665,#5666),.UNSPECIFIED.,.F.,.F.,
(2,2),(0.,0.679951386623165),.UNSPECIFIED.);
#192=B_SPLINE_CURVE_WITH_KNOTS('',1,(#5667,#5668),.UNSPECIFIED.,.F.,.F.,
(2,2),(0.,0.679951386623165),.UNSPECIFIED.);
#193=B_SPLINE_CURVE_WITH_KNOTS('',1,(#5669,#5670),.UNSPECIFIED.,.F.,.F.,
(2,2),(0.0299999999999998,0.649951386623165),.UNSPECIFIED.);
#194=B_SPLINE_CURVE_WITH_KNOTS('',1,(#5671,#5672),.UNSPECIFIED.,.F.,.F.,
(2,2),(0.0300000000000007,0.649951386623166),.UNSPECIFIED.);
#195=B_SPLINE_CURVE_WITH_KNOTS('',1,(#5673,#5674),.UNSPECIFIED.,.F.,.F.,
(2,2),(0.0300000000000001,0.841269290375204),.UNSPECIFIED.);
#196=B_SPLINE_CURVE_WITH_KNOTS('',1,(#5675,#5676),.UNSPECIFIED.,.F.,.F.,
(2,2),(0.0300000000000003,0.841269290375204),.UNSPECIFIED.);
#197=B_SPLINE_CURVE_WITH_KNOTS('',1,(#5677,#5678),.UNSPECIFIED.,.F.,.F.,
(2,2),(0.0300000000000002,0.649951386623166),.UNSPECIFIED.);
#198=B_SPLINE_CURVE_WITH_KNOTS('',1,(#5679,#5680),.UNSPECIFIED.,.F.,.F.,
(2,2),(0.0299999999999993,0.791269290375204),.UNSPECIFIED.);
#199=B_SPLINE_CURVE_WITH_KNOTS('',1,(#5681,#5682),.UNSPECIFIED.,.F.,.F.,
(2,2),(0.0299999999999994,0.791269290375204),.UNSPECIFIED.);
#200=B_SPLINE_CURVE_WITH_KNOTS('',1,(#5683,#5684),.UNSPECIFIED.,.F.,.F.,
(2,2),(0.0299999999999998,0.649951386623165),.UNSPECIFIED.);
#201=B_SPLINE_CURVE_WITH_KNOTS('',1,(#5685,#5686),.UNSPECIFIED.,.F.,.F.,
(2,2),(0.,0.871269290375204),.UNSPECIFIED.);
#202=B_SPLINE_CURVE_WITH_KNOTS('',1,(#5687,#5688),.UNSPECIFIED.,.F.,.F.,
(2,2),(0.,0.821269290375204),.UNSPECIFIED.);
#203=B_SPLINE_CURVE_WITH_KNOTS('',1,(#5689,#5690),.UNSPECIFIED.,.F.,.F.,
(2,2),(0.,0.871269290375205),.UNSPECIFIED.);
#204=B_SPLINE_CURVE_WITH_KNOTS('',1,(#5691,#5692),.UNSPECIFIED.,.F.,.F.,
(2,2),(0.,0.821269290375204),.UNSPECIFIED.);
#205=B_SPLINE_CURVE_WITH_KNOTS('',1,(#5693,#5694),.UNSPECIFIED.,.F.,.F.,
(2,2),(0.,0.821269290375204),.UNSPECIFIED.);
#206=B_SPLINE_CURVE_WITH_KNOTS('',1,(#5695,#5696),.UNSPECIFIED.,.F.,.F.,
(2,2),(0.,0.871269290375204),.UNSPECIFIED.);
#207=B_SPLINE_CURVE_WITH_KNOTS('',1,(#5697,#5698),.UNSPECIFIED.,.F.,.F.,
(2,2),(0.,0.821269290375204),.UNSPECIFIED.);
#208=B_SPLINE_CURVE_WITH_KNOTS('',1,(#5699,#5700),.UNSPECIFIED.,.F.,.F.,
(2,2),(0.,0.871269290375204),.UNSPECIFIED.);
#209=B_SPLINE_CURVE_WITH_KNOTS('',3,(#5701,#5702,#5703,#5704,#5705,#5706,
#5707,#5708,#5709,#5710,#5711,#5712),.UNSPECIFIED.,.F.,.F.,(4,1,1,1,1,1,
1,1,1,4),(0.,0.00487251360288564,0.0101469475386348,0.0159084576975426,
0.0221895330303829,0.0289393149018454,0.0360211248336257,0.0432379719421031,
0.0503732554703016,0.0572303074151306),.UNSPECIFIED.);
#210=B_SPLINE_CURVE_WITH_KNOTS('',3,(#5713,#5714,#5715,#5716,#5717,#5718,
#5719,#5720,#5721,#5722,#5723,#5724),.UNSPECIFIED.,.F.,.F.,(4,1,1,1,1,1,
1,1,1,4),(0.,0.00487251360288568,0.0101469475386351,0.0159084576975426,
0.0221895330303832,0.0289393149018451,0.0360211248336256,0.0432379719421038,
0.0503732554703011,0.0572303074151308),.UNSPECIFIED.);
#211=B_SPLINE_CURVE_WITH_KNOTS('',3,(#5725,#5726,#5727,#5728,#5729,#5730,
#5731,#5732,#5733,#5734,#5735,#5736),.UNSPECIFIED.,.F.,.F.,(4,1,1,1,1,1,
1,1,1,4),(-0.0572303074151312,-0.050373255470301,-0.0432379719421035,-0.0360211248336257,
-0.0289393149018452,-0.0221895330303836,-0.0159084576975423,-0.0101469475386347,
-0.00487251360288566,0.),.UNSPECIFIED.);
#212=B_SPLINE_CURVE_WITH_KNOTS('',3,(#5737,#5738,#5739,#5740,#5741,#5742,
#5743,#5744,#5745,#5746,#5747,#5748),.UNSPECIFIED.,.F.,.F.,(4,1,1,1,1,1,
1,1,1,4),(0.,0.00487251360288576,0.010146947538635,0.0159084576975425,0.022189533030383,
0.0289393149018456,0.0360211248336255,0.0432379719421043,0.0503732554703008,
0.0572303074151303),.UNSPECIFIED.);
#213=B_SPLINE_CURVE_WITH_KNOTS('',3,(#5749,#5750,#5751,#5752,#5753,#5754,
#5755,#5756,#5757,#5758,#5759,#5760),.UNSPECIFIED.,.F.,.F.,(4,1,1,1,1,1,
1,1,1,4),(0.,0.0048725136028856,0.0101469475386349,0.0159084576975431,0.022189533030383,
0.0289393149018449,0.0360211248336259,0.0432379719421049,0.0503732554703015,
0.0572303074151318),.UNSPECIFIED.);
#214=B_SPLINE_CURVE_WITH_KNOTS('',3,(#5761,#5762,#5763,#5764,#5765,#5766,
#5767,#5768,#5769,#5770,#5771,#5772),.UNSPECIFIED.,.F.,.F.,(4,1,1,1,1,1,
1,1,1,4),(0.,0.00487251360288569,0.0101469475386348,0.0159084576975429,
0.0221895330303835,0.0289393149018453,0.0360211248336254,0.0432379719421029,
0.050373255470301,0.0572303074151305),.UNSPECIFIED.);
#215=B_SPLINE_CURVE_WITH_KNOTS('',3,(#5773,#5774,#5775,#5776,#5777,#5778,
#5779,#5780,#5781,#5782,#5783,#5784),.UNSPECIFIED.,.F.,.F.,(4,1,1,1,1,1,
1,1,1,4),(-0.0572303074151324,-0.0503732554703038,-0.0432379719421057,-0.0360211248336273,
-0.0289393149018468,-0.0221895330303852,-0.0159084576975448,-0.0101469475386371,
-0.004872513602888,0.),.UNSPECIFIED.);
#216=B_SPLINE_CURVE_WITH_KNOTS('',3,(#5785,#5786,#5787,#5788,#5789,#5790,
#5791,#5792,#5793,#5794,#5795,#5796),.UNSPECIFIED.,.F.,.F.,(4,1,1,1,1,1,
1,1,1,4),(-0.0572303074151315,-0.0503732554703011,-0.0432379719421034,-0.0360211248336255,
-0.0289393149018444,-0.0221895330303829,-0.0159084576975427,-0.0101469475386351,
-0.00487251360288567,0.),.UNSPECIFIED.);
#217=B_SPLINE_CURVE_WITH_KNOTS('',3,(#5797,#5798,#5799,#5800,#5801,#5802,
#5803,#5804,#5805,#5806,#5807,#5808),.UNSPECIFIED.,.F.,.F.,(4,1,1,1,1,1,
1,1,1,4),(-0.0572303074151308,-0.0503732554703,-0.0432379719421035,-0.0360211248336256,
-0.0289393149018452,-0.0221895330303825,-0.0159084576975428,-0.0101469475386347,
-0.00487251360288567,0.),.UNSPECIFIED.);
#218=B_SPLINE_CURVE_WITH_KNOTS('',3,(#5809,#5810,#5811,#5812,#5813,#5814,
#5815,#5816,#5817,#5818,#5819,#5820),.UNSPECIFIED.,.F.,.F.,(4,1,1,1,1,1,
1,1,1,4),(-0.0572303074151311,-0.050373255470301,-0.0432379719421035,-0.0360211248336242,
-0.0289393149018443,-0.0221895330303824,-0.015908457697543,-0.0101469475386345,
-0.00487251360288566,0.),.UNSPECIFIED.);
#219=B_SPLINE_CURVE_WITH_KNOTS('',3,(#5821,#5822,#5823,#5824,#5825,#5826,
#5827,#5828,#5829,#5830,#5831,#5832),.UNSPECIFIED.,.F.,.F.,(4,1,1,1,1,1,
1,1,1,4),(0.,0.00487251360288567,0.0101469475386348,0.0159084576975424,
0.0221895330303825,0.0289393149018448,0.0360211248336261,0.043237971942104,
0.0503732554703016,0.0572303074151312),.UNSPECIFIED.);
#220=B_SPLINE_CURVE_WITH_KNOTS('',3,(#5833,#5834,#5835,#5836,#5837,#5838,
#5839,#5840,#5841,#5842,#5843,#5844),.UNSPECIFIED.,.F.,.F.,(4,1,1,1,1,1,
1,1,1,4),(0.,0.00487251360288568,0.0101469475386348,0.0159084576975425,
0.0221895330303831,0.0289393149018452,0.0360211248336261,0.0432379719421035,
0.050373255470301,0.0572303074151305),.UNSPECIFIED.);
#221=B_SPLINE_CURVE_WITH_KNOTS('',3,(#5845,#5846,#5847,#5848,#5849,#5850,
#5851,#5852,#5853,#5854,#5855,#5856),.UNSPECIFIED.,.F.,.F.,(4,1,1,1,1,1,
1,1,1,4),(-0.0572303074151284,-0.0503732554702992,-0.0432379719421022,-0.0360211248336232,
-0.0289393149018431,-0.022189533030381,-0.0159084576975406,-0.0101469475386328,
-0.00487251360288365,0.),.UNSPECIFIED.);
#222=B_SPLINE_CURVE_WITH_KNOTS('',3,(#5857,#5858,#5859,#5860,#5861,#5862,
#5863,#5864,#5865,#5866,#5867,#5868),.UNSPECIFIED.,.F.,.F.,(4,1,1,1,1,1,
1,1,1,4),(0.,0.00487251360288571,0.0101469475386349,0.0159084576975426,
0.0221895330303834,0.0289393149018452,0.0360211248336261,0.0432379719421032,
0.0503732554703013,0.057230307415131),.UNSPECIFIED.);
#223=B_SPLINE_CURVE_WITH_KNOTS('',3,(#5869,#5870,#5871,#5872,#5873,#5874,
#5875,#5876,#5877,#5878,#5879,#5880),.UNSPECIFIED.,.F.,.F.,(4,1,1,1,1,1,
1,1,1,4),(-0.0572303074151303,-0.0503732554703008,-0.0432379719421033,-0.0360211248336252,
-0.0289393149018453,-0.0221895330303834,-0.0159084576975425,-0.0101469475386347,
-0.00487251360288548,0.),.UNSPECIFIED.);
#224=B_SPLINE_CURVE_WITH_KNOTS('',3,(#5881,#5882,#5883,#5884,#5885,#5886,
#5887,#5888,#5889,#5890,#5891,#5892),.UNSPECIFIED.,.F.,.F.,(4,1,1,1,1,1,
1,1,1,4),(0.,0.00487251360288837,0.0101469475386376,0.0159084576975462,
0.0221895330303856,0.0289393149018479,0.0360211248336284,0.0432379719421056,
0.0503732554703034,0.0572303074151334),.UNSPECIFIED.);
#225=B_SPLINE_CURVE_WITH_KNOTS('',3,(#5893,#5894,#5895,#5896,#5897,#5898,
#5899,#5900,#5901,#5902,#5903,#5904),.UNSPECIFIED.,.F.,.F.,(4,1,1,1,1,1,
1,1,1,4),(0.,0.00487251360288567,0.0101469475386349,0.0159084576975425,
0.0221895330303829,0.0289393149018457,0.0360211248336255,0.0432379719421036,
0.0503732554703011,0.057230307415131),.UNSPECIFIED.);
#226=B_SPLINE_CURVE_WITH_KNOTS('',3,(#5905,#5906,#5907,#5908,#5909,#5910,
#5911,#5912,#5913,#5914,#5915,#5916),.UNSPECIFIED.,.F.,.F.,(4,1,1,1,1,1,
1,1,1,4),(0.,0.00487251360288576,0.0101469475386347,0.0159084576975427,
0.0221895330303833,0.0289393149018454,0.0360211248336239,0.0432379719421026,
0.0503732554703012,0.0572303074151305),.UNSPECIFIED.);
#227=B_SPLINE_CURVE_WITH_KNOTS('',3,(#5917,#5918,#5919,#5920,#5921,#5922,
#5923,#5924,#5925,#5926,#5927,#5928),.UNSPECIFIED.,.F.,.F.,(4,1,1,1,1,1,
1,1,1,4),(-0.0572303074151306,-0.0503732554703005,-0.0432379719421036,-0.0360211248336259,
-0.0289393149018451,-0.0221895330303826,-0.015908457697542,-0.0101469475386348,
-0.00487251360288571,0.),.UNSPECIFIED.);
#228=B_SPLINE_CURVE_WITH_KNOTS('',3,(#5929,#5930,#5931,#5932,#5933,#5934,
#5935,#5936,#5937,#5938,#5939,#5940),.UNSPECIFIED.,.F.,.F.,(4,1,1,1,1,1,
1,1,1,4),(0.,0.00487251360288567,0.0101469475386345,0.0159084576975428,
0.0221895330303833,0.0289393149018464,0.0360211248336255,0.0432379719421029,
0.0503732554703008,0.0572303074151307),.UNSPECIFIED.);
#229=B_SPLINE_CURVE_WITH_KNOTS('',3,(#5941,#5942,#5943,#5944,#5945,#5946,
#5947,#5948,#5949,#5950,#5951,#5952),.UNSPECIFIED.,.F.,.F.,(4,1,1,1,1,1,
1,1,1,4),(-0.0572303074151306,-0.050373255470301,-0.0432379719421032,-0.0360211248336252,
-0.0289393149018453,-0.022189533030383,-0.0159084576975425,-0.0101469475386348,
-0.00487251360288576,0.),.UNSPECIFIED.);
#230=B_SPLINE_CURVE_WITH_KNOTS('',3,(#5953,#5954,#5955,#5956,#5957,#5958,
#5959,#5960,#5961,#5962,#5963,#5964),.UNSPECIFIED.,.F.,.F.,(4,1,1,1,1,1,
1,1,1,4),(0.,0.00487251360288575,0.0101469475386349,0.0159084576975423,
0.0221895330303826,0.0289393149018445,0.0360211248336261,0.0432379719421027,
0.050373255470301,0.0572303074151307),.UNSPECIFIED.);
#231=B_SPLINE_CURVE_WITH_KNOTS('',3,(#5965,#5966,#5967,#5968,#5969,#5970,
#5971,#5972,#5973,#5974,#5975,#5976),.UNSPECIFIED.,.F.,.F.,(4,1,1,1,1,1,
1,1,1,4),(-0.0572303074151291,-0.0503732554702999,-0.0432379719421004,-0.0360211248336232,
-0.028939314901843,-0.0221895330303807,-0.0159084576975405,-0.0101469475386321,
-0.00487251360288331,0.),.UNSPECIFIED.);
#232=B_SPLINE_CURVE_WITH_KNOTS('',3,(#5977,#5978,#5979,#5980,#5981,#5982,
#5983,#5984,#5985,#5986,#5987,#5988),.UNSPECIFIED.,.F.,.F.,(4,1,1,1,1,1,
1,1,1,4),(0.,0.00487251360289128,0.0101469475386406,0.0159084576975481,
0.0221895330303893,0.0289393149018501,0.0360211248336317,0.0432379719421087,
0.0503732554703077,0.057230307415136),.UNSPECIFIED.);
#233=B_SPLINE_CURVE_WITH_KNOTS('',3,(#5989,#5990,#5991,#5992,#5993,#5994,
#5995,#5996,#5997,#5998,#5999,#6000),.UNSPECIFIED.,.F.,.F.,(4,1,1,1,1,1,
1,1,1,4),(0.,0.00487251360288565,0.0101469475386349,0.015908457697543,0.0221895330303828,
0.0289393149018456,0.0360211248336264,0.0432379719421045,0.0503732554703009,
0.0572303074151312),.UNSPECIFIED.);
#234=B_SPLINE_CURVE_WITH_KNOTS('',3,(#6001,#6002,#6003,#6004,#6005,#6006,
#6007,#6008,#6009,#6010,#6011,#6012),.UNSPECIFIED.,.F.,.F.,(4,1,1,1,1,1,
1,1,1,4),(0.,0.00487251360289122,0.0101469475386405,0.0159084576975489,
0.0221895330303888,0.0289393149018511,0.0360211248336316,0.0432379719421091,
0.0503732554703069,0.0572303074151364),.UNSPECIFIED.);
#235=B_SPLINE_CURVE_WITH_KNOTS('',3,(#6013,#6014,#6015,#6016,#6017,#6018,
#6019,#6020,#6021,#6022,#6023,#6024),.UNSPECIFIED.,.F.,.F.,(4,1,1,1,1,1,
1,1,1,4),(0.,0.00487251360288567,0.0101469475386347,0.0159084576975423,
0.022189533030383,0.028939314901845,0.0360211248336258,0.0432379719421033,
0.0503732554703005,0.0572303074151308),.UNSPECIFIED.);
#236=B_SPLINE_CURVE_WITH_KNOTS('',3,(#6025,#6026,#6027,#6028,#6029,#6030,
#6031,#6032,#6033,#6034,#6035,#6036),.UNSPECIFIED.,.F.,.F.,(4,1,1,1,1,1,
1,1,1,4),(0.,0.00487251360288569,0.0101469475386347,0.015908457697543,0.0221895330303828,
0.0289393149018447,0.0360211248336255,0.0432379719421043,0.0503732554703014,
0.0572303074151305),.UNSPECIFIED.);
#237=B_SPLINE_CURVE_WITH_KNOTS('',3,(#6037,#6038,#6039,#6040,#6041,#6042,
#6043,#6044,#6045,#6046,#6047,#6048),.UNSPECIFIED.,.F.,.F.,(4,1,1,1,1,1,
1,1,1,4),(0.,0.00487251360288565,0.0101469475386349,0.0159084576975425,
0.0221895330303827,0.0289393149018457,0.0360211248336257,0.043237971942104,
0.0503732554703012,0.0572303074151315),.UNSPECIFIED.);
#238=B_SPLINE_CURVE_WITH_KNOTS('',3,(#6049,#6050,#6051,#6052,#6053,#6054,
#6055,#6056,#6057,#6058,#6059,#6060),.UNSPECIFIED.,.F.,.F.,(4,1,1,1,1,1,
1,1,1,4),(0.,0.00487251360288568,0.0101469475386349,0.0159084576975427,
0.0221895330303826,0.028939314901846,0.0360211248336256,0.0432379719421034,
0.0503732554703006,0.0572303074151304),.UNSPECIFIED.);
#239=B_SPLINE_CURVE_WITH_KNOTS('',3,(#6061,#6062,#6063,#6064,#6065,#6066,
#6067,#6068,#6069,#6070,#6071,#6072),.UNSPECIFIED.,.F.,.F.,(4,1,1,1,1,1,
1,1,1,4),(0.,0.00487251360288572,0.010146947538635,0.0159084576975428,0.0221895330303829,
0.0289393149018453,0.0360211248336258,0.0432379719421034,0.0503732554703007,
0.0572303074151304),.UNSPECIFIED.);
#240=B_SPLINE_CURVE_WITH_KNOTS('',3,(#6073,#6074,#6075,#6076,#6077,#6078,
#6079,#6080,#6081,#6082,#6083,#6084),.UNSPECIFIED.,.F.,.F.,(4,1,1,1,1,1,
1,1,1,4),(0.,0.00487251360288562,0.0101469475386346,0.0159084576975423,
0.0221895330303832,0.0289393149018453,0.036021124833626,0.0432379719421036,
0.0503732554703017,0.0572303074151306),.UNSPECIFIED.);
#241=B_SPLINE_CURVE_WITH_KNOTS('',1,(#6085,#6086),.UNSPECIFIED.,.F.,.F.,
(2,2),(-10.2899598694943,-8.83005709624796),.UNSPECIFIED.);
#242=B_SPLINE_CURVE_WITH_KNOTS('',1,(#6087,#6088),.UNSPECIFIED.,.F.,.F.,
(2,2),(-8.83005709624796,-5.14497993474714),.UNSPECIFIED.);
#243=B_SPLINE_CURVE_WITH_KNOTS('',1,(#6089,#6090),.UNSPECIFIED.,.F.,.F.,
(2,2),(-5.14497993474714,-3.68507716150081),.UNSPECIFIED.);
#244=B_SPLINE_CURVE_WITH_KNOTS('',1,(#6091,#6092),.UNSPECIFIED.,.F.,.F.,
(2,2),(-3.68507716150081,0.),.UNSPECIFIED.);
#245=B_SPLINE_CURVE_WITH_KNOTS('',1,(#6093,#6094),.UNSPECIFIED.,.F.,.F.,
(2,2),(0.,0.594583862049072),.UNSPECIFIED.);
#246=B_SPLINE_CURVE_WITH_KNOTS('',1,(#6095,#6096),.UNSPECIFIED.,.F.,.F.,
(2,2),(0.,0.594583862049072),.UNSPECIFIED.);
#247=B_SPLINE_CURVE_WITH_KNOTS('',1,(#6097,#6098),.UNSPECIFIED.,.F.,.F.,
(2,2),(0.,0.594583862049072),.UNSPECIFIED.);
#248=B_SPLINE_CURVE_WITH_KNOTS('',1,(#6099,#6100),.UNSPECIFIED.,.F.,.F.,
(2,2),(0.,0.594583862049072),.UNSPECIFIED.);
#249=B_SPLINE_CURVE_WITH_KNOTS('',1,(#6269,#6270),.UNSPECIFIED.,.F.,.F.,
(2,2),(0.0300000000000004,0.649951386623166),.UNSPECIFIED.);
#250=B_SPLINE_CURVE_WITH_KNOTS('',1,(#6271,#6272),.UNSPECIFIED.,.F.,.F.,
(2,2),(0.0299999999999998,0.649951386623165),.UNSPECIFIED.);
#251=B_SPLINE_CURVE_WITH_KNOTS('',1,(#6273,#6274),.UNSPECIFIED.,.F.,.F.,
(2,2),(0.,0.679951386623166),.UNSPECIFIED.);
#252=B_SPLINE_CURVE_WITH_KNOTS('',1,(#6275,#6276),.UNSPECIFIED.,.F.,.F.,
(2,2),(0.0300000000000002,0.791269290375204),.UNSPECIFIED.);
#253=B_SPLINE_CURVE_WITH_KNOTS('',1,(#6277,#6278),.UNSPECIFIED.,.F.,.F.,
(2,2),(-1.45990277324633,-0.779951386623165),.UNSPECIFIED.);
#254=B_SPLINE_CURVE_WITH_KNOTS('',1,(#6279,#6280),.UNSPECIFIED.,.F.,.F.,
(2,2),(0.,0.679951386623165),.UNSPECIFIED.);
#255=B_SPLINE_CURVE_WITH_KNOTS('',1,(#6281,#6282),.UNSPECIFIED.,.F.,.F.,
(2,2),(0.,0.0999999999999996),.UNSPECIFIED.);
#256=B_SPLINE_CURVE_WITH_KNOTS('',1,(#6283,#6284),.UNSPECIFIED.,.F.,.F.,
(2,2),(0.03,0.110502502642724),.UNSPECIFIED.);
#257=B_SPLINE_CURVE_WITH_KNOTS('',1,(#6285,#6286),.UNSPECIFIED.,.F.,.F.,
(2,2),(0.03,0.110502502642724),.UNSPECIFIED.);
#258=B_SPLINE_CURVE_WITH_KNOTS('',1,(#6287,#6288),.UNSPECIFIED.,.F.,.F.,
(2,2),(0.,0.0999999999999996),.UNSPECIFIED.);
#259=B_SPLINE_CURVE_WITH_KNOTS('',1,(#6289,#6290),.UNSPECIFIED.,.F.,.F.,
(2,2),(0.03,0.110502502642724),.UNSPECIFIED.);
#260=B_SPLINE_CURVE_WITH_KNOTS('',1,(#6291,#6292),.UNSPECIFIED.,.F.,.F.,
(2,2),(0.03,0.110502502642724),.UNSPECIFIED.);
#261=B_SPLINE_CURVE_WITH_KNOTS('',1,(#6293,#6294),.UNSPECIFIED.,.F.,.F.,
(2,2),(1.11022302462516E-16,0.821269290375204),.UNSPECIFIED.);
#262=B_SPLINE_CURVE_WITH_KNOTS('',1,(#6295,#6296),.UNSPECIFIED.,.F.,.F.,
(2,2),(8.32667268468867E-16,0.871269290375205),.UNSPECIFIED.);
#263=B_SPLINE_CURVE_WITH_KNOTS('',1,(#6297,#6298),.UNSPECIFIED.,.F.,.F.,
(2,2),(1.11022302462516E-16,0.679951386623166),.UNSPECIFIED.);
#264=B_SPLINE_CURVE_WITH_KNOTS('',1,(#6299,#6300),.UNSPECIFIED.,.F.,.F.,
(2,2),(0.0300000000000001,0.649951386623165),.UNSPECIFIED.);
#265=B_SPLINE_CURVE_WITH_KNOTS('',1,(#6301,#6302),.UNSPECIFIED.,.F.,.F.,
(2,2),(-1.45990277324633,-0.779951386623165),.UNSPECIFIED.);
#266=B_SPLINE_CURVE_WITH_KNOTS('',1,(#6303,#6304),.UNSPECIFIED.,.F.,.F.,
(2,2),(0.,0.679951386623165),.UNSPECIFIED.);
#267=B_SPLINE_CURVE_WITH_KNOTS('',1,(#6305,#6306),.UNSPECIFIED.,.F.,.F.,
(2,2),(0.,0.0999999999999996),.UNSPECIFIED.);
#268=B_SPLINE_CURVE_WITH_KNOTS('',1,(#6307,#6308),.UNSPECIFIED.,.F.,.F.,
(2,2),(0.03,0.110502502642724),.UNSPECIFIED.);
#269=B_SPLINE_CURVE_WITH_KNOTS('',1,(#6309,#6310),.UNSPECIFIED.,.F.,.F.,
(2,2),(0.03,0.110502502642724),.UNSPECIFIED.);
#270=B_SPLINE_CURVE_WITH_KNOTS('',1,(#6311,#6312),.UNSPECIFIED.,.F.,.F.,
(2,2),(0.,0.0999999999999996),.UNSPECIFIED.);
#271=B_SPLINE_CURVE_WITH_KNOTS('',1,(#6313,#6314),.UNSPECIFIED.,.F.,.F.,
(2,2),(0.03,0.110502502642724),.UNSPECIFIED.);
#272=B_SPLINE_CURVE_WITH_KNOTS('',1,(#6315,#6316),.UNSPECIFIED.,.F.,.F.,
(2,2),(0.03,0.110502502642724),.UNSPECIFIED.);
#273=B_SPLINE_CURVE_WITH_KNOTS('',1,(#6317,#6318),.UNSPECIFIED.,.F.,.F.,
(2,2),(0.0299999999999998,0.841269290375203),.UNSPECIFIED.);
#274=B_SPLINE_CURVE_WITH_KNOTS('',1,(#6319,#6320),.UNSPECIFIED.,.F.,.F.,
(2,2),(0.0300000000000001,0.649951386623165),.UNSPECIFIED.);
#275=B_SPLINE_CURVE_WITH_KNOTS('',1,(#6321,#6322),.UNSPECIFIED.,.F.,.F.,
(2,2),(0.0299999999999996,0.649951386623165),.UNSPECIFIED.);
#276=B_SPLINE_CURVE_WITH_KNOTS('',1,(#6323,#6324),.UNSPECIFIED.,.F.,.F.,
(2,2),(0.0299999999999998,0.791269290375204),.UNSPECIFIED.);
#277=B_SPLINE_CURVE_WITH_KNOTS('',1,(#6325,#6326),.UNSPECIFIED.,.F.,.F.,
(2,2),(-1.45990277324633,-0.779951386623165),.UNSPECIFIED.);
#278=B_SPLINE_CURVE_WITH_KNOTS('',1,(#6327,#6328),.UNSPECIFIED.,.F.,.F.,
(2,2),(0.,0.679951386623165),.UNSPECIFIED.);
#279=B_SPLINE_CURVE_WITH_KNOTS('',1,(#6329,#6330),.UNSPECIFIED.,.F.,.F.,
(2,2),(0.,0.0999999999999996),.UNSPECIFIED.);
#280=B_SPLINE_CURVE_WITH_KNOTS('',1,(#6331,#6332),.UNSPECIFIED.,.F.,.F.,
(2,2),(0.03,0.110502502642724),.UNSPECIFIED.);
#281=B_SPLINE_CURVE_WITH_KNOTS('',1,(#6333,#6334),.UNSPECIFIED.,.F.,.F.,
(2,2),(0.03,0.110502502642724),.UNSPECIFIED.);
#282=B_SPLINE_CURVE_WITH_KNOTS('',1,(#6335,#6336),.UNSPECIFIED.,.F.,.F.,
(2,2),(0.,0.0999999999999996),.UNSPECIFIED.);
#283=B_SPLINE_CURVE_WITH_KNOTS('',1,(#6337,#6338),.UNSPECIFIED.,.F.,.F.,
(2,2),(0.03,0.110502502642724),.UNSPECIFIED.);
#284=B_SPLINE_CURVE_WITH_KNOTS('',1,(#6339,#6340),.UNSPECIFIED.,.F.,.F.,
(2,2),(0.03,0.110502502642724),.UNSPECIFIED.);
#285=B_SPLINE_CURVE_WITH_KNOTS('',1,(#6341,#6342),.UNSPECIFIED.,.F.,.F.,
(2,2),(4.9960036108132E-16,0.821269290375204),.UNSPECIFIED.);
#286=B_SPLINE_CURVE_WITH_KNOTS('',1,(#6343,#6344),.UNSPECIFIED.,.F.,.F.,
(2,2),(2.77555756156289E-16,0.871269290375203),.UNSPECIFIED.);
#287=B_SPLINE_CURVE_WITH_KNOTS('',1,(#6345,#6346),.UNSPECIFIED.,.F.,.F.,
(2,2),(0.,0.871269290375203),.UNSPECIFIED.);
#288=B_SPLINE_CURVE_WITH_KNOTS('',1,(#6347,#6348),.UNSPECIFIED.,.F.,.F.,
(2,2),(7.7715611723761E-16,0.821269290375204),.UNSPECIFIED.);
#289=B_SPLINE_CURVE_WITH_KNOTS('',1,(#6349,#6350),.UNSPECIFIED.,.F.,.F.,
(2,2),(-3.68507716150081,-2.81380787112561),.UNSPECIFIED.);
#290=B_SPLINE_CURVE_WITH_KNOTS('',1,(#6351,#6352),.UNSPECIFIED.,.F.,.F.,
(2,2),(0.,0.871269290375204),.UNSPECIFIED.);
#291=B_SPLINE_CURVE_WITH_KNOTS('',1,(#6353,#6354),.UNSPECIFIED.,.F.,.F.,
(2,2),(0.,0.1),.UNSPECIFIED.);
#292=B_SPLINE_CURVE_WITH_KNOTS('',1,(#6355,#6356),.UNSPECIFIED.,.F.,.F.,
(2,2),(0.03,0.110502502642724),.UNSPECIFIED.);
#293=B_SPLINE_CURVE_WITH_KNOTS('',1,(#6357,#6358),.UNSPECIFIED.,.F.,.F.,
(2,2),(0.03,0.110502502642724),.UNSPECIFIED.);
#294=B_SPLINE_CURVE_WITH_KNOTS('',1,(#6359,#6360),.UNSPECIFIED.,.F.,.F.,
(2,2),(0.,0.1),.UNSPECIFIED.);
#295=B_SPLINE_CURVE_WITH_KNOTS('',1,(#6361,#6362),.UNSPECIFIED.,.F.,.F.,
(2,2),(0.03,0.110502502642724),.UNSPECIFIED.);
#296=B_SPLINE_CURVE_WITH_KNOTS('',1,(#6363,#6364),.UNSPECIFIED.,.F.,.F.,
(2,2),(0.03,0.110502502642724),.UNSPECIFIED.);
#297=B_SPLINE_CURVE_WITH_KNOTS('',1,(#6365,#6366),.UNSPECIFIED.,.F.,.F.,
(2,2),(-0.110502502642724,-0.03),.UNSPECIFIED.);
#298=B_SPLINE_CURVE_WITH_KNOTS('',1,(#6367,#6368),.UNSPECIFIED.,.F.,.F.,
(2,2),(0.03,0.110502502642724),.UNSPECIFIED.);
#299=B_SPLINE_CURVE_WITH_KNOTS('',1,(#6369,#6370),.UNSPECIFIED.,.F.,.F.,
(2,2),(0.03,0.110502502642724),.UNSPECIFIED.);
#300=B_SPLINE_CURVE_WITH_KNOTS('',1,(#6371,#6372),.UNSPECIFIED.,.F.,.F.,
(2,2),(-0.110502502642724,-0.03),.UNSPECIFIED.);
#301=B_SPLINE_CURVE_WITH_KNOTS('',1,(#6373,#6374),.UNSPECIFIED.,.F.,.F.,
(2,2),(0.0300000000000004,0.649951386623166),.UNSPECIFIED.);
#302=B_SPLINE_CURVE_WITH_KNOTS('',1,(#6375,#6376),.UNSPECIFIED.,.F.,.F.,
(2,2),(0.,0.679951386623165),.UNSPECIFIED.);
#303=B_SPLINE_CURVE_WITH_KNOTS('',1,(#6377,#6378),.UNSPECIFIED.,.F.,.F.,
(2,2),(-0.110502502642724,-0.03),.UNSPECIFIED.);
#304=B_SPLINE_CURVE_WITH_KNOTS('',1,(#6379,#6380),.UNSPECIFIED.,.F.,.F.,
(2,2),(0.03,0.110502502642724),.UNSPECIFIED.);
#305=B_SPLINE_CURVE_WITH_KNOTS('',1,(#6381,#6382),.UNSPECIFIED.,.F.,.F.,
(2,2),(0.03,0.110502502642724),.UNSPECIFIED.);
#306=B_SPLINE_CURVE_WITH_KNOTS('',1,(#6383,#6384),.UNSPECIFIED.,.F.,.F.,
(2,2),(-0.110502502642724,-0.03),.UNSPECIFIED.);
#307=B_SPLINE_CURVE_WITH_KNOTS('',1,(#6385,#6386),.UNSPECIFIED.,.F.,.F.,
(2,2),(0.,0.679951386623166),.UNSPECIFIED.);
#308=B_SPLINE_CURVE_WITH_KNOTS('',1,(#6387,#6388),.UNSPECIFIED.,.F.,.F.,
(2,2),(0.,0.679951386623165),.UNSPECIFIED.);
#309=B_SPLINE_CURVE_WITH_KNOTS('',1,(#6389,#6390),.UNSPECIFIED.,.F.,.F.,
(2,2),(-0.110502502642724,-0.03),.UNSPECIFIED.);
#310=B_SPLINE_CURVE_WITH_KNOTS('',1,(#6391,#6392),.UNSPECIFIED.,.F.,.F.,
(2,2),(0.03,0.110502502642724),.UNSPECIFIED.);
#311=B_SPLINE_CURVE_WITH_KNOTS('',1,(#6393,#6394),.UNSPECIFIED.,.F.,.F.,
(2,2),(0.03,0.110502502642724),.UNSPECIFIED.);
#312=B_SPLINE_CURVE_WITH_KNOTS('',1,(#6395,#6396),.UNSPECIFIED.,.F.,.F.,
(2,2),(-0.110502502642724,-0.03),.UNSPECIFIED.);
#313=B_SPLINE_CURVE_WITH_KNOTS('',1,(#6397,#6398),.UNSPECIFIED.,.F.,.F.,
(2,2),(0.0300000000000011,0.841269290375204),.UNSPECIFIED.);
#314=B_SPLINE_CURVE_WITH_KNOTS('',1,(#6399,#6400),.UNSPECIFIED.,.F.,.F.,
(2,2),(0.03,0.649951386623165),.UNSPECIFIED.);
#315=B_SPLINE_CURVE_WITH_KNOTS('',1,(#6401,#6402),.UNSPECIFIED.,.F.,.F.,
(2,2),(0.0300000000000011,0.841269290375204),.UNSPECIFIED.);
#316=B_SPLINE_CURVE_WITH_KNOTS('',1,(#6403,#6404),.UNSPECIFIED.,.F.,.F.,
(2,2),(0.,0.679951386623165),.UNSPECIFIED.);
#317=B_SPLINE_CURVE_WITH_KNOTS('',1,(#6405,#6406),.UNSPECIFIED.,.F.,.F.,
(2,2),(0.030000000000002,0.791269290375206),.UNSPECIFIED.);
#318=B_SPLINE_CURVE_WITH_KNOTS('',1,(#6407,#6408),.UNSPECIFIED.,.F.,.F.,
(2,2),(0.,0.679951386623165),.UNSPECIFIED.);
#319=B_SPLINE_CURVE_WITH_KNOTS('',1,(#6409,#6410),.UNSPECIFIED.,.F.,.F.,
(2,2),(-0.679951386623165,0.),.UNSPECIFIED.);
#320=B_SPLINE_CURVE_WITH_KNOTS('',1,(#6411,#6412),.UNSPECIFIED.,.F.,.F.,
(2,2),(-0.779951386623165,-0.679951386623165),.UNSPECIFIED.);
#321=B_SPLINE_CURVE_WITH_KNOTS('',1,(#6413,#6414),.UNSPECIFIED.,.F.,.F.,
(2,2),(0.779951386623165,1.45990277324633),.UNSPECIFIED.);
#322=B_SPLINE_CURVE_WITH_KNOTS('',1,(#6415,#6416),.UNSPECIFIED.,.F.,.F.,
(2,2),(0.679951386623165,0.779951386623165),.UNSPECIFIED.);
#323=B_SPLINE_CURVE_WITH_KNOTS('',1,(#6417,#6418),.UNSPECIFIED.,.F.,.F.,
(2,2),(0.,0.679951386623165),.UNSPECIFIED.);
#324=B_SPLINE_CURVE_WITH_KNOTS('',1,(#6419,#6420),.UNSPECIFIED.,.F.,.F.,
(2,2),(-5.55111512312578E-17,0.821269290375204),.UNSPECIFIED.);
#325=B_SPLINE_CURVE_WITH_KNOTS('',1,(#6421,#6422),.UNSPECIFIED.,.F.,.F.,
(2,2),(-0.679951386623165,0.),.UNSPECIFIED.);
#326=B_SPLINE_CURVE_WITH_KNOTS('',1,(#6423,#6424),.UNSPECIFIED.,.F.,.F.,
(2,2),(-0.779951386623165,-0.679951386623165),.UNSPECIFIED.);
#327=B_SPLINE_CURVE_WITH_KNOTS('',1,(#6425,#6426),.UNSPECIFIED.,.F.,.F.,
(2,2),(0.779951386623165,1.45990277324633),.UNSPECIFIED.);
#328=B_SPLINE_CURVE_WITH_KNOTS('',1,(#6427,#6428),.UNSPECIFIED.,.F.,.F.,
(2,2),(0.679951386623165,0.779951386623165),.UNSPECIFIED.);
#329=B_SPLINE_CURVE_WITH_KNOTS('',1,(#6429,#6430),.UNSPECIFIED.,.F.,.F.,
(2,2),(0.030000000000001,0.841269290375206),.UNSPECIFIED.);
#330=B_SPLINE_CURVE_WITH_KNOTS('',1,(#6431,#6432),.UNSPECIFIED.,.F.,.F.,
(2,2),(0.0299999999999991,0.791269290375204),.UNSPECIFIED.);
#331=B_SPLINE_CURVE_WITH_KNOTS('',1,(#6433,#6434),.UNSPECIFIED.,.F.,.F.,
(2,2),(-0.679951386623165,0.),.UNSPECIFIED.);
#332=B_SPLINE_CURVE_WITH_KNOTS('',1,(#6435,#6436),.UNSPECIFIED.,.F.,.F.,
(2,2),(-0.779951386623165,-0.679951386623165),.UNSPECIFIED.);
#333=B_SPLINE_CURVE_WITH_KNOTS('',1,(#6437,#6438),.UNSPECIFIED.,.F.,.F.,
(2,2),(0.779951386623165,1.45990277324633),.UNSPECIFIED.);
#334=B_SPLINE_CURVE_WITH_KNOTS('',1,(#6439,#6440),.UNSPECIFIED.,.F.,.F.,
(2,2),(0.679951386623165,0.779951386623165),.UNSPECIFIED.);
#335=B_SPLINE_CURVE_WITH_KNOTS('',1,(#6441,#6442),.UNSPECIFIED.,.F.,.F.,
(2,2),(0.,0.679951386623166),.UNSPECIFIED.);
#336=B_SPLINE_CURVE_WITH_KNOTS('',1,(#6443,#6444),.UNSPECIFIED.,.F.,.F.,
(2,2),(0.03,0.649951386623164),.UNSPECIFIED.);
#337=B_SPLINE_CURVE_WITH_KNOTS('',1,(#6445,#6446),.UNSPECIFIED.,.F.,.F.,
(2,2),(-0.871269290375204,0.),.UNSPECIFIED.);
#338=B_SPLINE_CURVE_WITH_KNOTS('',1,(#6447,#6448),.UNSPECIFIED.,.F.,.F.,
(2,2),(-1.79253858075041,-0.971269290375204),.UNSPECIFIED.);
#339=B_SPLINE_CURVE_WITH_KNOTS('',1,(#6449,#6450),.UNSPECIFIED.,.F.,.F.,
(2,2),(-2.71380787112561,-1.89253858075041),.UNSPECIFIED.);
#340=B_SPLINE_CURVE_WITH_KNOTS('',1,(#6451,#6452),.UNSPECIFIED.,.F.,.F.,
(2,2),(2.81380787112561,3.68507716150081),.UNSPECIFIED.);
#341=B_SPLINE_CURVE_WITH_KNOTS('',1,(#6453,#6454),.UNSPECIFIED.,.F.,.F.,
(2,2),(1.89253858075041,2.71380787112561),.UNSPECIFIED.);
#342=B_SPLINE_CURVE_WITH_KNOTS('',1,(#6455,#6456),.UNSPECIFIED.,.F.,.F.,
(2,2),(0.971269290375203,1.79253858075041),.UNSPECIFIED.);
#343=B_SPLINE_CURVE_WITH_KNOTS('',1,(#6457,#6458),.UNSPECIFIED.,.F.,.F.,
(2,2),(0.,0.679951386623165),.UNSPECIFIED.);
#344=B_SPLINE_CURVE_WITH_KNOTS('',1,(#6459,#6460),.UNSPECIFIED.,.F.,.F.,
(2,2),(0.,0.871269290375204),.UNSPECIFIED.);
#345=B_SPLINE_CURVE_WITH_KNOTS('',1,(#6461,#6462),.UNSPECIFIED.,.F.,.F.,
(2,2),(0.0300000000000015,0.841269290375202),.UNSPECIFIED.);
#346=B_SPLINE_CURVE_WITH_KNOTS('',1,(#6463,#6464),.UNSPECIFIED.,.F.,.F.,
(2,2),(0.0300000000000002,0.649951386623164),.UNSPECIFIED.);
#347=B_SPLINE_CURVE_WITH_KNOTS('',1,(#6465,#6466),.UNSPECIFIED.,.F.,.F.,
(2,2),(0.0300000000000002,0.649951386623166),.UNSPECIFIED.);
#348=B_SPLINE_CURVE_WITH_KNOTS('',1,(#6467,#6468),.UNSPECIFIED.,.F.,.F.,
(2,2),(0.0299999999999994,0.841269290375204),.UNSPECIFIED.);
#349=B_SPLINE_CURVE_WITH_KNOTS('',1,(#6469,#6470),.UNSPECIFIED.,.F.,.F.,
(2,2),(0.,0.679951386623165),.UNSPECIFIED.);
#350=B_SPLINE_CURVE_WITH_KNOTS('',1,(#6471,#6472),.UNSPECIFIED.,.F.,.F.,
(2,2),(0.,0.679951386623165),.UNSPECIFIED.);
#351=B_SPLINE_CURVE_WITH_KNOTS('',1,(#6473,#6474),.UNSPECIFIED.,.F.,.F.,
(2,2),(0.,0.679951386623165),.UNSPECIFIED.);
#352=B_SPLINE_CURVE_WITH_KNOTS('',1,(#6475,#6476),.UNSPECIFIED.,.F.,.F.,
(2,2),(0.0299999999999994,0.649951386623165),.UNSPECIFIED.);
#353=B_SPLINE_CURVE_WITH_KNOTS('',1,(#6477,#6478),.UNSPECIFIED.,.F.,.F.,
(2,2),(0.0300000000000004,0.791269290375203),.UNSPECIFIED.);
#354=B_SPLINE_CURVE_WITH_KNOTS('',1,(#6479,#6480),.UNSPECIFIED.,.F.,.F.,
(2,2),(0.0300000000000002,0.649951386623166),.UNSPECIFIED.);
#355=B_SPLINE_CURVE_WITH_KNOTS('',1,(#6481,#6482),.UNSPECIFIED.,.F.,.F.,
(2,2),(0.0300000000000002,0.791269290375204),.UNSPECIFIED.);
#356=B_SPLINE_CURVE_WITH_KNOTS('',1,(#6483,#6484),.UNSPECIFIED.,.F.,.F.,
(2,2),(0.,0.679951386623165),.UNSPECIFIED.);
#357=B_SPLINE_CURVE_WITH_KNOTS('',1,(#6485,#6486),.UNSPECIFIED.,.F.,.F.,
(2,2),(0.,0.679951386623165),.UNSPECIFIED.);
#358=B_SPLINE_CURVE_WITH_KNOTS('',1,(#6487,#6488),.UNSPECIFIED.,.F.,.F.,
(2,2),(0.,0.679951386623165),.UNSPECIFIED.);
#359=B_SPLINE_CURVE_WITH_KNOTS('',1,(#6489,#6490),.UNSPECIFIED.,.F.,.F.,
(2,2),(0.0299999999999998,0.649951386623165),.UNSPECIFIED.);
#360=B_SPLINE_CURVE_WITH_KNOTS('',1,(#6491,#6492),.UNSPECIFIED.,.F.,.F.,
(2,2),(0.0300000000000007,0.649951386623166),.UNSPECIFIED.);
#361=B_SPLINE_CURVE_WITH_KNOTS('',1,(#6493,#6494),.UNSPECIFIED.,.F.,.F.,
(2,2),(0.0300000000000001,0.841269290375204),.UNSPECIFIED.);
#362=B_SPLINE_CURVE_WITH_KNOTS('',1,(#6495,#6496),.UNSPECIFIED.,.F.,.F.,
(2,2),(0.0300000000000003,0.841269290375204),.UNSPECIFIED.);
#363=B_SPLINE_CURVE_WITH_KNOTS('',1,(#6497,#6498),.UNSPECIFIED.,.F.,.F.,
(2,2),(0.0300000000000002,0.649951386623166),.UNSPECIFIED.);
#364=B_SPLINE_CURVE_WITH_KNOTS('',1,(#6499,#6500),.UNSPECIFIED.,.F.,.F.,
(2,2),(0.0299999999999993,0.791269290375204),.UNSPECIFIED.);
#365=B_SPLINE_CURVE_WITH_KNOTS('',1,(#6501,#6502),.UNSPECIFIED.,.F.,.F.,
(2,2),(0.0299999999999994,0.791269290375204),.UNSPECIFIED.);
#366=B_SPLINE_CURVE_WITH_KNOTS('',1,(#6503,#6504),.UNSPECIFIED.,.F.,.F.,
(2,2),(0.0299999999999998,0.649951386623165),.UNSPECIFIED.);
#367=B_SPLINE_CURVE_WITH_KNOTS('',1,(#6505,#6506),.UNSPECIFIED.,.F.,.F.,
(2,2),(0.,0.871269290375204),.UNSPECIFIED.);
#368=B_SPLINE_CURVE_WITH_KNOTS('',1,(#6507,#6508),.UNSPECIFIED.,.F.,.F.,
(2,2),(0.,0.821269290375204),.UNSPECIFIED.);
#369=B_SPLINE_CURVE_WITH_KNOTS('',1,(#6509,#6510),.UNSPECIFIED.,.F.,.F.,
(2,2),(0.,0.871269290375205),.UNSPECIFIED.);
#370=B_SPLINE_CURVE_WITH_KNOTS('',1,(#6511,#6512),.UNSPECIFIED.,.F.,.F.,
(2,2),(0.,0.821269290375204),.UNSPECIFIED.);
#371=B_SPLINE_CURVE_WITH_KNOTS('',1,(#6513,#6514),.UNSPECIFIED.,.F.,.F.,
(2,2),(0.,0.821269290375204),.UNSPECIFIED.);
#372=B_SPLINE_CURVE_WITH_KNOTS('',1,(#6515,#6516),.UNSPECIFIED.,.F.,.F.,
(2,2),(0.,0.871269290375204),.UNSPECIFIED.);
#373=B_SPLINE_CURVE_WITH_KNOTS('',1,(#6517,#6518),.UNSPECIFIED.,.F.,.F.,
(2,2),(0.,0.821269290375204),.UNSPECIFIED.);
#374=B_SPLINE_CURVE_WITH_KNOTS('',1,(#6519,#6520),.UNSPECIFIED.,.F.,.F.,
(2,2),(0.,0.871269290375204),.UNSPECIFIED.);
#375=B_SPLINE_CURVE_WITH_KNOTS('',3,(#6521,#6522,#6523,#6524,#6525,#6526,
#6527,#6528,#6529,#6530,#6531,#6532),.UNSPECIFIED.,.F.,.F.,(4,1,1,1,1,1,
1,1,1,4),(0.,0.00487251360288564,0.0101469475386348,0.0159084576975426,
0.0221895330303829,0.0289393149018454,0.0360211248336257,0.0432379719421031,
0.0503732554703016,0.0572303074151306),.UNSPECIFIED.);
#376=B_SPLINE_CURVE_WITH_KNOTS('',3,(#6533,#6534,#6535,#6536,#6537,#6538,
#6539,#6540,#6541,#6542,#6543,#6544),.UNSPECIFIED.,.F.,.F.,(4,1,1,1,1,1,
1,1,1,4),(0.,0.00487251360288568,0.0101469475386351,0.0159084576975426,
0.0221895330303832,0.0289393149018451,0.0360211248336256,0.0432379719421038,
0.0503732554703011,0.0572303074151308),.UNSPECIFIED.);
#377=B_SPLINE_CURVE_WITH_KNOTS('',3,(#6545,#6546,#6547,#6548,#6549,#6550,
#6551,#6552,#6553,#6554,#6555,#6556),.UNSPECIFIED.,.F.,.F.,(4,1,1,1,1,1,
1,1,1,4),(-0.0572303074151312,-0.050373255470301,-0.0432379719421035,-0.0360211248336257,
-0.0289393149018452,-0.0221895330303836,-0.0159084576975423,-0.0101469475386347,
-0.00487251360288566,0.),.UNSPECIFIED.);
#378=B_SPLINE_CURVE_WITH_KNOTS('',3,(#6557,#6558,#6559,#6560,#6561,#6562,
#6563,#6564,#6565,#6566,#6567,#6568),.UNSPECIFIED.,.F.,.F.,(4,1,1,1,1,1,
1,1,1,4),(0.,0.00487251360288576,0.010146947538635,0.0159084576975425,0.022189533030383,
0.0289393149018456,0.0360211248336255,0.0432379719421043,0.0503732554703008,
0.0572303074151303),.UNSPECIFIED.);
#379=B_SPLINE_CURVE_WITH_KNOTS('',3,(#6569,#6570,#6571,#6572,#6573,#6574,
#6575,#6576,#6577,#6578,#6579,#6580),.UNSPECIFIED.,.F.,.F.,(4,1,1,1,1,1,
1,1,1,4),(0.,0.0048725136028856,0.0101469475386349,0.0159084576975431,0.022189533030383,
0.0289393149018449,0.0360211248336259,0.0432379719421049,0.0503732554703015,
0.0572303074151318),.UNSPECIFIED.);
#380=B_SPLINE_CURVE_WITH_KNOTS('',3,(#6581,#6582,#6583,#6584,#6585,#6586,
#6587,#6588,#6589,#6590,#6591,#6592),.UNSPECIFIED.,.F.,.F.,(4,1,1,1,1,1,
1,1,1,4),(0.,0.00487251360288569,0.0101469475386348,0.0159084576975429,
0.0221895330303835,0.0289393149018453,0.0360211248336254,0.0432379719421029,
0.050373255470301,0.0572303074151305),.UNSPECIFIED.);
#381=B_SPLINE_CURVE_WITH_KNOTS('',3,(#6593,#6594,#6595,#6596,#6597,#6598,
#6599,#6600,#6601,#6602,#6603,#6604),.UNSPECIFIED.,.F.,.F.,(4,1,1,1,1,1,
1,1,1,4),(-0.0572303074151324,-0.0503732554703038,-0.0432379719421057,-0.0360211248336273,
-0.0289393149018468,-0.0221895330303852,-0.0159084576975448,-0.0101469475386371,
-0.004872513602888,0.),.UNSPECIFIED.);
#382=B_SPLINE_CURVE_WITH_KNOTS('',3,(#6605,#6606,#6607,#6608,#6609,#6610,
#6611,#6612,#6613,#6614,#6615,#6616),.UNSPECIFIED.,.F.,.F.,(4,1,1,1,1,1,
1,1,1,4),(-0.0572303074151315,-0.0503732554703011,-0.0432379719421034,-0.0360211248336255,
-0.0289393149018444,-0.0221895330303829,-0.0159084576975427,-0.0101469475386351,
-0.00487251360288567,0.),.UNSPECIFIED.);
#383=B_SPLINE_CURVE_WITH_KNOTS('',3,(#6617,#6618,#6619,#6620,#6621,#6622,
#6623,#6624,#6625,#6626,#6627,#6628),.UNSPECIFIED.,.F.,.F.,(4,1,1,1,1,1,
1,1,1,4),(-0.0572303074151308,-0.0503732554703,-0.0432379719421035,-0.0360211248336256,
-0.0289393149018452,-0.0221895330303825,-0.0159084576975428,-0.0101469475386347,
-0.00487251360288567,0.),.UNSPECIFIED.);
#384=B_SPLINE_CURVE_WITH_KNOTS('',3,(#6629,#6630,#6631,#6632,#6633,#6634,
#6635,#6636,#6637,#6638,#6639,#6640),.UNSPECIFIED.,.F.,.F.,(4,1,1,1,1,1,
1,1,1,4),(-0.0572303074151311,-0.050373255470301,-0.0432379719421035,-0.0360211248336242,
-0.0289393149018443,-0.0221895330303824,-0.015908457697543,-0.0101469475386345,
-0.00487251360288566,0.),.UNSPECIFIED.);
#385=B_SPLINE_CURVE_WITH_KNOTS('',3,(#6641,#6642,#6643,#6644,#6645,#6646,
#6647,#6648,#6649,#6650,#6651,#6652),.UNSPECIFIED.,.F.,.F.,(4,1,1,1,1,1,
1,1,1,4),(0.,0.00487251360288567,0.0101469475386348,0.0159084576975424,
0.0221895330303825,0.0289393149018448,0.0360211248336261,0.043237971942104,
0.0503732554703016,0.0572303074151312),.UNSPECIFIED.);
#386=B_SPLINE_CURVE_WITH_KNOTS('',3,(#6653,#6654,#6655,#6656,#6657,#6658,
#6659,#6660,#6661,#6662,#6663,#6664),.UNSPECIFIED.,.F.,.F.,(4,1,1,1,1,1,
1,1,1,4),(0.,0.00487251360288568,0.0101469475386348,0.0159084576975425,
0.0221895330303831,0.0289393149018452,0.0360211248336261,0.0432379719421035,
0.050373255470301,0.0572303074151305),.UNSPECIFIED.);
#387=B_SPLINE_CURVE_WITH_KNOTS('',3,(#6665,#6666,#6667,#6668,#6669,#6670,
#6671,#6672,#6673,#6674,#6675,#6676),.UNSPECIFIED.,.F.,.F.,(4,1,1,1,1,1,
1,1,1,4),(-0.0572303074151284,-0.0503732554702992,-0.0432379719421022,-0.0360211248336232,
-0.0289393149018431,-0.022189533030381,-0.0159084576975406,-0.0101469475386328,
-0.00487251360288365,0.),.UNSPECIFIED.);
#388=B_SPLINE_CURVE_WITH_KNOTS('',3,(#6677,#6678,#6679,#6680,#6681,#6682,
#6683,#6684,#6685,#6686,#6687,#6688),.UNSPECIFIED.,.F.,.F.,(4,1,1,1,1,1,
1,1,1,4),(0.,0.00487251360288571,0.0101469475386349,0.0159084576975426,
0.0221895330303834,0.0289393149018452,0.0360211248336261,0.0432379719421032,
0.0503732554703013,0.057230307415131),.UNSPECIFIED.);
#389=B_SPLINE_CURVE_WITH_KNOTS('',3,(#6689,#6690,#6691,#6692,#6693,#6694,
#6695,#6696,#6697,#6698,#6699,#6700),.UNSPECIFIED.,.F.,.F.,(4,1,1,1,1,1,
1,1,1,4),(-0.0572303074151303,-0.0503732554703008,-0.0432379719421033,-0.0360211248336252,
-0.0289393149018453,-0.0221895330303834,-0.0159084576975425,-0.0101469475386347,
-0.00487251360288548,0.),.UNSPECIFIED.);
#390=B_SPLINE_CURVE_WITH_KNOTS('',3,(#6701,#6702,#6703,#6704,#6705,#6706,
#6707,#6708,#6709,#6710,#6711,#6712),.UNSPECIFIED.,.F.,.F.,(4,1,1,1,1,1,
1,1,1,4),(0.,0.00487251360288837,0.0101469475386376,0.0159084576975462,
0.0221895330303856,0.0289393149018479,0.0360211248336284,0.0432379719421056,
0.0503732554703034,0.0572303074151334),.UNSPECIFIED.);
#391=B_SPLINE_CURVE_WITH_KNOTS('',3,(#6713,#6714,#6715,#6716,#6717,#6718,
#6719,#6720,#6721,#6722,#6723,#6724),.UNSPECIFIED.,.F.,.F.,(4,1,1,1,1,1,
1,1,1,4),(0.,0.00487251360288567,0.0101469475386349,0.0159084576975425,
0.0221895330303829,0.0289393149018457,0.0360211248336255,0.0432379719421036,
0.0503732554703011,0.057230307415131),.UNSPECIFIED.);
#392=B_SPLINE_CURVE_WITH_KNOTS('',3,(#6725,#6726,#6727,#6728,#6729,#6730,
#6731,#6732,#6733,#6734,#6735,#6736),.UNSPECIFIED.,.F.,.F.,(4,1,1,1,1,1,
1,1,1,4),(0.,0.00487251360288576,0.0101469475386347,0.0159084576975427,
0.0221895330303833,0.0289393149018454,0.0360211248336239,0.0432379719421026,
0.0503732554703012,0.0572303074151305),.UNSPECIFIED.);
#393=B_SPLINE_CURVE_WITH_KNOTS('',3,(#6737,#6738,#6739,#6740,#6741,#6742,
#6743,#6744,#6745,#6746,#6747,#6748),.UNSPECIFIED.,.F.,.F.,(4,1,1,1,1,1,
1,1,1,4),(-0.0572303074151306,-0.0503732554703005,-0.0432379719421036,-0.0360211248336259,
-0.0289393149018451,-0.0221895330303826,-0.015908457697542,-0.0101469475386348,
-0.00487251360288571,0.),.UNSPECIFIED.);
#394=B_SPLINE_CURVE_WITH_KNOTS('',3,(#6749,#6750,#6751,#6752,#6753,#6754,
#6755,#6756,#6757,#6758,#6759,#6760),.UNSPECIFIED.,.F.,.F.,(4,1,1,1,1,1,
1,1,1,4),(0.,0.00487251360288567,0.0101469475386345,0.0159084576975428,
0.0221895330303833,0.0289393149018464,0.0360211248336255,0.0432379719421029,
0.0503732554703008,0.0572303074151307),.UNSPECIFIED.);
#395=B_SPLINE_CURVE_WITH_KNOTS('',3,(#6761,#6762,#6763,#6764,#6765,#6766,
#6767,#6768,#6769,#6770,#6771,#6772),.UNSPECIFIED.,.F.,.F.,(4,1,1,1,1,1,
1,1,1,4),(-0.0572303074151306,-0.050373255470301,-0.0432379719421032,-0.0360211248336252,
-0.0289393149018453,-0.022189533030383,-0.0159084576975425,-0.0101469475386348,
-0.00487251360288576,0.),.UNSPECIFIED.);
#396=B_SPLINE_CURVE_WITH_KNOTS('',3,(#6773,#6774,#6775,#6776,#6777,#6778,
#6779,#6780,#6781,#6782,#6783,#6784),.UNSPECIFIED.,.F.,.F.,(4,1,1,1,1,1,
1,1,1,4),(0.,0.00487251360288575,0.0101469475386349,0.0159084576975423,
0.0221895330303826,0.0289393149018445,0.0360211248336261,0.0432379719421027,
0.050373255470301,0.0572303074151307),.UNSPECIFIED.);
#397=B_SPLINE_CURVE_WITH_KNOTS('',3,(#6785,#6786,#6787,#6788,#6789,#6790,
#6791,#6792,#6793,#6794,#6795,#6796),.UNSPECIFIED.,.F.,.F.,(4,1,1,1,1,1,
1,1,1,4),(-0.0572303074151291,-0.0503732554702999,-0.0432379719421004,-0.0360211248336232,
-0.028939314901843,-0.0221895330303807,-0.0159084576975405,-0.0101469475386321,
-0.00487251360288331,0.),.UNSPECIFIED.);
#398=B_SPLINE_CURVE_WITH_KNOTS('',3,(#6797,#6798,#6799,#6800,#6801,#6802,
#6803,#6804,#6805,#6806,#6807,#6808),.UNSPECIFIED.,.F.,.F.,(4,1,1,1,1,1,
1,1,1,4),(0.,0.00487251360289128,0.0101469475386406,0.0159084576975481,
0.0221895330303893,0.0289393149018501,0.0360211248336317,0.0432379719421087,
0.0503732554703077,0.057230307415136),.UNSPECIFIED.);
#399=B_SPLINE_CURVE_WITH_KNOTS('',3,(#6809,#6810,#6811,#6812,#6813,#6814,
#6815,#6816,#6817,#6818,#6819,#6820),.UNSPECIFIED.,.F.,.F.,(4,1,1,1,1,1,
1,1,1,4),(0.,0.00487251360288565,0.0101469475386349,0.015908457697543,0.0221895330303828,
0.0289393149018456,0.0360211248336264,0.0432379719421045,0.0503732554703009,
0.0572303074151312),.UNSPECIFIED.);
#400=B_SPLINE_CURVE_WITH_KNOTS('',3,(#6821,#6822,#6823,#6824,#6825,#6826,
#6827,#6828,#6829,#6830,#6831,#6832),.UNSPECIFIED.,.F.,.F.,(4,1,1,1,1,1,
1,1,1,4),(0.,0.00487251360289122,0.0101469475386405,0.0159084576975489,
0.0221895330303888,0.0289393149018511,0.0360211248336316,0.0432379719421091,
0.0503732554703069,0.0572303074151364),.UNSPECIFIED.);
#401=B_SPLINE_CURVE_WITH_KNOTS('',3,(#6833,#6834,#6835,#6836,#6837,#6838,
#6839,#6840,#6841,#6842,#6843,#6844),.UNSPECIFIED.,.F.,.F.,(4,1,1,1,1,1,
1,1,1,4),(0.,0.00487251360288567,0.0101469475386347,0.0159084576975423,
0.022189533030383,0.028939314901845,0.0360211248336258,0.0432379719421033,
0.0503732554703005,0.0572303074151308),.UNSPECIFIED.);
#402=B_SPLINE_CURVE_WITH_KNOTS('',3,(#6845,#6846,#6847,#6848,#6849,#6850,
#6851,#6852,#6853,#6854,#6855,#6856),.UNSPECIFIED.,.F.,.F.,(4,1,1,1,1,1,
1,1,1,4),(0.,0.00487251360288569,0.0101469475386347,0.015908457697543,0.0221895330303828,
0.0289393149018447,0.0360211248336255,0.0432379719421043,0.0503732554703014,
0.0572303074151305),.UNSPECIFIED.);
#403=B_SPLINE_CURVE_WITH_KNOTS('',3,(#6857,#6858,#6859,#6860,#6861,#6862,
#6863,#6864,#6865,#6866,#6867,#6868),.UNSPECIFIED.,.F.,.F.,(4,1,1,1,1,1,
1,1,1,4),(0.,0.00487251360288565,0.0101469475386349,0.0159084576975425,
0.0221895330303827,0.0289393149018457,0.0360211248336257,0.043237971942104,
0.0503732554703012,0.0572303074151315),.UNSPECIFIED.);
#404=B_SPLINE_CURVE_WITH_KNOTS('',3,(#6869,#6870,#6871,#6872,#6873,#6874,
#6875,#6876,#6877,#6878,#6879,#6880),.UNSPECIFIED.,.F.,.F.,(4,1,1,1,1,1,
1,1,1,4),(0.,0.00487251360288568,0.0101469475386349,0.0159084576975427,
0.0221895330303826,0.028939314901846,0.0360211248336256,0.0432379719421034,
0.0503732554703006,0.0572303074151304),.UNSPECIFIED.);
#405=B_SPLINE_CURVE_WITH_KNOTS('',3,(#6881,#6882,#6883,#6884,#6885,#6886,
#6887,#6888,#6889,#6890,#6891,#6892),.UNSPECIFIED.,.F.,.F.,(4,1,1,1,1,1,
1,1,1,4),(0.,0.00487251360288572,0.010146947538635,0.0159084576975428,0.0221895330303829,
0.0289393149018453,0.0360211248336258,0.0432379719421034,0.0503732554703007,
0.0572303074151304),.UNSPECIFIED.);
#406=B_SPLINE_CURVE_WITH_KNOTS('',3,(#6893,#6894,#6895,#6896,#6897,#6898,
#6899,#6900,#6901,#6902,#6903,#6904),.UNSPECIFIED.,.F.,.F.,(4,1,1,1,1,1,
1,1,1,4),(0.,0.00487251360288562,0.0101469475386346,0.0159084576975423,
0.0221895330303832,0.0289393149018453,0.036021124833626,0.0432379719421036,
0.0503732554703017,0.0572303074151306),.UNSPECIFIED.);
#407=B_SPLINE_CURVE_WITH_KNOTS('',1,(#6905,#6906),.UNSPECIFIED.,.F.,.F.,
(2,2),(-10.2899598694943,-8.83005709624796),.UNSPECIFIED.);
#408=B_SPLINE_CURVE_WITH_KNOTS('',1,(#6907,#6908),.UNSPECIFIED.,.F.,.F.,
(2,2),(-8.83005709624796,-5.14497993474714),.UNSPECIFIED.);
#409=B_SPLINE_CURVE_WITH_KNOTS('',1,(#6909,#6910),.UNSPECIFIED.,.F.,.F.,
(2,2),(-5.14497993474714,-3.68507716150081),.UNSPECIFIED.);
#410=B_SPLINE_CURVE_WITH_KNOTS('',1,(#6911,#6912),.UNSPECIFIED.,.F.,.F.,
(2,2),(-3.68507716150081,0.),.UNSPECIFIED.);
#411=B_SPLINE_CURVE_WITH_KNOTS('',1,(#6913,#6914),.UNSPECIFIED.,.F.,.F.,
(2,2),(0.,0.594583862049072),.UNSPECIFIED.);
#412=B_SPLINE_CURVE_WITH_KNOTS('',1,(#6915,#6916),.UNSPECIFIED.,.F.,.F.,
(2,2),(0.,0.594583862049072),.UNSPECIFIED.);
#413=B_SPLINE_CURVE_WITH_KNOTS('',1,(#6917,#6918),.UNSPECIFIED.,.F.,.F.,
(2,2),(0.,0.594583862049072),.UNSPECIFIED.);
#414=B_SPLINE_CURVE_WITH_KNOTS('',1,(#6919,#6920),.UNSPECIFIED.,.F.,.F.,
(2,2),(0.,0.594583862049072),.UNSPECIFIED.);
#415=B_SPLINE_CURVE_WITH_KNOTS('',1,(#6921,#6922),.UNSPECIFIED.,.F.,.F.,
(2,2),(0.,0.800000000000001),.UNSPECIFIED.);
#416=CYLINDRICAL_SURFACE('',#3039,0.0652990998063684);
#417=CYLINDRICAL_SURFACE('',#3040,0.0652990998063684);
#418=CYLINDRICAL_SURFACE('',#3041,0.0652990998063721);
#419=CYLINDRICAL_SURFACE('',#3042,0.0652990998063739);
#420=CYLINDRICAL_SURFACE('',#3054,0.138817295398851);
#421=CYLINDRICAL_SURFACE('',#3056,0.138817295398852);
#422=CYLINDRICAL_SURFACE('',#3099,0.00952607040413689);
#423=CYLINDRICAL_SURFACE('',#3100,0.0104752733328222);
#424=CYLINDRICAL_SURFACE('',#3101,0.00952607040413511);
#425=CYLINDRICAL_SURFACE('',#3102,0.0104752733328236);
#426=CYLINDRICAL_SURFACE('',#3103,0.00952607040413866);
#427=CYLINDRICAL_SURFACE('',#3104,0.00952607040414111);
#428=CYLINDRICAL_SURFACE('',#3105,0.0104752733328222);
#429=CYLINDRICAL_SURFACE('',#3106,0.0104752733328213);
#430=CYLINDRICAL_SURFACE('',#3107,0.00952607040413556);
#431=CYLINDRICAL_SURFACE('',#3108,0.00952607040414177);
#432=CYLINDRICAL_SURFACE('',#3109,0.0104752733328217);
#433=CYLINDRICAL_SURFACE('',#3110,0.0104752733328213);
#434=CYLINDRICAL_SURFACE('',#3111,0.00952607040413866);
#435=CYLINDRICAL_SURFACE('',#3112,0.00952607040413866);
#436=CYLINDRICAL_SURFACE('',#3113,0.0104752733328222);
#437=CYLINDRICAL_SURFACE('',#3114,0.0104752733328199);
#438=CYLINDRICAL_SURFACE('',#3115,0.0104752733328203);
#439=CYLINDRICAL_SURFACE('',#3116,0.010475273332822);
#440=CYLINDRICAL_SURFACE('',#3117,0.0104752733328203);
#441=CYLINDRICAL_SURFACE('',#3118,0.0104752733328207);
#442=CYLINDRICAL_SURFACE('',#3119,0.0104752733328203);
#443=CYLINDRICAL_SURFACE('',#3120,0.010475273332822);
#444=CYLINDRICAL_SURFACE('',#3121,0.0104752733328203);
#445=CYLINDRICAL_SURFACE('',#3122,0.0104752733328207);
#446=CYLINDRICAL_SURFACE('',#3123,0.00952607040413511);
#447=CYLINDRICAL_SURFACE('',#3124,0.00952607040413689);
#448=CYLINDRICAL_SURFACE('',#3125,0.00952607040413778);
#449=CYLINDRICAL_SURFACE('',#3126,0.00952607040414355);
#450=CYLINDRICAL_SURFACE('',#3127,0.009526070404136);
#451=CYLINDRICAL_SURFACE('',#3128,0.00952607040414244);
#452=CYLINDRICAL_SURFACE('',#3129,0.00952607040413866);
#453=CYLINDRICAL_SURFACE('',#3130,0.00952607040413644);
#454=CYLINDRICAL_SURFACE('',#3171,0.00952607040414399);
#455=CYLINDRICAL_SURFACE('',#3172,0.0104752733328222);
#456=CYLINDRICAL_SURFACE('',#3173,0.00952607040414399);
#457=CYLINDRICAL_SURFACE('',#3174,0.0104752733328236);
#458=CYLINDRICAL_SURFACE('',#3175,0.00952607040414177);
#459=CYLINDRICAL_SURFACE('',#3176,0.00952607040413511);
#460=CYLINDRICAL_SURFACE('',#3177,0.0104752733328217);
#461=CYLINDRICAL_SURFACE('',#3178,0.0104752733328213);
#462=CYLINDRICAL_SURFACE('',#3179,0.00952607040414355);
#463=CYLINDRICAL_SURFACE('',#3180,0.00952607040413156);
#464=CYLINDRICAL_SURFACE('',#3181,0.0104752733328217);
#465=CYLINDRICAL_SURFACE('',#3182,0.0104752733328217);
#466=CYLINDRICAL_SURFACE('',#3183,0.00952607040414);
#467=CYLINDRICAL_SURFACE('',#3184,0.00952607040414377);
#468=CYLINDRICAL_SURFACE('',#3185,0.0104752733328222);
#469=CYLINDRICAL_SURFACE('',#3186,0.0104752733328199);
#470=CYLINDRICAL_SURFACE('',#3187,0.0104752733328203);
#471=CYLINDRICAL_SURFACE('',#3188,0.0104752733328215);
#472=CYLINDRICAL_SURFACE('',#3189,0.0104752733328203);
#473=CYLINDRICAL_SURFACE('',#3190,0.0104752733328213);
#474=CYLINDRICAL_SURFACE('',#3191,0.0104752733328203);
#475=CYLINDRICAL_SURFACE('',#3192,0.010475273332822);
#476=CYLINDRICAL_SURFACE('',#3193,0.0104752733328203);
#477=CYLINDRICAL_SURFACE('',#3194,0.0104752733328213);
#478=CYLINDRICAL_SURFACE('',#3195,0.00952607040414399);
#479=CYLINDRICAL_SURFACE('',#3196,0.00952607040414044);
#480=CYLINDRICAL_SURFACE('',#3197,0.00952607040414266);
#481=CYLINDRICAL_SURFACE('',#3198,0.009526070404136);
#482=CYLINDRICAL_SURFACE('',#3199,0.00952607040414155);
#483=CYLINDRICAL_SURFACE('',#3200,0.00952607040413156);
#484=CYLINDRICAL_SURFACE('',#3201,0.00952607040414133);
#485=CYLINDRICAL_SURFACE('',#3202,0.00952607040414466);
#486=MANIFOLD_SOLID_BREP('brep_1',#496);
#487=MANIFOLD_SOLID_BREP('brep_2',#497);
#488=MANIFOLD_SOLID_BREP('brep_3',#498);
#489=MANIFOLD_SOLID_BREP('brep_4',#499);
#490=MANIFOLD_SOLID_BREP('brep_5',#500);
#491=MANIFOLD_SOLID_BREP('brep_6',#501);
#492=MANIFOLD_SOLID_BREP('brep_7',#502);
#493=MANIFOLD_SOLID_BREP('brep_8',#503);
#494=MANIFOLD_SOLID_BREP('brep_9',#504);
#495=ADVANCED_BREP_SHAPE_REPRESENTATION('brep_rep_0',(#486,#487,#488,#489,
#490,#491,#492,#493,#494,#3209),#3024);
#496=CLOSED_SHELL('',(#505,#506,#507,#508));
#497=CLOSED_SHELL('',(#509,#510));
#498=CLOSED_SHELL('',(#511,#512,#513,#514,#515,#516,#517,#518,#519,#520,
#521,#522,#523,#524,#525,#526,#527,#528,#529,#530,#531,#532,#533,#534,#535,
#536,#537,#538,#539,#540));
#499=CLOSED_SHELL('',(#541,#542,#543,#544));
#500=CLOSED_SHELL('',(#545,#546,#547,#548));
#501=CLOSED_SHELL('',(#549,#550,#551,#552));
#502=CLOSED_SHELL('',(#553,#554,#555,#556,#557,#558,#559,#560,#561,#562,
#563,#564,#565,#566,#567));
#503=CLOSED_SHELL('',(#568,#569,#570,#571,#572,#573,#574,#575,#576,#577,
#578,#579,#580,#581,#582,#583,#584,#585,#586,#587,#588,#589,#590,#591,#592,
#593,#594,#595,#596,#597,#598,#599,#600,#601,#602,#603,#604,#605,#606,#607,
#608,#609,#610,#611,#612,#613,#614,#615,#616,#617,#618,#619,#620,#621,#622,
#623,#624,#625,#626,#627,#628,#629,#630,#631,#632,#633,#634,#635,#636,#637,
#638,#639));
#504=CLOSED_SHELL('',(#640,#641,#642,#643,#644,#645,#646,#647,#648,#649,
#650,#651,#652,#653,#654,#655,#656,#657,#658,#659,#660,#661,#662,#663,#664,
#665,#666,#667,#668,#669,#670,#671,#672,#673,#674,#675,#676,#677,#678,#679,
#680,#681,#682,#683,#684,#685,#686,#687,#688,#689,#690,#691,#692,#693,#694,
#695,#696,#697,#698,#699,#700,#701,#702,#703,#704,#705,#706,#707,#708,#709,
#710,#711));
#505=ADVANCED_FACE('',(#712),#2904,.T.);
#506=ADVANCED_FACE('',(#713),#2803,.T.);
#507=ADVANCED_FACE('',(#714),#2804,.T.);
#508=ADVANCED_FACE('',(#715),#2905,.T.);
#509=ADVANCED_FACE('',(#716),#2906,.T.);
#510=ADVANCED_FACE('',(#717),#2907,.T.);
#511=ADVANCED_FACE('',(#718),#2805,.T.);
#512=ADVANCED_FACE('',(#719),#2806,.T.);
#513=ADVANCED_FACE('',(#720),#2807,.T.);
#514=ADVANCED_FACE('',(#721),#2808,.T.);
#515=ADVANCED_FACE('',(#722),#2908,.T.);
#516=ADVANCED_FACE('',(#723),#2909,.T.);
#517=ADVANCED_FACE('',(#724),#2910,.T.);
#518=ADVANCED_FACE('',(#725),#2911,.T.);
#519=ADVANCED_FACE('',(#726),#416,.T.);
#520=ADVANCED_FACE('',(#727),#2912,.T.);
#521=ADVANCED_FACE('',(#728),#417,.T.);
#522=ADVANCED_FACE('',(#729),#2913,.T.);
#523=ADVANCED_FACE('',(#730),#2914,.T.);
#524=ADVANCED_FACE('',(#731),#2915,.T.);
#525=ADVANCED_FACE('',(#732),#418,.T.);
#526=ADVANCED_FACE('',(#733),#419,.T.);
#527=ADVANCED_FACE('',(#734),#2916,.T.);
#528=ADVANCED_FACE('',(#735),#2917,.T.);
#529=ADVANCED_FACE('',(#736),#2918,.T.);
#530=ADVANCED_FACE('',(#737),#2919,.T.);
#531=ADVANCED_FACE('',(#738),#2920,.T.);
#532=ADVANCED_FACE('',(#739),#2921,.T.);
#533=ADVANCED_FACE('',(#740),#2922,.T.);
#534=ADVANCED_FACE('',(#741),#2923,.T.);
#535=ADVANCED_FACE('',(#742,#18),#2809,.T.);
#536=ADVANCED_FACE('',(#743,#19),#2810,.T.);
#537=ADVANCED_FACE('',(#744),#2811,.T.);
#538=ADVANCED_FACE('',(#745),#2812,.T.);
#539=ADVANCED_FACE('',(#746),#2813,.T.);
#540=ADVANCED_FACE('',(#747),#2814,.T.);
#541=ADVANCED_FACE('',(#748),#14,.T.);
#542=ADVANCED_FACE('',(#749),#2815,.T.);
#543=ADVANCED_FACE('',(#750),#2816,.T.);
#544=ADVANCED_FACE('',(#751),#15,.T.);
#545=ADVANCED_FACE('',(#752),#16,.T.);
#546=ADVANCED_FACE('',(#753),#2817,.T.);
#547=ADVANCED_FACE('',(#754),#2818,.T.);
#548=ADVANCED_FACE('',(#755),#17,.T.);
#549=ADVANCED_FACE('',(#756),#2819,.T.);
#550=ADVANCED_FACE('',(#757),#420,.T.);
#551=ADVANCED_FACE('',(#758),#2820,.T.);
#552=ADVANCED_FACE('',(#759),#421,.T.);
#553=ADVANCED_FACE('',(#760),#2924,.T.);
#554=ADVANCED_FACE('',(#761),#2925,.T.);
#555=ADVANCED_FACE('',(#762),#2821,.T.);
#556=ADVANCED_FACE('',(#763),#2926,.T.);
#557=ADVANCED_FACE('',(#764),#2927,.T.);
#558=ADVANCED_FACE('',(#765,#20),#2822,.T.);
#559=ADVANCED_FACE('',(#766),#2928,.T.);
#560=ADVANCED_FACE('',(#767),#2929,.T.);
#561=ADVANCED_FACE('',(#768),#2930,.T.);
#562=ADVANCED_FACE('',(#769),#2931,.T.);
#563=ADVANCED_FACE('',(#770),#2823,.T.);
#564=ADVANCED_FACE('',(#771),#2932,.T.);
#565=ADVANCED_FACE('',(#772),#2933,.T.);
#566=ADVANCED_FACE('',(#773),#2934,.T.);
#567=ADVANCED_FACE('',(#774),#2935,.T.);
#568=ADVANCED_FACE('',(#775),#2824,.T.);
#569=ADVANCED_FACE('',(#776),#2825,.T.);
#570=ADVANCED_FACE('',(#777),#2826,.T.);
#571=ADVANCED_FACE('',(#778),#2827,.T.);
#572=ADVANCED_FACE('',(#779),#2828,.T.);
#573=ADVANCED_FACE('',(#780),#2829,.T.);
#574=ADVANCED_FACE('',(#781),#2830,.T.);
#575=ADVANCED_FACE('',(#782),#2831,.T.);
#576=ADVANCED_FACE('',(#783),#2832,.T.);
#577=ADVANCED_FACE('',(#784),#2833,.T.);
#578=ADVANCED_FACE('',(#785),#2834,.T.);
#579=ADVANCED_FACE('',(#786),#2835,.T.);
#580=ADVANCED_FACE('',(#787),#2836,.T.);
#581=ADVANCED_FACE('',(#788),#2837,.T.);
#582=ADVANCED_FACE('',(#789),#2838,.T.);
#583=ADVANCED_FACE('',(#790),#2839,.T.);
#584=ADVANCED_FACE('',(#791),#2840,.T.);
#585=ADVANCED_FACE('',(#792),#2841,.T.);
#586=ADVANCED_FACE('',(#793),#2842,.T.);
#587=ADVANCED_FACE('',(#794),#2843,.T.);
#588=ADVANCED_FACE('',(#795),#2844,.T.);
#589=ADVANCED_FACE('',(#796),#2845,.T.);
#590=ADVANCED_FACE('',(#797),#2846,.T.);
#591=ADVANCED_FACE('',(#798),#2847,.T.);
#592=ADVANCED_FACE('',(#799),#2848,.T.);
#593=ADVANCED_FACE('',(#800),#2849,.T.);
#594=ADVANCED_FACE('',(#801),#2850,.T.);
#595=ADVANCED_FACE('',(#802),#2851,.T.);
#596=ADVANCED_FACE('',(#803),#2852,.T.);
#597=ADVANCED_FACE('',(#804),#2853,.T.);
#598=ADVANCED_FACE('',(#805),#2854,.T.);
#599=ADVANCED_FACE('',(#806),#2855,.T.);
#600=ADVANCED_FACE('',(#807),#2856,.T.);
#601=ADVANCED_FACE('',(#808),#2857,.T.);
#602=ADVANCED_FACE('',(#809),#2858,.T.);
#603=ADVANCED_FACE('',(#810),#422,.T.);
#604=ADVANCED_FACE('',(#811),#423,.T.);
#605=ADVANCED_FACE('',(#812),#424,.T.);
#606=ADVANCED_FACE('',(#813),#425,.T.);
#607=ADVANCED_FACE('',(#814),#426,.T.);
#608=ADVANCED_FACE('',(#815),#427,.T.);
#609=ADVANCED_FACE('',(#816),#428,.T.);
#610=ADVANCED_FACE('',(#817),#429,.T.);
#611=ADVANCED_FACE('',(#818),#430,.T.);
#612=ADVANCED_FACE('',(#819),#431,.T.);
#613=ADVANCED_FACE('',(#820),#432,.T.);
#614=ADVANCED_FACE('',(#821),#433,.T.);
#615=ADVANCED_FACE('',(#822),#434,.T.);
#616=ADVANCED_FACE('',(#823),#435,.T.);
#617=ADVANCED_FACE('',(#824),#436,.T.);
#618=ADVANCED_FACE('',(#825),#437,.T.);
#619=ADVANCED_FACE('',(#826),#438,.T.);
#620=ADVANCED_FACE('',(#827),#439,.T.);
#621=ADVANCED_FACE('',(#828),#440,.T.);
#622=ADVANCED_FACE('',(#829),#441,.T.);
#623=ADVANCED_FACE('',(#830),#442,.T.);
#624=ADVANCED_FACE('',(#831),#443,.T.);
#625=ADVANCED_FACE('',(#832),#444,.T.);
#626=ADVANCED_FACE('',(#833),#445,.T.);
#627=ADVANCED_FACE('',(#834),#446,.T.);
#628=ADVANCED_FACE('',(#835),#447,.T.);
#629=ADVANCED_FACE('',(#836),#448,.T.);
#630=ADVANCED_FACE('',(#837),#449,.T.);
#631=ADVANCED_FACE('',(#838),#450,.T.);
#632=ADVANCED_FACE('',(#839),#451,.T.);
#633=ADVANCED_FACE('',(#840),#452,.T.);
#634=ADVANCED_FACE('',(#841),#453,.T.);
#635=ADVANCED_FACE('',(#842),#2859,.T.);
#636=ADVANCED_FACE('',(#843),#2860,.T.);
#637=ADVANCED_FACE('',(#844),#2861,.T.);
#638=ADVANCED_FACE('',(#845),#2862,.T.);
#639=ADVANCED_FACE('',(#846),#2863,.T.);
#640=ADVANCED_FACE('',(#847),#2864,.T.);
#641=ADVANCED_FACE('',(#848),#2865,.T.);
#642=ADVANCED_FACE('',(#849),#2866,.T.);
#643=ADVANCED_FACE('',(#850),#2867,.T.);
#644=ADVANCED_FACE('',(#851),#2868,.T.);
#645=ADVANCED_FACE('',(#852),#2869,.T.);
#646=ADVANCED_FACE('',(#853),#2870,.T.);
#647=ADVANCED_FACE('',(#854),#2871,.T.);
#648=ADVANCED_FACE('',(#855),#2872,.T.);
#649=ADVANCED_FACE('',(#856),#2873,.T.);
#650=ADVANCED_FACE('',(#857),#2874,.T.);
#651=ADVANCED_FACE('',(#858),#2875,.T.);
#652=ADVANCED_FACE('',(#859),#2876,.T.);
#653=ADVANCED_FACE('',(#860),#2877,.T.);
#654=ADVANCED_FACE('',(#861),#2878,.T.);
#655=ADVANCED_FACE('',(#862),#2879,.T.);
#656=ADVANCED_FACE('',(#863),#2880,.T.);
#657=ADVANCED_FACE('',(#864),#2881,.T.);
#658=ADVANCED_FACE('',(#865),#2882,.T.);
#659=ADVANCED_FACE('',(#866),#2883,.T.);
#660=ADVANCED_FACE('',(#867),#2884,.T.);
#661=ADVANCED_FACE('',(#868),#2885,.T.);
#662=ADVANCED_FACE('',(#869),#2886,.T.);
#663=ADVANCED_FACE('',(#870),#2887,.T.);
#664=ADVANCED_FACE('',(#871),#2888,.T.);
#665=ADVANCED_FACE('',(#872),#2889,.T.);
#666=ADVANCED_FACE('',(#873),#2890,.T.);
#667=ADVANCED_FACE('',(#874),#2891,.T.);
#668=ADVANCED_FACE('',(#875),#2892,.T.);
#669=ADVANCED_FACE('',(#876),#2893,.T.);
#670=ADVANCED_FACE('',(#877),#2894,.T.);
#671=ADVANCED_FACE('',(#878),#2895,.T.);
#672=ADVANCED_FACE('',(#879),#2896,.T.);
#673=ADVANCED_FACE('',(#880),#2897,.T.);
#674=ADVANCED_FACE('',(#881),#2898,.T.);
#675=ADVANCED_FACE('',(#882),#454,.T.);
#676=ADVANCED_FACE('',(#883),#455,.T.);
#677=ADVANCED_FACE('',(#884),#456,.T.);
#678=ADVANCED_FACE('',(#885),#457,.T.);
#679=ADVANCED_FACE('',(#886),#458,.T.);
#680=ADVANCED_FACE('',(#887),#459,.T.);
#681=ADVANCED_FACE('',(#888),#460,.T.);
#682=ADVANCED_FACE('',(#889),#461,.T.);
#683=ADVANCED_FACE('',(#890),#462,.T.);
#684=ADVANCED_FACE('',(#891),#463,.T.);
#685=ADVANCED_FACE('',(#892),#464,.T.);
#686=ADVANCED_FACE('',(#893),#465,.T.);
#687=ADVANCED_FACE('',(#894),#466,.T.);
#688=ADVANCED_FACE('',(#895),#467,.T.);
#689=ADVANCED_FACE('',(#896),#468,.T.);
#690=ADVANCED_FACE('',(#897),#469,.T.);
#691=ADVANCED_FACE('',(#898),#470,.T.);
#692=ADVANCED_FACE('',(#899),#471,.T.);
#693=ADVANCED_FACE('',(#900),#472,.T.);
#694=ADVANCED_FACE('',(#901),#473,.T.);
#695=ADVANCED_FACE('',(#902),#474,.T.);
#696=ADVANCED_FACE('',(#903),#475,.T.);
#697=ADVANCED_FACE('',(#904),#476,.T.);
#698=ADVANCED_FACE('',(#905),#477,.T.);
#699=ADVANCED_FACE('',(#906),#478,.T.);
#700=ADVANCED_FACE('',(#907),#479,.T.);
#701=ADVANCED_FACE('',(#908),#480,.T.);
#702=ADVANCED_FACE('',(#909),#481,.T.);
#703=ADVANCED_FACE('',(#910),#482,.T.);
#704=ADVANCED_FACE('',(#911),#483,.T.);
#705=ADVANCED_FACE('',(#912),#484,.T.);
#706=ADVANCED_FACE('',(#913),#485,.T.);
#707=ADVANCED_FACE('',(#914),#2899,.T.);
#708=ADVANCED_FACE('',(#915),#2900,.T.);
#709=ADVANCED_FACE('',(#916),#2901,.T.);
#710=ADVANCED_FACE('',(#917),#2902,.T.);
#711=ADVANCED_FACE('',(#918),#2903,.T.);
#712=FACE_OUTER_BOUND('',#919,.T.);
#713=FACE_OUTER_BOUND('',#920,.T.);
#714=FACE_OUTER_BOUND('',#921,.T.);
#715=FACE_OUTER_BOUND('',#922,.T.);
#716=FACE_OUTER_BOUND('',#923,.T.);
#717=FACE_OUTER_BOUND('',#924,.T.);
#718=FACE_OUTER_BOUND('',#925,.T.);
#719=FACE_OUTER_BOUND('',#926,.T.);
#720=FACE_OUTER_BOUND('',#927,.T.);
#721=FACE_OUTER_BOUND('',#928,.T.);
#722=FACE_OUTER_BOUND('',#929,.T.);
#723=FACE_OUTER_BOUND('',#930,.T.);
#724=FACE_OUTER_BOUND('',#931,.T.);
#725=FACE_OUTER_BOUND('',#932,.T.);
#726=FACE_OUTER_BOUND('',#933,.T.);
#727=FACE_OUTER_BOUND('',#934,.T.);
#728=FACE_OUTER_BOUND('',#935,.T.);
#729=FACE_OUTER_BOUND('',#936,.T.);
#730=FACE_OUTER_BOUND('',#937,.T.);
#731=FACE_OUTER_BOUND('',#938,.T.);
#732=FACE_OUTER_BOUND('',#939,.T.);
#733=FACE_OUTER_BOUND('',#940,.T.);
#734=FACE_OUTER_BOUND('',#941,.T.);
#735=FACE_OUTER_BOUND('',#942,.T.);
#736=FACE_OUTER_BOUND('',#943,.T.);
#737=FACE_OUTER_BOUND('',#944,.T.);
#738=FACE_OUTER_BOUND('',#945,.T.);
#739=FACE_OUTER_BOUND('',#946,.T.);
#740=FACE_OUTER_BOUND('',#947,.T.);
#741=FACE_OUTER_BOUND('',#948,.T.);
#742=FACE_OUTER_BOUND('',#949,.T.);
#743=FACE_OUTER_BOUND('',#951,.T.);
#744=FACE_OUTER_BOUND('',#953,.T.);
#745=FACE_OUTER_BOUND('',#954,.T.);
#746=FACE_OUTER_BOUND('',#955,.T.);
#747=FACE_OUTER_BOUND('',#956,.T.);
#748=FACE_OUTER_BOUND('',#957,.T.);
#749=FACE_OUTER_BOUND('',#958,.T.);
#750=FACE_OUTER_BOUND('',#959,.T.);
#751=FACE_OUTER_BOUND('',#960,.T.);
#752=FACE_OUTER_BOUND('',#961,.T.);
#753=FACE_OUTER_BOUND('',#962,.T.);
#754=FACE_OUTER_BOUND('',#963,.T.);
#755=FACE_OUTER_BOUND('',#964,.T.);
#756=FACE_OUTER_BOUND('',#965,.T.);
#757=FACE_OUTER_BOUND('',#966,.T.);
#758=FACE_OUTER_BOUND('',#967,.T.);
#759=FACE_OUTER_BOUND('',#968,.T.);
#760=FACE_OUTER_BOUND('',#969,.T.);
#761=FACE_OUTER_BOUND('',#970,.T.);
#762=FACE_OUTER_BOUND('',#971,.T.);
#763=FACE_OUTER_BOUND('',#972,.T.);
#764=FACE_OUTER_BOUND('',#973,.T.);
#765=FACE_OUTER_BOUND('',#974,.T.);
#766=FACE_OUTER_BOUND('',#976,.T.);
#767=FACE_OUTER_BOUND('',#977,.T.);
#768=FACE_OUTER_BOUND('',#978,.T.);
#769=FACE_OUTER_BOUND('',#979,.T.);
#770=FACE_OUTER_BOUND('',#980,.T.);
#771=FACE_OUTER_BOUND('',#981,.T.);
#772=FACE_OUTER_BOUND('',#982,.T.);
#773=FACE_OUTER_BOUND('',#983,.T.);
#774=FACE_OUTER_BOUND('',#984,.T.);
#775=FACE_OUTER_BOUND('',#985,.T.);
#776=FACE_OUTER_BOUND('',#986,.T.);
#777=FACE_OUTER_BOUND('',#987,.T.);
#778=FACE_OUTER_BOUND('',#988,.T.);
#779=FACE_OUTER_BOUND('',#989,.T.);
#780=FACE_OUTER_BOUND('',#990,.T.);
#781=FACE_OUTER_BOUND('',#991,.T.);
#782=FACE_OUTER_BOUND('',#992,.T.);
#783=FACE_OUTER_BOUND('',#993,.T.);
#784=FACE_OUTER_BOUND('',#994,.T.);
#785=FACE_OUTER_BOUND('',#995,.T.);
#786=FACE_OUTER_BOUND('',#996,.T.);
#787=FACE_OUTER_BOUND('',#997,.T.);
#788=FACE_OUTER_BOUND('',#998,.T.);
#789=FACE_OUTER_BOUND('',#999,.T.);
#790=FACE_OUTER_BOUND('',#1000,.T.);
#791=FACE_OUTER_BOUND('',#1001,.T.);
#792=FACE_OUTER_BOUND('',#1002,.T.);
#793=FACE_OUTER_BOUND('',#1003,.T.);
#794=FACE_OUTER_BOUND('',#1004,.T.);
#795=FACE_OUTER_BOUND('',#1005,.T.);
#796=FACE_OUTER_BOUND('',#1006,.T.);
#797=FACE_OUTER_BOUND('',#1007,.T.);
#798=FACE_OUTER_BOUND('',#1008,.T.);
#799=FACE_OUTER_BOUND('',#1009,.T.);
#800=FACE_OUTER_BOUND('',#1010,.T.);
#801=FACE_OUTER_BOUND('',#1011,.T.);
#802=FACE_OUTER_BOUND('',#1012,.T.);
#803=FACE_OUTER_BOUND('',#1013,.T.);
#804=FACE_OUTER_BOUND('',#1014,.T.);
#805=FACE_OUTER_BOUND('',#1015,.T.);
#806=FACE_OUTER_BOUND('',#1016,.T.);
#807=FACE_OUTER_BOUND('',#1017,.T.);
#808=FACE_OUTER_BOUND('',#1018,.T.);
#809=FACE_OUTER_BOUND('',#1019,.T.);
#810=FACE_OUTER_BOUND('',#1020,.T.);
#811=FACE_OUTER_BOUND('',#1021,.T.);
#812=FACE_OUTER_BOUND('',#1022,.T.);
#813=FACE_OUTER_BOUND('',#1023,.T.);
#814=FACE_OUTER_BOUND('',#1024,.T.);
#815=FACE_OUTER_BOUND('',#1025,.T.);
#816=FACE_OUTER_BOUND('',#1026,.T.);
#817=FACE_OUTER_BOUND('',#1027,.T.);
#818=FACE_OUTER_BOUND('',#1028,.T.);
#819=FACE_OUTER_BOUND('',#1029,.T.);
#820=FACE_OUTER_BOUND('',#1030,.T.);
#821=FACE_OUTER_BOUND('',#1031,.T.);
#822=FACE_OUTER_BOUND('',#1032,.T.);
#823=FACE_OUTER_BOUND('',#1033,.T.);
#824=FACE_OUTER_BOUND('',#1034,.T.);
#825=FACE_OUTER_BOUND('',#1035,.T.);
#826=FACE_OUTER_BOUND('',#1036,.T.);
#827=FACE_OUTER_BOUND('',#1037,.T.);
#828=FACE_OUTER_BOUND('',#1038,.T.);
#829=FACE_OUTER_BOUND('',#1039,.T.);
#830=FACE_OUTER_BOUND('',#1040,.T.);
#831=FACE_OUTER_BOUND('',#1041,.T.);
#832=FACE_OUTER_BOUND('',#1042,.T.);
#833=FACE_OUTER_BOUND('',#1043,.T.);
#834=FACE_OUTER_BOUND('',#1044,.T.);
#835=FACE_OUTER_BOUND('',#1045,.T.);
#836=FACE_OUTER_BOUND('',#1046,.T.);
#837=FACE_OUTER_BOUND('',#1047,.T.);
#838=FACE_OUTER_BOUND('',#1048,.T.);
#839=FACE_OUTER_BOUND('',#1049,.T.);
#840=FACE_OUTER_BOUND('',#1050,.T.);
#841=FACE_OUTER_BOUND('',#1051,.T.);
#842=FACE_OUTER_BOUND('',#1052,.T.);
#843=FACE_OUTER_BOUND('',#1053,.T.);
#844=FACE_OUTER_BOUND('',#1054,.T.);
#845=FACE_OUTER_BOUND('',#1055,.T.);
#846=FACE_OUTER_BOUND('',#1056,.T.);
#847=FACE_OUTER_BOUND('',#1057,.T.);
#848=FACE_OUTER_BOUND('',#1058,.T.);
#849=FACE_OUTER_BOUND('',#1059,.T.);
#850=FACE_OUTER_BOUND('',#1060,.T.);
#851=FACE_OUTER_BOUND('',#1061,.T.);
#852=FACE_OUTER_BOUND('',#1062,.T.);
#853=FACE_OUTER_BOUND('',#1063,.T.);
#854=FACE_OUTER_BOUND('',#1064,.T.);
#855=FACE_OUTER_BOUND('',#1065,.T.);
#856=FACE_OUTER_BOUND('',#1066,.T.);
#857=FACE_OUTER_BOUND('',#1067,.T.);
#858=FACE_OUTER_BOUND('',#1068,.T.);
#859=FACE_OUTER_BOUND('',#1069,.T.);
#860=FACE_OUTER_BOUND('',#1070,.T.);
#861=FACE_OUTER_BOUND('',#1071,.T.);
#862=FACE_OUTER_BOUND('',#1072,.T.);
#863=FACE_OUTER_BOUND('',#1073,.T.);
#864=FACE_OUTER_BOUND('',#1074,.T.);
#865=FACE_OUTER_BOUND('',#1075,.T.);
#866=FACE_OUTER_BOUND('',#1076,.T.);
#867=FACE_OUTER_BOUND('',#1077,.T.);
#868=FACE_OUTER_BOUND('',#1078,.T.);
#869=FACE_OUTER_BOUND('',#1079,.T.);
#870=FACE_OUTER_BOUND('',#1080,.T.);
#871=FACE_OUTER_BOUND('',#1081,.T.);
#872=FACE_OUTER_BOUND('',#1082,.T.);
#873=FACE_OUTER_BOUND('',#1083,.T.);
#874=FACE_OUTER_BOUND('',#1084,.T.);
#875=FACE_OUTER_BOUND('',#1085,.T.);
#876=FACE_OUTER_BOUND('',#1086,.T.);
#877=FACE_OUTER_BOUND('',#1087,.T.);
#878=FACE_OUTER_BOUND('',#1088,.T.);
#879=FACE_OUTER_BOUND('',#1089,.T.);
#880=FACE_OUTER_BOUND('',#1090,.T.);
#881=FACE_OUTER_BOUND('',#1091,.T.);
#882=FACE_OUTER_BOUND('',#1092,.T.);
#883=FACE_OUTER_BOUND('',#1093,.T.);
#884=FACE_OUTER_BOUND('',#1094,.T.);
#885=FACE_OUTER_BOUND('',#1095,.T.);
#886=FACE_OUTER_BOUND('',#1096,.T.);
#887=FACE_OUTER_BOUND('',#1097,.T.);
#888=FACE_OUTER_BOUND('',#1098,.T.);
#889=FACE_OUTER_BOUND('',#1099,.T.);
#890=FACE_OUTER_BOUND('',#1100,.T.);
#891=FACE_OUTER_BOUND('',#1101,.T.);
#892=FACE_OUTER_BOUND('',#1102,.T.);
#893=FACE_OUTER_BOUND('',#1103,.T.);
#894=FACE_OUTER_BOUND('',#1104,.T.);
#895=FACE_OUTER_BOUND('',#1105,.T.);
#896=FACE_OUTER_BOUND('',#1106,.T.);
#897=FACE_OUTER_BOUND('',#1107,.T.);
#898=FACE_OUTER_BOUND('',#1108,.T.);
#899=FACE_OUTER_BOUND('',#1109,.T.);
#900=FACE_OUTER_BOUND('',#1110,.T.);
#901=FACE_OUTER_BOUND('',#1111,.T.);
#902=FACE_OUTER_BOUND('',#1112,.T.);
#903=FACE_OUTER_BOUND('',#1113,.T.);
#904=FACE_OUTER_BOUND('',#1114,.T.);
#905=FACE_OUTER_BOUND('',#1115,.T.);
#906=FACE_OUTER_BOUND('',#1116,.T.);
#907=FACE_OUTER_BOUND('',#1117,.T.);
#908=FACE_OUTER_BOUND('',#1118,.T.);
#909=FACE_OUTER_BOUND('',#1119,.T.);
#910=FACE_OUTER_BOUND('',#1120,.T.);
#911=FACE_OUTER_BOUND('',#1121,.T.);
#912=FACE_OUTER_BOUND('',#1122,.T.);
#913=FACE_OUTER_BOUND('',#1123,.T.);
#914=FACE_OUTER_BOUND('',#1124,.T.);
#915=FACE_OUTER_BOUND('',#1125,.T.);
#916=FACE_OUTER_BOUND('',#1126,.T.);
#917=FACE_OUTER_BOUND('',#1127,.T.);
#918=FACE_OUTER_BOUND('',#1128,.T.);
#919=EDGE_LOOP('',(#1129,#1130,#1131,#1132));
#920=EDGE_LOOP('',(#1133,#1134));
#921=EDGE_LOOP('',(#1135,#1136));
#922=EDGE_LOOP('',(#1137,#1138,#1139,#1140));
#923=EDGE_LOOP('',(#1141,#1142));
#924=EDGE_LOOP('',(#1143,#1144));
#925=EDGE_LOOP('',(#1145,#1146,#1147,#1148));
#926=EDGE_LOOP('',(#1149,#1150,#1151,#1152));
#927=EDGE_LOOP('',(#1153,#1154,#1155,#1156));
#928=EDGE_LOOP('',(#1157,#1158,#1159,#1160));
#929=EDGE_LOOP('',(#1161,#1162,#1163,#1164));
#930=EDGE_LOOP('',(#1165,#1166,#1167,#1168));
#931=EDGE_LOOP('',(#1169,#1170,#1171,#1172));
#932=EDGE_LOOP('',(#1173,#1174,#1175,#1176));
#933=EDGE_LOOP('',(#1177,#1178,#1179,#1180));
#934=EDGE_LOOP('',(#1181,#1182,#1183,#1184));
#935=EDGE_LOOP('',(#1185,#1186,#1187,#1188));
#936=EDGE_LOOP('',(#1189,#1190,#1191,#1192));
#937=EDGE_LOOP('',(#1193,#1194,#1195,#1196));
#938=EDGE_LOOP('',(#1197,#1198,#1199,#1200));
#939=EDGE_LOOP('',(#1201,#1202,#1203,#1204));
#940=EDGE_LOOP('',(#1205,#1206,#1207,#1208));
#941=EDGE_LOOP('',(#1209,#1210,#1211));
#942=EDGE_LOOP('',(#1212,#1213,#1214));
#943=EDGE_LOOP('',(#1215,#1216,#1217));
#944=EDGE_LOOP('',(#1218,#1219,#1220));
#945=EDGE_LOOP('',(#1221,#1222,#1223));
#946=EDGE_LOOP('',(#1224,#1225,#1226));
#947=EDGE_LOOP('',(#1227,#1228,#1229));
#948=EDGE_LOOP('',(#1230,#1231,#1232));
#949=EDGE_LOOP('',(#1233,#1234,#1235,#1236));
#950=EDGE_LOOP('',(#1237,#1238,#1239,#1240));
#951=EDGE_LOOP('',(#1241,#1242,#1243,#1244));
#952=EDGE_LOOP('',(#1245,#1246,#1247,#1248));
#953=EDGE_LOOP('',(#1249,#1250,#1251,#1252));
#954=EDGE_LOOP('',(#1253,#1254,#1255,#1256));
#955=EDGE_LOOP('',(#1257,#1258,#1259,#1260));
#956=EDGE_LOOP('',(#1261,#1262,#1263,#1264));
#957=EDGE_LOOP('',(#1265,#1266,#1267,#1268));
#958=EDGE_LOOP('',(#1269,#1270));
#959=EDGE_LOOP('',(#1271,#1272));
#960=EDGE_LOOP('',(#1273,#1274,#1275,#1276));
#961=EDGE_LOOP('',(#1277,#1278,#1279,#1280));
#962=EDGE_LOOP('',(#1281,#1282));
#963=EDGE_LOOP('',(#1283,#1284));
#964=EDGE_LOOP('',(#1285,#1286,#1287,#1288));
#965=EDGE_LOOP('',(#1289,#1290));
#966=EDGE_LOOP('',(#1291,#1292,#1293,#1294));
#967=EDGE_LOOP('',(#1295,#1296));
#968=EDGE_LOOP('',(#1297,#1298,#1299,#1300));
#969=EDGE_LOOP('',(#1301,#1302,#1303,#1304));
#970=EDGE_LOOP('',(#1305,#1306,#1307,#1308));
#971=EDGE_LOOP('',(#1309,#1310,#1311,#1312));
#972=EDGE_LOOP('',(#1313,#1314,#1315,#1316));
#973=EDGE_LOOP('',(#1317,#1318,#1319,#1320));
#974=EDGE_LOOP('',(#1321,#1322));
#975=EDGE_LOOP('',(#1323,#1324));
#976=EDGE_LOOP('',(#1325,#1326,#1327,#1328));
#977=EDGE_LOOP('',(#1329,#1330,#1331,#1332));
#978=EDGE_LOOP('',(#1333,#1334,#1335,#1336));
#979=EDGE_LOOP('',(#1337,#1338,#1339,#1340));
#980=EDGE_LOOP('',(#1341,#1342,#1343,#1344));
#981=EDGE_LOOP('',(#1345,#1346,#1347,#1348));
#982=EDGE_LOOP('',(#1349,#1350,#1351,#1352));
#983=EDGE_LOOP('',(#1353,#1354,#1355,#1356));
#984=EDGE_LOOP('',(#1357,#1358,#1359,#1360));
#985=EDGE_LOOP('',(#1361,#1362,#1363,#1364));
#986=EDGE_LOOP('',(#1365,#1366,#1367,#1368));
#987=EDGE_LOOP('',(#1369,#1370,#1371,#1372));
#988=EDGE_LOOP('',(#1373,#1374,#1375,#1376));
#989=EDGE_LOOP('',(#1377,#1378,#1379,#1380));
#990=EDGE_LOOP('',(#1381,#1382,#1383,#1384));
#991=EDGE_LOOP('',(#1385,#1386,#1387,#1388));
#992=EDGE_LOOP('',(#1389,#1390,#1391,#1392));
#993=EDGE_LOOP('',(#1393,#1394,#1395,#1396));
#994=EDGE_LOOP('',(#1397,#1398,#1399,#1400));
#995=EDGE_LOOP('',(#1401,#1402,#1403,#1404,#1405,#1406,#1407,#1408));
#996=EDGE_LOOP('',(#1409,#1410,#1411,#1412));
#997=EDGE_LOOP('',(#1413,#1414,#1415,#1416));
#998=EDGE_LOOP('',(#1417,#1418,#1419,#1420));
#999=EDGE_LOOP('',(#1421,#1422,#1423,#1424,#1425,#1426,#1427,#1428));
#1000=EDGE_LOOP('',(#1429,#1430,#1431,#1432));
#1001=EDGE_LOOP('',(#1433,#1434,#1435,#1436));
#1002=EDGE_LOOP('',(#1437,#1438,#1439,#1440));
#1003=EDGE_LOOP('',(#1441,#1442,#1443,#1444,#1445,#1446,#1447,#1448));
#1004=EDGE_LOOP('',(#1449,#1450,#1451,#1452));
#1005=EDGE_LOOP('',(#1453,#1454,#1455,#1456));
#1006=EDGE_LOOP('',(#1457,#1458,#1459,#1460));
#1007=EDGE_LOOP('',(#1461,#1462,#1463,#1464));
#1008=EDGE_LOOP('',(#1465,#1466,#1467,#1468));
#1009=EDGE_LOOP('',(#1469,#1470,#1471,#1472));
#1010=EDGE_LOOP('',(#1473,#1474,#1475,#1476));
#1011=EDGE_LOOP('',(#1477,#1478,#1479,#1480));
#1012=EDGE_LOOP('',(#1481,#1482,#1483,#1484));
#1013=EDGE_LOOP('',(#1485,#1486,#1487,#1488));
#1014=EDGE_LOOP('',(#1489,#1490,#1491,#1492));
#1015=EDGE_LOOP('',(#1493,#1494,#1495,#1496));
#1016=EDGE_LOOP('',(#1497,#1498,#1499,#1500));
#1017=EDGE_LOOP('',(#1501,#1502,#1503,#1504));
#1018=EDGE_LOOP('',(#1505,#1506,#1507,#1508));
#1019=EDGE_LOOP('',(#1509,#1510,#1511,#1512));
#1020=EDGE_LOOP('',(#1513,#1514,#1515,#1516));
#1021=EDGE_LOOP('',(#1517,#1518,#1519,#1520));
#1022=EDGE_LOOP('',(#1521,#1522,#1523,#1524));
#1023=EDGE_LOOP('',(#1525,#1526,#1527,#1528));
#1024=EDGE_LOOP('',(#1529,#1530,#1531,#1532));
#1025=EDGE_LOOP('',(#1533,#1534,#1535,#1536));
#1026=EDGE_LOOP('',(#1537,#1538,#1539,#1540));
#1027=EDGE_LOOP('',(#1541,#1542,#1543,#1544));
#1028=EDGE_LOOP('',(#1545,#1546,#1547,#1548));
#1029=EDGE_LOOP('',(#1549,#1550,#1551,#1552));
#1030=EDGE_LOOP('',(#1553,#1554,#1555,#1556));
#1031=EDGE_LOOP('',(#1557,#1558,#1559,#1560));
#1032=EDGE_LOOP('',(#1561,#1562,#1563,#1564));
#1033=EDGE_LOOP('',(#1565,#1566,#1567,#1568));
#1034=EDGE_LOOP('',(#1569,#1570,#1571,#1572));
#1035=EDGE_LOOP('',(#1573,#1574,#1575,#1576));
#1036=EDGE_LOOP('',(#1577,#1578,#1579,#1580));
#1037=EDGE_LOOP('',(#1581,#1582,#1583,#1584));
#1038=EDGE_LOOP('',(#1585,#1586,#1587,#1588));
#1039=EDGE_LOOP('',(#1589,#1590,#1591,#1592));
#1040=EDGE_LOOP('',(#1593,#1594,#1595,#1596));
#1041=EDGE_LOOP('',(#1597,#1598,#1599,#1600));
#1042=EDGE_LOOP('',(#1601,#1602,#1603,#1604));
#1043=EDGE_LOOP('',(#1605,#1606,#1607,#1608));
#1044=EDGE_LOOP('',(#1609,#1610,#1611,#1612));
#1045=EDGE_LOOP('',(#1613,#1614,#1615,#1616));
#1046=EDGE_LOOP('',(#1617,#1618,#1619,#1620));
#1047=EDGE_LOOP('',(#1621,#1622,#1623,#1624));
#1048=EDGE_LOOP('',(#1625,#1626,#1627,#1628));
#1049=EDGE_LOOP('',(#1629,#1630,#1631,#1632));
#1050=EDGE_LOOP('',(#1633,#1634,#1635,#1636));
#1051=EDGE_LOOP('',(#1637,#1638,#1639,#1640));
#1052=EDGE_LOOP('',(#1641,#1642,#1643,#1644));
#1053=EDGE_LOOP('',(#1645,#1646,#1647,#1648,#1649,#1650,#1651,#1652));
#1054=EDGE_LOOP('',(#1653,#1654,#1655,#1656,#1657,#1658,#1659,#1660,#1661,
#1662,#1663,#1664,#1665,#1666,#1667,#1668));
#1055=EDGE_LOOP('',(#1669,#1670,#1671,#1672,#1673,#1674,#1675,#1676));
#1056=EDGE_LOOP('',(#1677,#1678,#1679,#1680,#1681,#1682,#1683,#1684,#1685,
#1686,#1687,#1688,#1689,#1690,#1691,#1692));
#1057=EDGE_LOOP('',(#1693,#1694,#1695,#1696));
#1058=EDGE_LOOP('',(#1697,#1698,#1699,#1700));
#1059=EDGE_LOOP('',(#1701,#1702,#1703,#1704));
#1060=EDGE_LOOP('',(#1705,#1706,#1707,#1708));
#1061=EDGE_LOOP('',(#1709,#1710,#1711,#1712));
#1062=EDGE_LOOP('',(#1713,#1714,#1715,#1716));
#1063=EDGE_LOOP('',(#1717,#1718,#1719,#1720));
#1064=EDGE_LOOP('',(#1721,#1722,#1723,#1724));
#1065=EDGE_LOOP('',(#1725,#1726,#1727,#1728));
#1066=EDGE_LOOP('',(#1729,#1730,#1731,#1732));
#1067=EDGE_LOOP('',(#1733,#1734,#1735,#1736,#1737,#1738,#1739,#1740));
#1068=EDGE_LOOP('',(#1741,#1742,#1743,#1744));
#1069=EDGE_LOOP('',(#1745,#1746,#1747,#1748));
#1070=EDGE_LOOP('',(#1749,#1750,#1751,#1752));
#1071=EDGE_LOOP('',(#1753,#1754,#1755,#1756,#1757,#1758,#1759,#1760));
#1072=EDGE_LOOP('',(#1761,#1762,#1763,#1764));
#1073=EDGE_LOOP('',(#1765,#1766,#1767,#1768));
#1074=EDGE_LOOP('',(#1769,#1770,#1771,#1772));
#1075=EDGE_LOOP('',(#1773,#1774,#1775,#1776,#1777,#1778,#1779,#1780));
#1076=EDGE_LOOP('',(#1781,#1782,#1783,#1784));
#1077=EDGE_LOOP('',(#1785,#1786,#1787,#1788));
#1078=EDGE_LOOP('',(#1789,#1790,#1791,#1792));
#1079=EDGE_LOOP('',(#1793,#1794,#1795,#1796));
#1080=EDGE_LOOP('',(#1797,#1798,#1799,#1800));
#1081=EDGE_LOOP('',(#1801,#1802,#1803,#1804));
#1082=EDGE_LOOP('',(#1805,#1806,#1807,#1808));
#1083=EDGE_LOOP('',(#1809,#1810,#1811,#1812));
#1084=EDGE_LOOP('',(#1813,#1814,#1815,#1816));
#1085=EDGE_LOOP('',(#1817,#1818,#1819,#1820));
#1086=EDGE_LOOP('',(#1821,#1822,#1823,#1824));
#1087=EDGE_LOOP('',(#1825,#1826,#1827,#1828));
#1088=EDGE_LOOP('',(#1829,#1830,#1831,#1832));
#1089=EDGE_LOOP('',(#1833,#1834,#1835,#1836));
#1090=EDGE_LOOP('',(#1837,#1838,#1839,#1840));
#1091=EDGE_LOOP('',(#1841,#1842,#1843,#1844));
#1092=EDGE_LOOP('',(#1845,#1846,#1847,#1848));
#1093=EDGE_LOOP('',(#1849,#1850,#1851,#1852));
#1094=EDGE_LOOP('',(#1853,#1854,#1855,#1856));
#1095=EDGE_LOOP('',(#1857,#1858,#1859,#1860));
#1096=EDGE_LOOP('',(#1861,#1862,#1863,#1864));
#1097=EDGE_LOOP('',(#1865,#1866,#1867,#1868));
#1098=EDGE_LOOP('',(#1869,#1870,#1871,#1872));
#1099=EDGE_LOOP('',(#1873,#1874,#1875,#1876));
#1100=EDGE_LOOP('',(#1877,#1878,#1879,#1880));
#1101=EDGE_LOOP('',(#1881,#1882,#1883,#1884));
#1102=EDGE_LOOP('',(#1885,#1886,#1887,#1888));
#1103=EDGE_LOOP('',(#1889,#1890,#1891,#1892));
#1104=EDGE_LOOP('',(#1893,#1894,#1895,#1896));
#1105=EDGE_LOOP('',(#1897,#1898,#1899,#1900));
#1106=EDGE_LOOP('',(#1901,#1902,#1903,#1904));
#1107=EDGE_LOOP('',(#1905,#1906,#1907,#1908));
#1108=EDGE_LOOP('',(#1909,#1910,#1911,#1912));
#1109=EDGE_LOOP('',(#1913,#1914,#1915,#1916));
#1110=EDGE_LOOP('',(#1917,#1918,#1919,#1920));
#1111=EDGE_LOOP('',(#1921,#1922,#1923,#1924));
#1112=EDGE_LOOP('',(#1925,#1926,#1927,#1928));
#1113=EDGE_LOOP('',(#1929,#1930,#1931,#1932));
#1114=EDGE_LOOP('',(#1933,#1934,#1935,#1936));
#1115=EDGE_LOOP('',(#1937,#1938,#1939,#1940));
#1116=EDGE_LOOP('',(#1941,#1942,#1943,#1944));
#1117=EDGE_LOOP('',(#1945,#1946,#1947,#1948));
#1118=EDGE_LOOP('',(#1949,#1950,#1951,#1952));
#1119=EDGE_LOOP('',(#1953,#1954,#1955,#1956));
#1120=EDGE_LOOP('',(#1957,#1958,#1959,#1960));
#1121=EDGE_LOOP('',(#1961,#1962,#1963,#1964));
#1122=EDGE_LOOP('',(#1965,#1966,#1967,#1968));
#1123=EDGE_LOOP('',(#1969,#1970,#1971,#1972));
#1124=EDGE_LOOP('',(#1973,#1974,#1975,#1976));
#1125=EDGE_LOOP('',(#1977,#1978,#1979,#1980,#1981,#1982,#1983,#1984));
#1126=EDGE_LOOP('',(#1985,#1986,#1987,#1988,#1989,#1990,#1991,#1992,#1993,
#1994,#1995,#1996,#1997,#1998,#1999,#2000));
#1127=EDGE_LOOP('',(#2001,#2002,#2003,#2004,#2005,#2006,#2007,#2008));
#1128=EDGE_LOOP('',(#2009,#2010,#2011,#2012,#2013,#2014,#2015,#2016,#2017,
#2018,#2019,#2020,#2021,#2022,#2023,#2024));
#1129=ORIENTED_EDGE('',*,*,#2028,.T.);
#1130=ORIENTED_EDGE('',*,*,#2025,.F.);
#1131=ORIENTED_EDGE('',*,*,#2027,.F.);
#1132=ORIENTED_EDGE('',*,*,#2026,.T.);
#1133=ORIENTED_EDGE('',*,*,#2025,.T.);
#1134=ORIENTED_EDGE('',*,*,#2029,.T.);
#1135=ORIENTED_EDGE('',*,*,#2030,.F.);
#1136=ORIENTED_EDGE('',*,*,#2026,.F.);
#1137=ORIENTED_EDGE('',*,*,#2030,.T.);
#1138=ORIENTED_EDGE('',*,*,#2027,.T.);
#1139=ORIENTED_EDGE('',*,*,#2029,.F.);
#1140=ORIENTED_EDGE('',*,*,#2028,.F.);
#1141=ORIENTED_EDGE('',*,*,#2032,.T.);
#1142=ORIENTED_EDGE('',*,*,#2031,.F.);
#1143=ORIENTED_EDGE('',*,*,#2031,.T.);
#1144=ORIENTED_EDGE('',*,*,#2032,.F.);
#1145=ORIENTED_EDGE('',*,*,#2038,.T.);
#1146=ORIENTED_EDGE('',*,*,#2040,.T.);
#1147=ORIENTED_EDGE('',*,*,#2039,.F.);
#1148=ORIENTED_EDGE('',*,*,#2037,.F.);
#1149=ORIENTED_EDGE('',*,*,#2047,.T.);
#1150=ORIENTED_EDGE('',*,*,#2046,.T.);
#1151=ORIENTED_EDGE('',*,*,#2048,.T.);
#1152=ORIENTED_EDGE('',*,*,#2045,.F.);
#1153=ORIENTED_EDGE('',*,*,#2052,.F.);
#1154=ORIENTED_EDGE('',*,*,#2050,.F.);
#1155=ORIENTED_EDGE('',*,*,#2051,.F.);
#1156=ORIENTED_EDGE('',*,*,#2049,.F.);
#1157=ORIENTED_EDGE('',*,*,#2053,.T.);
#1158=ORIENTED_EDGE('',*,*,#2056,.T.);
#1159=ORIENTED_EDGE('',*,*,#2054,.T.);
#1160=ORIENTED_EDGE('',*,*,#2055,.T.);
#1161=ORIENTED_EDGE('',*,*,#2057,.F.);
#1162=ORIENTED_EDGE('',*,*,#2051,.T.);
#1163=ORIENTED_EDGE('',*,*,#2058,.T.);
#1164=ORIENTED_EDGE('',*,*,#2034,.F.);
#1165=ORIENTED_EDGE('',*,*,#2035,.T.);
#1166=ORIENTED_EDGE('',*,*,#2059,.T.);
#1167=ORIENTED_EDGE('',*,*,#2038,.F.);
#1168=ORIENTED_EDGE('',*,*,#2060,.T.);
#1169=ORIENTED_EDGE('',*,*,#2033,.T.);
#1170=ORIENTED_EDGE('',*,*,#2076,.T.);
#1171=ORIENTED_EDGE('',*,*,#2055,.F.);
#1172=ORIENTED_EDGE('',*,*,#2061,.T.);
#1173=ORIENTED_EDGE('',*,*,#2036,.T.);
#1174=ORIENTED_EDGE('',*,*,#2077,.T.);
#1175=ORIENTED_EDGE('',*,*,#2048,.F.);
#1176=ORIENTED_EDGE('',*,*,#2074,.F.);
#1177=ORIENTED_EDGE('',*,*,#2075,.T.);
#1178=ORIENTED_EDGE('',*,*,#2050,.T.);
#1179=ORIENTED_EDGE('',*,*,#2078,.T.);
#1180=ORIENTED_EDGE('',*,*,#2040,.F.);
#1181=ORIENTED_EDGE('',*,*,#2039,.T.);
#1182=ORIENTED_EDGE('',*,*,#2062,.T.);
#1183=ORIENTED_EDGE('',*,*,#2042,.F.);
#1184=ORIENTED_EDGE('',*,*,#2063,.T.);
#1185=ORIENTED_EDGE('',*,*,#2037,.T.);
#1186=ORIENTED_EDGE('',*,*,#2065,.T.);
#1187=ORIENTED_EDGE('',*,*,#2053,.F.);
#1188=ORIENTED_EDGE('',*,*,#2064,.T.);
#1189=ORIENTED_EDGE('',*,*,#2066,.T.);
#1190=ORIENTED_EDGE('',*,*,#2052,.T.);
#1191=ORIENTED_EDGE('',*,*,#2079,.T.);
#1192=ORIENTED_EDGE('',*,*,#2041,.F.);
#1193=ORIENTED_EDGE('',*,*,#2044,.T.);
#1194=ORIENTED_EDGE('',*,*,#2067,.T.);
#1195=ORIENTED_EDGE('',*,*,#2047,.F.);
#1196=ORIENTED_EDGE('',*,*,#2068,.T.);
#1197=ORIENTED_EDGE('',*,*,#2043,.T.);
#1198=ORIENTED_EDGE('',*,*,#2080,.T.);
#1199=ORIENTED_EDGE('',*,*,#2056,.F.);
#1200=ORIENTED_EDGE('',*,*,#2069,.T.);
#1201=ORIENTED_EDGE('',*,*,#2071,.T.);
#1202=ORIENTED_EDGE('',*,*,#2049,.T.);
#1203=ORIENTED_EDGE('',*,*,#2070,.F.);
#1204=ORIENTED_EDGE('',*,*,#2046,.F.);
#1205=ORIENTED_EDGE('',*,*,#2045,.T.);
#1206=ORIENTED_EDGE('',*,*,#2072,.T.);
#1207=ORIENTED_EDGE('',*,*,#2054,.F.);
#1208=ORIENTED_EDGE('',*,*,#2073,.T.);
#1209=ORIENTED_EDGE('',*,*,#2074,.T.);
#1210=ORIENTED_EDGE('',*,*,#2070,.T.);
#1211=ORIENTED_EDGE('',*,*,#2057,.T.);
#1212=ORIENTED_EDGE('',*,*,#2058,.F.);
#1213=ORIENTED_EDGE('',*,*,#2075,.F.);
#1214=ORIENTED_EDGE('',*,*,#2059,.F.);
#1215=ORIENTED_EDGE('',*,*,#2060,.F.);
#1216=ORIENTED_EDGE('',*,*,#2064,.F.);
#1217=ORIENTED_EDGE('',*,*,#2076,.F.);
#1218=ORIENTED_EDGE('',*,*,#2061,.F.);
#1219=ORIENTED_EDGE('',*,*,#2072,.F.);
#1220=ORIENTED_EDGE('',*,*,#2077,.F.);
#1221=ORIENTED_EDGE('',*,*,#2078,.F.);
#1222=ORIENTED_EDGE('',*,*,#2066,.F.);
#1223=ORIENTED_EDGE('',*,*,#2062,.F.);
#1224=ORIENTED_EDGE('',*,*,#2063,.F.);
#1225=ORIENTED_EDGE('',*,*,#2069,.F.);
#1226=ORIENTED_EDGE('',*,*,#2065,.F.);
#1227=ORIENTED_EDGE('',*,*,#2079,.F.);
#1228=ORIENTED_EDGE('',*,*,#2071,.F.);
#1229=ORIENTED_EDGE('',*,*,#2067,.F.);
#1230=ORIENTED_EDGE('',*,*,#2068,.F.);
#1231=ORIENTED_EDGE('',*,*,#2073,.F.);
#1232=ORIENTED_EDGE('',*,*,#2080,.F.);
#1233=ORIENTED_EDGE('',*,*,#2036,.F.);
#1234=ORIENTED_EDGE('',*,*,#2034,.T.);
#1235=ORIENTED_EDGE('',*,*,#2035,.F.);
#1236=ORIENTED_EDGE('',*,*,#2033,.F.);
#1237=ORIENTED_EDGE('',*,*,#2084,.F.);
#1238=ORIENTED_EDGE('',*,*,#2083,.F.);
#1239=ORIENTED_EDGE('',*,*,#2082,.F.);
#1240=ORIENTED_EDGE('',*,*,#2081,.F.);
#1241=ORIENTED_EDGE('',*,*,#2041,.T.);
#1242=ORIENTED_EDGE('',*,*,#2044,.F.);
#1243=ORIENTED_EDGE('',*,*,#2043,.F.);
#1244=ORIENTED_EDGE('',*,*,#2042,.T.);
#1245=ORIENTED_EDGE('',*,*,#2092,.T.);
#1246=ORIENTED_EDGE('',*,*,#2089,.T.);
#1247=ORIENTED_EDGE('',*,*,#2090,.T.);
#1248=ORIENTED_EDGE('',*,*,#2091,.T.);
#1249=ORIENTED_EDGE('',*,*,#2085,.F.);
#1250=ORIENTED_EDGE('',*,*,#2081,.T.);
#1251=ORIENTED_EDGE('',*,*,#2086,.T.);
#1252=ORIENTED_EDGE('',*,*,#2089,.F.);
#1253=ORIENTED_EDGE('',*,*,#2086,.F.);
#1254=ORIENTED_EDGE('',*,*,#2082,.T.);
#1255=ORIENTED_EDGE('',*,*,#2087,.T.);
#1256=ORIENTED_EDGE('',*,*,#2090,.F.);
#1257=ORIENTED_EDGE('',*,*,#2087,.F.);
#1258=ORIENTED_EDGE('',*,*,#2083,.T.);
#1259=ORIENTED_EDGE('',*,*,#2088,.T.);
#1260=ORIENTED_EDGE('',*,*,#2091,.F.);
#1261=ORIENTED_EDGE('',*,*,#2088,.F.);
#1262=ORIENTED_EDGE('',*,*,#2084,.T.);
#1263=ORIENTED_EDGE('',*,*,#2085,.T.);
#1264=ORIENTED_EDGE('',*,*,#2092,.F.);
#1265=ORIENTED_EDGE('',*,*,#2093,.F.);
#1266=ORIENTED_EDGE('',*,*,#2094,.T.);
#1267=ORIENTED_EDGE('',*,*,#2095,.T.);
#1268=ORIENTED_EDGE('',*,*,#2096,.F.);
#1269=ORIENTED_EDGE('',*,*,#2093,.T.);
#1270=ORIENTED_EDGE('',*,*,#2097,.T.);
#1271=ORIENTED_EDGE('',*,*,#2098,.F.);
#1272=ORIENTED_EDGE('',*,*,#2095,.F.);
#1273=ORIENTED_EDGE('',*,*,#2096,.T.);
#1274=ORIENTED_EDGE('',*,*,#2098,.T.);
#1275=ORIENTED_EDGE('',*,*,#2094,.F.);
#1276=ORIENTED_EDGE('',*,*,#2097,.F.);
#1277=ORIENTED_EDGE('',*,*,#2102,.T.);
#1278=ORIENTED_EDGE('',*,*,#2101,.F.);
#1279=ORIENTED_EDGE('',*,*,#2100,.F.);
#1280=ORIENTED_EDGE('',*,*,#2099,.T.);
#1281=ORIENTED_EDGE('',*,*,#2103,.F.);
#1282=ORIENTED_EDGE('',*,*,#2099,.F.);
#1283=ORIENTED_EDGE('',*,*,#2101,.T.);
#1284=ORIENTED_EDGE('',*,*,#2104,.T.);
#1285=ORIENTED_EDGE('',*,*,#2103,.T.);
#1286=ORIENTED_EDGE('',*,*,#2100,.T.);
#1287=ORIENTED_EDGE('',*,*,#2104,.F.);
#1288=ORIENTED_EDGE('',*,*,#2102,.F.);
#1289=ORIENTED_EDGE('',*,*,#2105,.T.);
#1290=ORIENTED_EDGE('',*,*,#2109,.T.);
#1291=ORIENTED_EDGE('',*,*,#2108,.T.);
#1292=ORIENTED_EDGE('',*,*,#2110,.T.);
#1293=ORIENTED_EDGE('',*,*,#2106,.F.);
#1294=ORIENTED_EDGE('',*,*,#2109,.F.);
#1295=ORIENTED_EDGE('',*,*,#2110,.F.);
#1296=ORIENTED_EDGE('',*,*,#2107,.F.);
#1297=ORIENTED_EDGE('',*,*,#2105,.F.);
#1298=ORIENTED_EDGE('',*,*,#2106,.T.);
#1299=ORIENTED_EDGE('',*,*,#2107,.T.);
#1300=ORIENTED_EDGE('',*,*,#2108,.F.);
#1301=ORIENTED_EDGE('',*,*,#2126,.T.);
#1302=ORIENTED_EDGE('',*,*,#2127,.T.);
#1303=ORIENTED_EDGE('',*,*,#2120,.F.);
#1304=ORIENTED_EDGE('',*,*,#2118,.T.);
#1305=ORIENTED_EDGE('',*,*,#2119,.F.);
#1306=ORIENTED_EDGE('',*,*,#2121,.T.);
#1307=ORIENTED_EDGE('',*,*,#2130,.F.);
#1308=ORIENTED_EDGE('',*,*,#2129,.F.);
#1309=ORIENTED_EDGE('',*,*,#2115,.F.);
#1310=ORIENTED_EDGE('',*,*,#2113,.T.);
#1311=ORIENTED_EDGE('',*,*,#2117,.T.);
#1312=ORIENTED_EDGE('',*,*,#2132,.F.);
#1313=ORIENTED_EDGE('',*,*,#2111,.F.);
#1314=ORIENTED_EDGE('',*,*,#2114,.T.);
#1315=ORIENTED_EDGE('',*,*,#2115,.T.);
#1316=ORIENTED_EDGE('',*,*,#2135,.F.);
#1317=ORIENTED_EDGE('',*,*,#2136,.T.);
#1318=ORIENTED_EDGE('',*,*,#2117,.F.);
#1319=ORIENTED_EDGE('',*,*,#2116,.F.);
#1320=ORIENTED_EDGE('',*,*,#2112,.T.);
#1321=ORIENTED_EDGE('',*,*,#2138,.F.);
#1322=ORIENTED_EDGE('',*,*,#2124,.F.);
#1323=ORIENTED_EDGE('',*,*,#2140,.F.);
#1324=ORIENTED_EDGE('',*,*,#2122,.F.);
#1325=ORIENTED_EDGE('',*,*,#2137,.T.);
#1326=ORIENTED_EDGE('',*,*,#2138,.T.);
#1327=ORIENTED_EDGE('',*,*,#2123,.F.);
#1328=ORIENTED_EDGE('',*,*,#2128,.F.);
#1329=ORIENTED_EDGE('',*,*,#2139,.T.);
#1330=ORIENTED_EDGE('',*,*,#2140,.T.);
#1331=ORIENTED_EDGE('',*,*,#2125,.F.);
#1332=ORIENTED_EDGE('',*,*,#2119,.T.);
#1333=ORIENTED_EDGE('',*,*,#2128,.T.);
#1334=ORIENTED_EDGE('',*,*,#2120,.T.);
#1335=ORIENTED_EDGE('',*,*,#2111,.T.);
#1336=ORIENTED_EDGE('',*,*,#2126,.F.);
#1337=ORIENTED_EDGE('',*,*,#2129,.T.);
#1338=ORIENTED_EDGE('',*,*,#2112,.F.);
#1339=ORIENTED_EDGE('',*,*,#2121,.F.);
#1340=ORIENTED_EDGE('',*,*,#2131,.F.);
#1341=ORIENTED_EDGE('',*,*,#2132,.T.);
#1342=ORIENTED_EDGE('',*,*,#2134,.T.);
#1343=ORIENTED_EDGE('',*,*,#2113,.F.);
#1344=ORIENTED_EDGE('',*,*,#2133,.F.);
#1345=ORIENTED_EDGE('',*,*,#2135,.T.);
#1346=ORIENTED_EDGE('',*,*,#2133,.T.);
#1347=ORIENTED_EDGE('',*,*,#2114,.F.);
#1348=ORIENTED_EDGE('',*,*,#2127,.F.);
#1349=ORIENTED_EDGE('',*,*,#2130,.T.);
#1350=ORIENTED_EDGE('',*,*,#2116,.T.);
#1351=ORIENTED_EDGE('',*,*,#2134,.F.);
#1352=ORIENTED_EDGE('',*,*,#2136,.F.);
#1353=ORIENTED_EDGE('',*,*,#2118,.F.);
#1354=ORIENTED_EDGE('',*,*,#2123,.T.);
#1355=ORIENTED_EDGE('',*,*,#2124,.T.);
#1356=ORIENTED_EDGE('',*,*,#2137,.F.);
#1357=ORIENTED_EDGE('',*,*,#2131,.T.);
#1358=ORIENTED_EDGE('',*,*,#2125,.T.);
#1359=ORIENTED_EDGE('',*,*,#2122,.T.);
#1360=ORIENTED_EDGE('',*,*,#2139,.F.);
#1361=ORIENTED_EDGE('',*,*,#2190,.T.);
#1362=ORIENTED_EDGE('',*,*,#2145,.F.);
#1363=ORIENTED_EDGE('',*,*,#2151,.F.);
#1364=ORIENTED_EDGE('',*,*,#2194,.F.);
#1365=ORIENTED_EDGE('',*,*,#2152,.T.);
#1366=ORIENTED_EDGE('',*,*,#2213,.F.);
#1367=ORIENTED_EDGE('',*,*,#2192,.T.);
#1368=ORIENTED_EDGE('',*,*,#2250,.F.);
#1369=ORIENTED_EDGE('',*,*,#2237,.T.);
#1370=ORIENTED_EDGE('',*,*,#2238,.T.);
#1371=ORIENTED_EDGE('',*,*,#2240,.T.);
#1372=ORIENTED_EDGE('',*,*,#2239,.T.);
#1373=ORIENTED_EDGE('',*,*,#2196,.T.);
#1374=ORIENTED_EDGE('',*,*,#2157,.F.);
#1375=ORIENTED_EDGE('',*,*,#2163,.F.);
#1376=ORIENTED_EDGE('',*,*,#2208,.F.);
#1377=ORIENTED_EDGE('',*,*,#2164,.T.);
#1378=ORIENTED_EDGE('',*,*,#2219,.F.);
#1379=ORIENTED_EDGE('',*,*,#2198,.T.);
#1380=ORIENTED_EDGE('',*,*,#2210,.F.);
#1381=ORIENTED_EDGE('',*,*,#2255,.T.);
#1382=ORIENTED_EDGE('',*,*,#2257,.T.);
#1383=ORIENTED_EDGE('',*,*,#2258,.T.);
#1384=ORIENTED_EDGE('',*,*,#2256,.T.);
#1385=ORIENTED_EDGE('',*,*,#2202,.T.);
#1386=ORIENTED_EDGE('',*,*,#2169,.F.);
#1387=ORIENTED_EDGE('',*,*,#2175,.F.);
#1388=ORIENTED_EDGE('',*,*,#2215,.F.);
#1389=ORIENTED_EDGE('',*,*,#2176,.T.);
#1390=ORIENTED_EDGE('',*,*,#2225,.F.);
#1391=ORIENTED_EDGE('',*,*,#2204,.T.);
#1392=ORIENTED_EDGE('',*,*,#2243,.F.);
#1393=ORIENTED_EDGE('',*,*,#2156,.T.);
#1394=ORIENTED_EDGE('',*,*,#2221,.T.);
#1395=ORIENTED_EDGE('',*,*,#2166,.T.);
#1396=ORIENTED_EDGE('',*,*,#2165,.T.);
#1397=ORIENTED_EDGE('',*,*,#2251,.T.);
#1398=ORIENTED_EDGE('',*,*,#2253,.T.);
#1399=ORIENTED_EDGE('',*,*,#2252,.T.);
#1400=ORIENTED_EDGE('',*,*,#2254,.T.);
#1401=ORIENTED_EDGE('',*,*,#2214,.T.);
#1402=ORIENTED_EDGE('',*,*,#2213,.T.);
#1403=ORIENTED_EDGE('',*,*,#2150,.T.);
#1404=ORIENTED_EDGE('',*,*,#2145,.T.);
#1405=ORIENTED_EDGE('',*,*,#2212,.T.);
#1406=ORIENTED_EDGE('',*,*,#2211,.T.);
#1407=ORIENTED_EDGE('',*,*,#2147,.T.);
#1408=ORIENTED_EDGE('',*,*,#2146,.T.);
#1409=ORIENTED_EDGE('',*,*,#2148,.T.);
#1410=ORIENTED_EDGE('',*,*,#2211,.F.);
#1411=ORIENTED_EDGE('',*,*,#2189,.T.);
#1412=ORIENTED_EDGE('',*,*,#2200,.F.);
#1413=ORIENTED_EDGE('',*,*,#2191,.T.);
#1414=ORIENTED_EDGE('',*,*,#2146,.F.);
#1415=ORIENTED_EDGE('',*,*,#2149,.F.);
#1416=ORIENTED_EDGE('',*,*,#2235,.F.);
#1417=ORIENTED_EDGE('',*,*,#2144,.T.);
#1418=ORIENTED_EDGE('',*,*,#2228,.T.);
#1419=ORIENTED_EDGE('',*,*,#2209,.T.);
#1420=ORIENTED_EDGE('',*,*,#2193,.T.);
#1421=ORIENTED_EDGE('',*,*,#2220,.T.);
#1422=ORIENTED_EDGE('',*,*,#2219,.T.);
#1423=ORIENTED_EDGE('',*,*,#2162,.T.);
#1424=ORIENTED_EDGE('',*,*,#2157,.T.);
#1425=ORIENTED_EDGE('',*,*,#2218,.T.);
#1426=ORIENTED_EDGE('',*,*,#2217,.T.);
#1427=ORIENTED_EDGE('',*,*,#2159,.T.);
#1428=ORIENTED_EDGE('',*,*,#2158,.T.);
#1429=ORIENTED_EDGE('',*,*,#2160,.T.);
#1430=ORIENTED_EDGE('',*,*,#2217,.F.);
#1431=ORIENTED_EDGE('',*,*,#2195,.T.);
#1432=ORIENTED_EDGE('',*,*,#2241,.F.);
#1433=ORIENTED_EDGE('',*,*,#2197,.T.);
#1434=ORIENTED_EDGE('',*,*,#2158,.F.);
#1435=ORIENTED_EDGE('',*,*,#2161,.F.);
#1436=ORIENTED_EDGE('',*,*,#2242,.F.);
#1437=ORIENTED_EDGE('',*,*,#2141,.T.);
#1438=ORIENTED_EDGE('',*,*,#2207,.T.);
#1439=ORIENTED_EDGE('',*,*,#2206,.T.);
#1440=ORIENTED_EDGE('',*,*,#2205,.T.);
#1441=ORIENTED_EDGE('',*,*,#2223,.T.);
#1442=ORIENTED_EDGE('',*,*,#2171,.T.);
#1443=ORIENTED_EDGE('',*,*,#2170,.T.);
#1444=ORIENTED_EDGE('',*,*,#2226,.T.);
#1445=ORIENTED_EDGE('',*,*,#2225,.T.);
#1446=ORIENTED_EDGE('',*,*,#2174,.T.);
#1447=ORIENTED_EDGE('',*,*,#2169,.T.);
#1448=ORIENTED_EDGE('',*,*,#2224,.T.);
#1449=ORIENTED_EDGE('',*,*,#2172,.T.);
#1450=ORIENTED_EDGE('',*,*,#2223,.F.);
#1451=ORIENTED_EDGE('',*,*,#2201,.T.);
#1452=ORIENTED_EDGE('',*,*,#2248,.F.);
#1453=ORIENTED_EDGE('',*,*,#2203,.T.);
#1454=ORIENTED_EDGE('',*,*,#2170,.F.);
#1455=ORIENTED_EDGE('',*,*,#2173,.F.);
#1456=ORIENTED_EDGE('',*,*,#2249,.F.);
#1457=ORIENTED_EDGE('',*,*,#2222,.T.);
#1458=ORIENTED_EDGE('',*,*,#2142,.T.);
#1459=ORIENTED_EDGE('',*,*,#2168,.T.);
#1460=ORIENTED_EDGE('',*,*,#2167,.T.);
#1461=ORIENTED_EDGE('',*,*,#2244,.T.);
#1462=ORIENTED_EDGE('',*,*,#2247,.T.);
#1463=ORIENTED_EDGE('',*,*,#2246,.T.);
#1464=ORIENTED_EDGE('',*,*,#2245,.T.);
#1465=ORIENTED_EDGE('',*,*,#2234,.F.);
#1466=ORIENTED_EDGE('',*,*,#2226,.F.);
#1467=ORIENTED_EDGE('',*,*,#2230,.F.);
#1468=ORIENTED_EDGE('',*,*,#2218,.F.);
#1469=ORIENTED_EDGE('',*,*,#2181,.F.);
#1470=ORIENTED_EDGE('',*,*,#2186,.F.);
#1471=ORIENTED_EDGE('',*,*,#2232,.F.);
#1472=ORIENTED_EDGE('',*,*,#2214,.F.);
#1473=ORIENTED_EDGE('',*,*,#2233,.F.);
#1474=ORIENTED_EDGE('',*,*,#2220,.F.);
#1475=ORIENTED_EDGE('',*,*,#2231,.F.);
#1476=ORIENTED_EDGE('',*,*,#2212,.F.);
#1477=ORIENTED_EDGE('',*,*,#2182,.F.);
#1478=ORIENTED_EDGE('',*,*,#2183,.F.);
#1479=ORIENTED_EDGE('',*,*,#2229,.F.);
#1480=ORIENTED_EDGE('',*,*,#2224,.F.);
#1481=ORIENTED_EDGE('',*,*,#2187,.T.);
#1482=ORIENTED_EDGE('',*,*,#2181,.T.);
#1483=ORIENTED_EDGE('',*,*,#2191,.F.);
#1484=ORIENTED_EDGE('',*,*,#2259,.F.);
#1485=ORIENTED_EDGE('',*,*,#2195,.F.);
#1486=ORIENTED_EDGE('',*,*,#2230,.T.);
#1487=ORIENTED_EDGE('',*,*,#2203,.F.);
#1488=ORIENTED_EDGE('',*,*,#2260,.F.);
#1489=ORIENTED_EDGE('',*,*,#2201,.F.);
#1490=ORIENTED_EDGE('',*,*,#2229,.T.);
#1491=ORIENTED_EDGE('',*,*,#2184,.F.);
#1492=ORIENTED_EDGE('',*,*,#2261,.F.);
#1493=ORIENTED_EDGE('',*,*,#2189,.F.);
#1494=ORIENTED_EDGE('',*,*,#2231,.T.);
#1495=ORIENTED_EDGE('',*,*,#2197,.F.);
#1496=ORIENTED_EDGE('',*,*,#2262,.F.);
#1497=ORIENTED_EDGE('',*,*,#2204,.F.);
#1498=ORIENTED_EDGE('',*,*,#2234,.T.);
#1499=ORIENTED_EDGE('',*,*,#2196,.F.);
#1500=ORIENTED_EDGE('',*,*,#2263,.F.);
#1501=ORIENTED_EDGE('',*,*,#2185,.T.);
#1502=ORIENTED_EDGE('',*,*,#2182,.T.);
#1503=ORIENTED_EDGE('',*,*,#2202,.F.);
#1504=ORIENTED_EDGE('',*,*,#2264,.F.);
#1505=ORIENTED_EDGE('',*,*,#2198,.F.);
#1506=ORIENTED_EDGE('',*,*,#2233,.T.);
#1507=ORIENTED_EDGE('',*,*,#2190,.F.);
#1508=ORIENTED_EDGE('',*,*,#2265,.F.);
#1509=ORIENTED_EDGE('',*,*,#2192,.F.);
#1510=ORIENTED_EDGE('',*,*,#2232,.T.);
#1511=ORIENTED_EDGE('',*,*,#2188,.F.);
#1512=ORIENTED_EDGE('',*,*,#2266,.F.);
#1513=ORIENTED_EDGE('',*,*,#2227,.T.);
#1514=ORIENTED_EDGE('',*,*,#2268,.T.);
#1515=ORIENTED_EDGE('',*,*,#2166,.F.);
#1516=ORIENTED_EDGE('',*,*,#2267,.F.);
#1517=ORIENTED_EDGE('',*,*,#2179,.T.);
#1518=ORIENTED_EDGE('',*,*,#2296,.T.);
#1519=ORIENTED_EDGE('',*,*,#2254,.F.);
#1520=ORIENTED_EDGE('',*,*,#2269,.T.);
#1521=ORIENTED_EDGE('',*,*,#2199,.T.);
#1522=ORIENTED_EDGE('',*,*,#2282,.T.);
#1523=ORIENTED_EDGE('',*,*,#2238,.F.);
#1524=ORIENTED_EDGE('',*,*,#2270,.F.);
#1525=ORIENTED_EDGE('',*,*,#2236,.T.);
#1526=ORIENTED_EDGE('',*,*,#2271,.T.);
#1527=ORIENTED_EDGE('',*,*,#2207,.F.);
#1528=ORIENTED_EDGE('',*,*,#2288,.F.);
#1529=ORIENTED_EDGE('',*,*,#2272,.F.);
#1530=ORIENTED_EDGE('',*,*,#2194,.T.);
#1531=ORIENTED_EDGE('',*,*,#2274,.F.);
#1532=ORIENTED_EDGE('',*,*,#2228,.F.);
#1533=ORIENTED_EDGE('',*,*,#2283,.F.);
#1534=ORIENTED_EDGE('',*,*,#2235,.T.);
#1535=ORIENTED_EDGE('',*,*,#2273,.F.);
#1536=ORIENTED_EDGE('',*,*,#2239,.F.);
#1537=ORIENTED_EDGE('',*,*,#2178,.T.);
#1538=ORIENTED_EDGE('',*,*,#2270,.T.);
#1539=ORIENTED_EDGE('',*,*,#2237,.F.);
#1540=ORIENTED_EDGE('',*,*,#2273,.T.);
#1541=ORIENTED_EDGE('',*,*,#2153,.T.);
#1542=ORIENTED_EDGE('',*,*,#2294,.T.);
#1543=ORIENTED_EDGE('',*,*,#2209,.F.);
#1544=ORIENTED_EDGE('',*,*,#2274,.T.);
#1545=ORIENTED_EDGE('',*,*,#2286,.F.);
#1546=ORIENTED_EDGE('',*,*,#2208,.T.);
#1547=ORIENTED_EDGE('',*,*,#2275,.F.);
#1548=ORIENTED_EDGE('',*,*,#2258,.F.);
#1549=ORIENTED_EDGE('',*,*,#2277,.F.);
#1550=ORIENTED_EDGE('',*,*,#2242,.T.);
#1551=ORIENTED_EDGE('',*,*,#2276,.F.);
#1552=ORIENTED_EDGE('',*,*,#2246,.F.);
#1553=ORIENTED_EDGE('',*,*,#2180,.T.);
#1554=ORIENTED_EDGE('',*,*,#2290,.T.);
#1555=ORIENTED_EDGE('',*,*,#2245,.F.);
#1556=ORIENTED_EDGE('',*,*,#2276,.T.);
#1557=ORIENTED_EDGE('',*,*,#2216,.T.);
#1558=ORIENTED_EDGE('',*,*,#2278,.T.);
#1559=ORIENTED_EDGE('',*,*,#2256,.F.);
#1560=ORIENTED_EDGE('',*,*,#2275,.T.);
#1561=ORIENTED_EDGE('',*,*,#2280,.F.);
#1562=ORIENTED_EDGE('',*,*,#2215,.T.);
#1563=ORIENTED_EDGE('',*,*,#2279,.F.);
#1564=ORIENTED_EDGE('',*,*,#2156,.F.);
#1565=ORIENTED_EDGE('',*,*,#2285,.T.);
#1566=ORIENTED_EDGE('',*,*,#2249,.T.);
#1567=ORIENTED_EDGE('',*,*,#2281,.F.);
#1568=ORIENTED_EDGE('',*,*,#2167,.F.);
#1569=ORIENTED_EDGE('',*,*,#2177,.T.);
#1570=ORIENTED_EDGE('',*,*,#2292,.T.);
#1571=ORIENTED_EDGE('',*,*,#2222,.F.);
#1572=ORIENTED_EDGE('',*,*,#2281,.T.);
#1573=ORIENTED_EDGE('',*,*,#2154,.T.);
#1574=ORIENTED_EDGE('',*,*,#2267,.T.);
#1575=ORIENTED_EDGE('',*,*,#2221,.F.);
#1576=ORIENTED_EDGE('',*,*,#2279,.T.);
#1577=ORIENTED_EDGE('',*,*,#2282,.F.);
#1578=ORIENTED_EDGE('',*,*,#2259,.T.);
#1579=ORIENTED_EDGE('',*,*,#2283,.T.);
#1580=ORIENTED_EDGE('',*,*,#2240,.F.);
#1581=ORIENTED_EDGE('',*,*,#2291,.F.);
#1582=ORIENTED_EDGE('',*,*,#2266,.T.);
#1583=ORIENTED_EDGE('',*,*,#2289,.F.);
#1584=ORIENTED_EDGE('',*,*,#2205,.F.);
#1585=ORIENTED_EDGE('',*,*,#2284,.F.);
#1586=ORIENTED_EDGE('',*,*,#2262,.T.);
#1587=ORIENTED_EDGE('',*,*,#2277,.T.);
#1588=ORIENTED_EDGE('',*,*,#2247,.F.);
#1589=ORIENTED_EDGE('',*,*,#2295,.F.);
#1590=ORIENTED_EDGE('',*,*,#2265,.T.);
#1591=ORIENTED_EDGE('',*,*,#2272,.T.);
#1592=ORIENTED_EDGE('',*,*,#2144,.F.);
#1593=ORIENTED_EDGE('',*,*,#2297,.F.);
#1594=ORIENTED_EDGE('',*,*,#2261,.T.);
#1595=ORIENTED_EDGE('',*,*,#2287,.F.);
#1596=ORIENTED_EDGE('',*,*,#2253,.F.);
#1597=ORIENTED_EDGE('',*,*,#2268,.F.);
#1598=ORIENTED_EDGE('',*,*,#2264,.T.);
#1599=ORIENTED_EDGE('',*,*,#2280,.T.);
#1600=ORIENTED_EDGE('',*,*,#2165,.F.);
#1601=ORIENTED_EDGE('',*,*,#2293,.F.);
#1602=ORIENTED_EDGE('',*,*,#2260,.T.);
#1603=ORIENTED_EDGE('',*,*,#2285,.F.);
#1604=ORIENTED_EDGE('',*,*,#2168,.F.);
#1605=ORIENTED_EDGE('',*,*,#2298,.F.);
#1606=ORIENTED_EDGE('',*,*,#2263,.T.);
#1607=ORIENTED_EDGE('',*,*,#2286,.T.);
#1608=ORIENTED_EDGE('',*,*,#2257,.F.);
#1609=ORIENTED_EDGE('',*,*,#2143,.T.);
#1610=ORIENTED_EDGE('',*,*,#2269,.F.);
#1611=ORIENTED_EDGE('',*,*,#2252,.F.);
#1612=ORIENTED_EDGE('',*,*,#2287,.T.);
#1613=ORIENTED_EDGE('',*,*,#2155,.T.);
#1614=ORIENTED_EDGE('',*,*,#2288,.T.);
#1615=ORIENTED_EDGE('',*,*,#2141,.F.);
#1616=ORIENTED_EDGE('',*,*,#2289,.T.);
#1617=ORIENTED_EDGE('',*,*,#2290,.F.);
#1618=ORIENTED_EDGE('',*,*,#2200,.T.);
#1619=ORIENTED_EDGE('',*,*,#2284,.T.);
#1620=ORIENTED_EDGE('',*,*,#2244,.F.);
#1621=ORIENTED_EDGE('',*,*,#2271,.F.);
#1622=ORIENTED_EDGE('',*,*,#2250,.T.);
#1623=ORIENTED_EDGE('',*,*,#2291,.T.);
#1624=ORIENTED_EDGE('',*,*,#2206,.F.);
#1625=ORIENTED_EDGE('',*,*,#2292,.F.);
#1626=ORIENTED_EDGE('',*,*,#2241,.T.);
#1627=ORIENTED_EDGE('',*,*,#2293,.T.);
#1628=ORIENTED_EDGE('',*,*,#2142,.F.);
#1629=ORIENTED_EDGE('',*,*,#2294,.F.);
#1630=ORIENTED_EDGE('',*,*,#2210,.T.);
#1631=ORIENTED_EDGE('',*,*,#2295,.T.);
#1632=ORIENTED_EDGE('',*,*,#2193,.F.);
#1633=ORIENTED_EDGE('',*,*,#2296,.F.);
#1634=ORIENTED_EDGE('',*,*,#2248,.T.);
#1635=ORIENTED_EDGE('',*,*,#2297,.T.);
#1636=ORIENTED_EDGE('',*,*,#2251,.F.);
#1637=ORIENTED_EDGE('',*,*,#2278,.F.);
#1638=ORIENTED_EDGE('',*,*,#2243,.T.);
#1639=ORIENTED_EDGE('',*,*,#2298,.T.);
#1640=ORIENTED_EDGE('',*,*,#2255,.F.);
#1641=ORIENTED_EDGE('',*,*,#2302,.F.);
#1642=ORIENTED_EDGE('',*,*,#2301,.F.);
#1643=ORIENTED_EDGE('',*,*,#2300,.F.);
#1644=ORIENTED_EDGE('',*,*,#2299,.F.);
#1645=ORIENTED_EDGE('',*,*,#2184,.T.);
#1646=ORIENTED_EDGE('',*,*,#2183,.T.);
#1647=ORIENTED_EDGE('',*,*,#2185,.F.);
#1648=ORIENTED_EDGE('',*,*,#2227,.F.);
#1649=ORIENTED_EDGE('',*,*,#2306,.T.);
#1650=ORIENTED_EDGE('',*,*,#2299,.T.);
#1651=ORIENTED_EDGE('',*,*,#2303,.F.);
#1652=ORIENTED_EDGE('',*,*,#2143,.F.);
#1653=ORIENTED_EDGE('',*,*,#2173,.T.);
#1654=ORIENTED_EDGE('',*,*,#2171,.F.);
#1655=ORIENTED_EDGE('',*,*,#2172,.F.);
#1656=ORIENTED_EDGE('',*,*,#2179,.F.);
#1657=ORIENTED_EDGE('',*,*,#2303,.T.);
#1658=ORIENTED_EDGE('',*,*,#2300,.T.);
#1659=ORIENTED_EDGE('',*,*,#2304,.F.);
#1660=ORIENTED_EDGE('',*,*,#2178,.F.);
#1661=ORIENTED_EDGE('',*,*,#2149,.T.);
#1662=ORIENTED_EDGE('',*,*,#2147,.F.);
#1663=ORIENTED_EDGE('',*,*,#2148,.F.);
#1664=ORIENTED_EDGE('',*,*,#2180,.F.);
#1665=ORIENTED_EDGE('',*,*,#2161,.T.);
#1666=ORIENTED_EDGE('',*,*,#2159,.F.);
#1667=ORIENTED_EDGE('',*,*,#2160,.F.);
#1668=ORIENTED_EDGE('',*,*,#2177,.F.);
#1669=ORIENTED_EDGE('',*,*,#2188,.T.);
#1670=ORIENTED_EDGE('',*,*,#2186,.T.);
#1671=ORIENTED_EDGE('',*,*,#2187,.F.);
#1672=ORIENTED_EDGE('',*,*,#2199,.F.);
#1673=ORIENTED_EDGE('',*,*,#2304,.T.);
#1674=ORIENTED_EDGE('',*,*,#2301,.T.);
#1675=ORIENTED_EDGE('',*,*,#2305,.F.);
#1676=ORIENTED_EDGE('',*,*,#2155,.F.);
#1677=ORIENTED_EDGE('',*,*,#2151,.T.);
#1678=ORIENTED_EDGE('',*,*,#2150,.F.);
#1679=ORIENTED_EDGE('',*,*,#2152,.F.);
#1680=ORIENTED_EDGE('',*,*,#2236,.F.);
#1681=ORIENTED_EDGE('',*,*,#2305,.T.);
#1682=ORIENTED_EDGE('',*,*,#2302,.T.);
#1683=ORIENTED_EDGE('',*,*,#2306,.F.);
#1684=ORIENTED_EDGE('',*,*,#2154,.F.);
#1685=ORIENTED_EDGE('',*,*,#2175,.T.);
#1686=ORIENTED_EDGE('',*,*,#2174,.F.);
#1687=ORIENTED_EDGE('',*,*,#2176,.F.);
#1688=ORIENTED_EDGE('',*,*,#2216,.F.);
#1689=ORIENTED_EDGE('',*,*,#2163,.T.);
#1690=ORIENTED_EDGE('',*,*,#2162,.F.);
#1691=ORIENTED_EDGE('',*,*,#2164,.F.);
#1692=ORIENTED_EDGE('',*,*,#2153,.F.);
#1693=ORIENTED_EDGE('',*,*,#2360,.T.);
#1694=ORIENTED_EDGE('',*,*,#2317,.T.);
#1695=ORIENTED_EDGE('',*,*,#2311,.T.);
#1696=ORIENTED_EDGE('',*,*,#2356,.F.);
#1697=ORIENTED_EDGE('',*,*,#2416,.T.);
#1698=ORIENTED_EDGE('',*,*,#2358,.F.);
#1699=ORIENTED_EDGE('',*,*,#2379,.T.);
#1700=ORIENTED_EDGE('',*,*,#2318,.F.);
#1701=ORIENTED_EDGE('',*,*,#2405,.F.);
#1702=ORIENTED_EDGE('',*,*,#2406,.F.);
#1703=ORIENTED_EDGE('',*,*,#2404,.F.);
#1704=ORIENTED_EDGE('',*,*,#2403,.F.);
#1705=ORIENTED_EDGE('',*,*,#2374,.T.);
#1706=ORIENTED_EDGE('',*,*,#2329,.T.);
#1707=ORIENTED_EDGE('',*,*,#2323,.T.);
#1708=ORIENTED_EDGE('',*,*,#2362,.F.);
#1709=ORIENTED_EDGE('',*,*,#2376,.T.);
#1710=ORIENTED_EDGE('',*,*,#2364,.F.);
#1711=ORIENTED_EDGE('',*,*,#2385,.T.);
#1712=ORIENTED_EDGE('',*,*,#2330,.F.);
#1713=ORIENTED_EDGE('',*,*,#2422,.F.);
#1714=ORIENTED_EDGE('',*,*,#2424,.F.);
#1715=ORIENTED_EDGE('',*,*,#2423,.F.);
#1716=ORIENTED_EDGE('',*,*,#2421,.F.);
#1717=ORIENTED_EDGE('',*,*,#2381,.T.);
#1718=ORIENTED_EDGE('',*,*,#2341,.T.);
#1719=ORIENTED_EDGE('',*,*,#2335,.T.);
#1720=ORIENTED_EDGE('',*,*,#2368,.F.);
#1721=ORIENTED_EDGE('',*,*,#2409,.T.);
#1722=ORIENTED_EDGE('',*,*,#2370,.F.);
#1723=ORIENTED_EDGE('',*,*,#2391,.T.);
#1724=ORIENTED_EDGE('',*,*,#2342,.F.);
#1725=ORIENTED_EDGE('',*,*,#2331,.F.);
#1726=ORIENTED_EDGE('',*,*,#2332,.F.);
#1727=ORIENTED_EDGE('',*,*,#2387,.F.);
#1728=ORIENTED_EDGE('',*,*,#2322,.F.);
#1729=ORIENTED_EDGE('',*,*,#2420,.F.);
#1730=ORIENTED_EDGE('',*,*,#2418,.F.);
#1731=ORIENTED_EDGE('',*,*,#2419,.F.);
#1732=ORIENTED_EDGE('',*,*,#2417,.F.);
#1733=ORIENTED_EDGE('',*,*,#2312,.F.);
#1734=ORIENTED_EDGE('',*,*,#2313,.F.);
#1735=ORIENTED_EDGE('',*,*,#2377,.F.);
#1736=ORIENTED_EDGE('',*,*,#2378,.F.);
#1737=ORIENTED_EDGE('',*,*,#2311,.F.);
#1738=ORIENTED_EDGE('',*,*,#2316,.F.);
#1739=ORIENTED_EDGE('',*,*,#2379,.F.);
#1740=ORIENTED_EDGE('',*,*,#2380,.F.);
#1741=ORIENTED_EDGE('',*,*,#2366,.T.);
#1742=ORIENTED_EDGE('',*,*,#2355,.F.);
#1743=ORIENTED_EDGE('',*,*,#2377,.T.);
#1744=ORIENTED_EDGE('',*,*,#2314,.F.);
#1745=ORIENTED_EDGE('',*,*,#2401,.T.);
#1746=ORIENTED_EDGE('',*,*,#2315,.T.);
#1747=ORIENTED_EDGE('',*,*,#2312,.T.);
#1748=ORIENTED_EDGE('',*,*,#2357,.F.);
#1749=ORIENTED_EDGE('',*,*,#2359,.F.);
#1750=ORIENTED_EDGE('',*,*,#2375,.F.);
#1751=ORIENTED_EDGE('',*,*,#2394,.F.);
#1752=ORIENTED_EDGE('',*,*,#2310,.F.);
#1753=ORIENTED_EDGE('',*,*,#2324,.F.);
#1754=ORIENTED_EDGE('',*,*,#2325,.F.);
#1755=ORIENTED_EDGE('',*,*,#2383,.F.);
#1756=ORIENTED_EDGE('',*,*,#2384,.F.);
#1757=ORIENTED_EDGE('',*,*,#2323,.F.);
#1758=ORIENTED_EDGE('',*,*,#2328,.F.);
#1759=ORIENTED_EDGE('',*,*,#2385,.F.);
#1760=ORIENTED_EDGE('',*,*,#2386,.F.);
#1761=ORIENTED_EDGE('',*,*,#2407,.T.);
#1762=ORIENTED_EDGE('',*,*,#2361,.F.);
#1763=ORIENTED_EDGE('',*,*,#2383,.T.);
#1764=ORIENTED_EDGE('',*,*,#2326,.F.);
#1765=ORIENTED_EDGE('',*,*,#2408,.T.);
#1766=ORIENTED_EDGE('',*,*,#2327,.T.);
#1767=ORIENTED_EDGE('',*,*,#2324,.T.);
#1768=ORIENTED_EDGE('',*,*,#2363,.F.);
#1769=ORIENTED_EDGE('',*,*,#2371,.F.);
#1770=ORIENTED_EDGE('',*,*,#2372,.F.);
#1771=ORIENTED_EDGE('',*,*,#2373,.F.);
#1772=ORIENTED_EDGE('',*,*,#2307,.F.);
#1773=ORIENTED_EDGE('',*,*,#2390,.F.);
#1774=ORIENTED_EDGE('',*,*,#2335,.F.);
#1775=ORIENTED_EDGE('',*,*,#2340,.F.);
#1776=ORIENTED_EDGE('',*,*,#2391,.F.);
#1777=ORIENTED_EDGE('',*,*,#2392,.F.);
#1778=ORIENTED_EDGE('',*,*,#2336,.F.);
#1779=ORIENTED_EDGE('',*,*,#2337,.F.);
#1780=ORIENTED_EDGE('',*,*,#2389,.F.);
#1781=ORIENTED_EDGE('',*,*,#2414,.T.);
#1782=ORIENTED_EDGE('',*,*,#2367,.F.);
#1783=ORIENTED_EDGE('',*,*,#2389,.T.);
#1784=ORIENTED_EDGE('',*,*,#2338,.F.);
#1785=ORIENTED_EDGE('',*,*,#2415,.T.);
#1786=ORIENTED_EDGE('',*,*,#2339,.T.);
#1787=ORIENTED_EDGE('',*,*,#2336,.T.);
#1788=ORIENTED_EDGE('',*,*,#2369,.F.);
#1789=ORIENTED_EDGE('',*,*,#2333,.F.);
#1790=ORIENTED_EDGE('',*,*,#2334,.F.);
#1791=ORIENTED_EDGE('',*,*,#2308,.F.);
#1792=ORIENTED_EDGE('',*,*,#2388,.F.);
#1793=ORIENTED_EDGE('',*,*,#2411,.F.);
#1794=ORIENTED_EDGE('',*,*,#2412,.F.);
#1795=ORIENTED_EDGE('',*,*,#2413,.F.);
#1796=ORIENTED_EDGE('',*,*,#2410,.F.);
#1797=ORIENTED_EDGE('',*,*,#2384,.T.);
#1798=ORIENTED_EDGE('',*,*,#2396,.T.);
#1799=ORIENTED_EDGE('',*,*,#2392,.T.);
#1800=ORIENTED_EDGE('',*,*,#2400,.T.);
#1801=ORIENTED_EDGE('',*,*,#2380,.T.);
#1802=ORIENTED_EDGE('',*,*,#2398,.T.);
#1803=ORIENTED_EDGE('',*,*,#2352,.T.);
#1804=ORIENTED_EDGE('',*,*,#2347,.T.);
#1805=ORIENTED_EDGE('',*,*,#2378,.T.);
#1806=ORIENTED_EDGE('',*,*,#2397,.T.);
#1807=ORIENTED_EDGE('',*,*,#2386,.T.);
#1808=ORIENTED_EDGE('',*,*,#2399,.T.);
#1809=ORIENTED_EDGE('',*,*,#2390,.T.);
#1810=ORIENTED_EDGE('',*,*,#2395,.T.);
#1811=ORIENTED_EDGE('',*,*,#2349,.T.);
#1812=ORIENTED_EDGE('',*,*,#2348,.T.);
#1813=ORIENTED_EDGE('',*,*,#2425,.T.);
#1814=ORIENTED_EDGE('',*,*,#2357,.T.);
#1815=ORIENTED_EDGE('',*,*,#2347,.F.);
#1816=ORIENTED_EDGE('',*,*,#2353,.F.);
#1817=ORIENTED_EDGE('',*,*,#2426,.T.);
#1818=ORIENTED_EDGE('',*,*,#2369,.T.);
#1819=ORIENTED_EDGE('',*,*,#2396,.F.);
#1820=ORIENTED_EDGE('',*,*,#2361,.T.);
#1821=ORIENTED_EDGE('',*,*,#2427,.T.);
#1822=ORIENTED_EDGE('',*,*,#2350,.T.);
#1823=ORIENTED_EDGE('',*,*,#2395,.F.);
#1824=ORIENTED_EDGE('',*,*,#2367,.T.);
#1825=ORIENTED_EDGE('',*,*,#2428,.T.);
#1826=ORIENTED_EDGE('',*,*,#2363,.T.);
#1827=ORIENTED_EDGE('',*,*,#2397,.F.);
#1828=ORIENTED_EDGE('',*,*,#2355,.T.);
#1829=ORIENTED_EDGE('',*,*,#2429,.T.);
#1830=ORIENTED_EDGE('',*,*,#2362,.T.);
#1831=ORIENTED_EDGE('',*,*,#2400,.F.);
#1832=ORIENTED_EDGE('',*,*,#2370,.T.);
#1833=ORIENTED_EDGE('',*,*,#2430,.T.);
#1834=ORIENTED_EDGE('',*,*,#2368,.T.);
#1835=ORIENTED_EDGE('',*,*,#2348,.F.);
#1836=ORIENTED_EDGE('',*,*,#2351,.F.);
#1837=ORIENTED_EDGE('',*,*,#2431,.T.);
#1838=ORIENTED_EDGE('',*,*,#2356,.T.);
#1839=ORIENTED_EDGE('',*,*,#2399,.F.);
#1840=ORIENTED_EDGE('',*,*,#2364,.T.);
#1841=ORIENTED_EDGE('',*,*,#2432,.T.);
#1842=ORIENTED_EDGE('',*,*,#2354,.T.);
#1843=ORIENTED_EDGE('',*,*,#2398,.F.);
#1844=ORIENTED_EDGE('',*,*,#2358,.T.);
#1845=ORIENTED_EDGE('',*,*,#2433,.T.);
#1846=ORIENTED_EDGE('',*,*,#2332,.T.);
#1847=ORIENTED_EDGE('',*,*,#2434,.F.);
#1848=ORIENTED_EDGE('',*,*,#2393,.F.);
#1849=ORIENTED_EDGE('',*,*,#2435,.F.);
#1850=ORIENTED_EDGE('',*,*,#2420,.T.);
#1851=ORIENTED_EDGE('',*,*,#2462,.F.);
#1852=ORIENTED_EDGE('',*,*,#2345,.F.);
#1853=ORIENTED_EDGE('',*,*,#2436,.T.);
#1854=ORIENTED_EDGE('',*,*,#2404,.T.);
#1855=ORIENTED_EDGE('',*,*,#2448,.F.);
#1856=ORIENTED_EDGE('',*,*,#2365,.F.);
#1857=ORIENTED_EDGE('',*,*,#2454,.T.);
#1858=ORIENTED_EDGE('',*,*,#2373,.T.);
#1859=ORIENTED_EDGE('',*,*,#2437,.F.);
#1860=ORIENTED_EDGE('',*,*,#2402,.F.);
#1861=ORIENTED_EDGE('',*,*,#2394,.T.);
#1862=ORIENTED_EDGE('',*,*,#2440,.T.);
#1863=ORIENTED_EDGE('',*,*,#2360,.F.);
#1864=ORIENTED_EDGE('',*,*,#2438,.T.);
#1865=ORIENTED_EDGE('',*,*,#2405,.T.);
#1866=ORIENTED_EDGE('',*,*,#2439,.T.);
#1867=ORIENTED_EDGE('',*,*,#2401,.F.);
#1868=ORIENTED_EDGE('',*,*,#2449,.T.);
#1869=ORIENTED_EDGE('',*,*,#2439,.F.);
#1870=ORIENTED_EDGE('',*,*,#2403,.T.);
#1871=ORIENTED_EDGE('',*,*,#2436,.F.);
#1872=ORIENTED_EDGE('',*,*,#2344,.F.);
#1873=ORIENTED_EDGE('',*,*,#2440,.F.);
#1874=ORIENTED_EDGE('',*,*,#2375,.T.);
#1875=ORIENTED_EDGE('',*,*,#2460,.F.);
#1876=ORIENTED_EDGE('',*,*,#2319,.F.);
#1877=ORIENTED_EDGE('',*,*,#2424,.T.);
#1878=ORIENTED_EDGE('',*,*,#2441,.T.);
#1879=ORIENTED_EDGE('',*,*,#2374,.F.);
#1880=ORIENTED_EDGE('',*,*,#2452,.T.);
#1881=ORIENTED_EDGE('',*,*,#2412,.T.);
#1882=ORIENTED_EDGE('',*,*,#2442,.T.);
#1883=ORIENTED_EDGE('',*,*,#2408,.F.);
#1884=ORIENTED_EDGE('',*,*,#2443,.T.);
#1885=ORIENTED_EDGE('',*,*,#2442,.F.);
#1886=ORIENTED_EDGE('',*,*,#2411,.T.);
#1887=ORIENTED_EDGE('',*,*,#2456,.F.);
#1888=ORIENTED_EDGE('',*,*,#2346,.F.);
#1889=ORIENTED_EDGE('',*,*,#2441,.F.);
#1890=ORIENTED_EDGE('',*,*,#2422,.T.);
#1891=ORIENTED_EDGE('',*,*,#2444,.F.);
#1892=ORIENTED_EDGE('',*,*,#2382,.F.);
#1893=ORIENTED_EDGE('',*,*,#2322,.T.);
#1894=ORIENTED_EDGE('',*,*,#2445,.T.);
#1895=ORIENTED_EDGE('',*,*,#2381,.F.);
#1896=ORIENTED_EDGE('',*,*,#2446,.T.);
#1897=ORIENTED_EDGE('',*,*,#2333,.T.);
#1898=ORIENTED_EDGE('',*,*,#2447,.T.);
#1899=ORIENTED_EDGE('',*,*,#2415,.F.);
#1900=ORIENTED_EDGE('',*,*,#2451,.F.);
#1901=ORIENTED_EDGE('',*,*,#2447,.F.);
#1902=ORIENTED_EDGE('',*,*,#2388,.T.);
#1903=ORIENTED_EDGE('',*,*,#2458,.F.);
#1904=ORIENTED_EDGE('',*,*,#2343,.F.);
#1905=ORIENTED_EDGE('',*,*,#2445,.F.);
#1906=ORIENTED_EDGE('',*,*,#2387,.T.);
#1907=ORIENTED_EDGE('',*,*,#2433,.F.);
#1908=ORIENTED_EDGE('',*,*,#2320,.F.);
#1909=ORIENTED_EDGE('',*,*,#2406,.T.);
#1910=ORIENTED_EDGE('',*,*,#2449,.F.);
#1911=ORIENTED_EDGE('',*,*,#2425,.F.);
#1912=ORIENTED_EDGE('',*,*,#2448,.T.);
#1913=ORIENTED_EDGE('',*,*,#2371,.T.);
#1914=ORIENTED_EDGE('',*,*,#2455,.T.);
#1915=ORIENTED_EDGE('',*,*,#2432,.F.);
#1916=ORIENTED_EDGE('',*,*,#2457,.T.);
#1917=ORIENTED_EDGE('',*,*,#2413,.T.);
#1918=ORIENTED_EDGE('',*,*,#2443,.F.);
#1919=ORIENTED_EDGE('',*,*,#2428,.F.);
#1920=ORIENTED_EDGE('',*,*,#2450,.T.);
#1921=ORIENTED_EDGE('',*,*,#2310,.T.);
#1922=ORIENTED_EDGE('',*,*,#2438,.F.);
#1923=ORIENTED_EDGE('',*,*,#2431,.F.);
#1924=ORIENTED_EDGE('',*,*,#2461,.T.);
#1925=ORIENTED_EDGE('',*,*,#2419,.T.);
#1926=ORIENTED_EDGE('',*,*,#2453,.T.);
#1927=ORIENTED_EDGE('',*,*,#2427,.F.);
#1928=ORIENTED_EDGE('',*,*,#2463,.T.);
#1929=ORIENTED_EDGE('',*,*,#2331,.T.);
#1930=ORIENTED_EDGE('',*,*,#2446,.F.);
#1931=ORIENTED_EDGE('',*,*,#2430,.F.);
#1932=ORIENTED_EDGE('',*,*,#2434,.T.);
#1933=ORIENTED_EDGE('',*,*,#2334,.T.);
#1934=ORIENTED_EDGE('',*,*,#2451,.T.);
#1935=ORIENTED_EDGE('',*,*,#2426,.F.);
#1936=ORIENTED_EDGE('',*,*,#2459,.T.);
#1937=ORIENTED_EDGE('',*,*,#2423,.T.);
#1938=ORIENTED_EDGE('',*,*,#2452,.F.);
#1939=ORIENTED_EDGE('',*,*,#2429,.F.);
#1940=ORIENTED_EDGE('',*,*,#2464,.T.);
#1941=ORIENTED_EDGE('',*,*,#2453,.F.);
#1942=ORIENTED_EDGE('',*,*,#2418,.T.);
#1943=ORIENTED_EDGE('',*,*,#2435,.T.);
#1944=ORIENTED_EDGE('',*,*,#2309,.F.);
#1945=ORIENTED_EDGE('',*,*,#2455,.F.);
#1946=ORIENTED_EDGE('',*,*,#2307,.T.);
#1947=ORIENTED_EDGE('',*,*,#2454,.F.);
#1948=ORIENTED_EDGE('',*,*,#2321,.F.);
#1949=ORIENTED_EDGE('',*,*,#2410,.T.);
#1950=ORIENTED_EDGE('',*,*,#2450,.F.);
#1951=ORIENTED_EDGE('',*,*,#2366,.F.);
#1952=ORIENTED_EDGE('',*,*,#2456,.T.);
#1953=ORIENTED_EDGE('',*,*,#2372,.T.);
#1954=ORIENTED_EDGE('',*,*,#2457,.F.);
#1955=ORIENTED_EDGE('',*,*,#2416,.F.);
#1956=ORIENTED_EDGE('',*,*,#2437,.T.);
#1957=ORIENTED_EDGE('',*,*,#2308,.T.);
#1958=ORIENTED_EDGE('',*,*,#2459,.F.);
#1959=ORIENTED_EDGE('',*,*,#2407,.F.);
#1960=ORIENTED_EDGE('',*,*,#2458,.T.);
#1961=ORIENTED_EDGE('',*,*,#2359,.T.);
#1962=ORIENTED_EDGE('',*,*,#2461,.F.);
#1963=ORIENTED_EDGE('',*,*,#2376,.F.);
#1964=ORIENTED_EDGE('',*,*,#2460,.T.);
#1965=ORIENTED_EDGE('',*,*,#2417,.T.);
#1966=ORIENTED_EDGE('',*,*,#2463,.F.);
#1967=ORIENTED_EDGE('',*,*,#2414,.F.);
#1968=ORIENTED_EDGE('',*,*,#2462,.T.);
#1969=ORIENTED_EDGE('',*,*,#2421,.T.);
#1970=ORIENTED_EDGE('',*,*,#2464,.F.);
#1971=ORIENTED_EDGE('',*,*,#2409,.F.);
#1972=ORIENTED_EDGE('',*,*,#2444,.T.);
#1973=ORIENTED_EDGE('',*,*,#2465,.T.);
#1974=ORIENTED_EDGE('',*,*,#2466,.T.);
#1975=ORIENTED_EDGE('',*,*,#2467,.T.);
#1976=ORIENTED_EDGE('',*,*,#2468,.T.);
#1977=ORIENTED_EDGE('',*,*,#2309,.T.);
#1978=ORIENTED_EDGE('',*,*,#2469,.T.);
#1979=ORIENTED_EDGE('',*,*,#2465,.F.);
#1980=ORIENTED_EDGE('',*,*,#2471,.F.);
#1981=ORIENTED_EDGE('',*,*,#2393,.T.);
#1982=ORIENTED_EDGE('',*,*,#2351,.T.);
#1983=ORIENTED_EDGE('',*,*,#2349,.F.);
#1984=ORIENTED_EDGE('',*,*,#2350,.F.);
#1985=ORIENTED_EDGE('',*,*,#2343,.T.);
#1986=ORIENTED_EDGE('',*,*,#2326,.T.);
#1987=ORIENTED_EDGE('',*,*,#2325,.T.);
#1988=ORIENTED_EDGE('',*,*,#2327,.F.);
#1989=ORIENTED_EDGE('',*,*,#2346,.T.);
#1990=ORIENTED_EDGE('',*,*,#2314,.T.);
#1991=ORIENTED_EDGE('',*,*,#2313,.T.);
#1992=ORIENTED_EDGE('',*,*,#2315,.F.);
#1993=ORIENTED_EDGE('',*,*,#2344,.T.);
#1994=ORIENTED_EDGE('',*,*,#2470,.T.);
#1995=ORIENTED_EDGE('',*,*,#2466,.F.);
#1996=ORIENTED_EDGE('',*,*,#2469,.F.);
#1997=ORIENTED_EDGE('',*,*,#2345,.T.);
#1998=ORIENTED_EDGE('',*,*,#2338,.T.);
#1999=ORIENTED_EDGE('',*,*,#2337,.T.);
#2000=ORIENTED_EDGE('',*,*,#2339,.F.);
#2001=ORIENTED_EDGE('',*,*,#2321,.T.);
#2002=ORIENTED_EDGE('',*,*,#2472,.T.);
#2003=ORIENTED_EDGE('',*,*,#2467,.F.);
#2004=ORIENTED_EDGE('',*,*,#2470,.F.);
#2005=ORIENTED_EDGE('',*,*,#2365,.T.);
#2006=ORIENTED_EDGE('',*,*,#2353,.T.);
#2007=ORIENTED_EDGE('',*,*,#2352,.F.);
#2008=ORIENTED_EDGE('',*,*,#2354,.F.);
#2009=ORIENTED_EDGE('',*,*,#2319,.T.);
#2010=ORIENTED_EDGE('',*,*,#2330,.T.);
#2011=ORIENTED_EDGE('',*,*,#2328,.T.);
#2012=ORIENTED_EDGE('',*,*,#2329,.F.);
#2013=ORIENTED_EDGE('',*,*,#2382,.T.);
#2014=ORIENTED_EDGE('',*,*,#2342,.T.);
#2015=ORIENTED_EDGE('',*,*,#2340,.T.);
#2016=ORIENTED_EDGE('',*,*,#2341,.F.);
#2017=ORIENTED_EDGE('',*,*,#2320,.T.);
#2018=ORIENTED_EDGE('',*,*,#2471,.T.);
#2019=ORIENTED_EDGE('',*,*,#2468,.F.);
#2020=ORIENTED_EDGE('',*,*,#2472,.F.);
#2021=ORIENTED_EDGE('',*,*,#2402,.T.);
#2022=ORIENTED_EDGE('',*,*,#2318,.T.);
#2023=ORIENTED_EDGE('',*,*,#2316,.T.);
#2024=ORIENTED_EDGE('',*,*,#2317,.F.);
#2025=EDGE_CURVE('',#2545,#2548,#2525,.T.);
#2026=EDGE_CURVE('',#2546,#2547,#2526,.T.);
#2027=EDGE_CURVE('',#2546,#2545,#2473,.T.);
#2028=EDGE_CURVE('',#2547,#2548,#2474,.T.);
#2029=EDGE_CURVE('',#2548,#2545,#2527,.T.);
#2030=EDGE_CURVE('',#2547,#2546,#2528,.T.);
#2031=EDGE_CURVE('',#2549,#2550,#2529,.T.);
#2032=EDGE_CURVE('',#2549,#2550,#2530,.T.);
#2033=EDGE_CURVE('',#2551,#2552,#21,.T.);
#2034=EDGE_CURVE('',#2553,#2554,#22,.T.);
#2035=EDGE_CURVE('',#2552,#2554,#23,.T.);
#2036=EDGE_CURVE('',#2553,#2551,#24,.T.);
#2037=EDGE_CURVE('',#2555,#2556,#25,.T.);
#2038=EDGE_CURVE('',#2555,#2557,#26,.T.);
#2039=EDGE_CURVE('',#2556,#2558,#27,.T.);
#2040=EDGE_CURVE('',#2557,#2558,#28,.T.);
#2041=EDGE_CURVE('',#2559,#2560,#29,.T.);
#2042=EDGE_CURVE('',#2561,#2559,#30,.T.);
#2043=EDGE_CURVE('',#2561,#2562,#31,.T.);
#2044=EDGE_CURVE('',#2562,#2560,#32,.T.);
#2045=EDGE_CURVE('',#2563,#2564,#33,.T.);
#2046=EDGE_CURVE('',#2565,#2566,#34,.T.);
#2047=EDGE_CURVE('',#2563,#2565,#35,.T.);
#2048=EDGE_CURVE('',#2566,#2564,#36,.T.);
#2049=EDGE_CURVE('',#2567,#2568,#37,.T.);
#2050=EDGE_CURVE('',#2569,#2570,#38,.T.);
#2051=EDGE_CURVE('',#2568,#2569,#39,.T.);
#2052=EDGE_CURVE('',#2570,#2567,#40,.T.);
#2053=EDGE_CURVE('',#2571,#2572,#41,.T.);
#2054=EDGE_CURVE('',#2573,#2574,#42,.T.);
#2055=EDGE_CURVE('',#2574,#2571,#43,.T.);
#2056=EDGE_CURVE('',#2572,#2573,#44,.T.);
#2057=EDGE_CURVE('',#2568,#2553,#2475,.T.);
#2058=EDGE_CURVE('',#2569,#2554,#2476,.T.);
#2059=EDGE_CURVE('',#2554,#2557,#2477,.T.);
#2060=EDGE_CURVE('',#2555,#2552,#2478,.T.);
#2061=EDGE_CURVE('',#2574,#2551,#2479,.T.);
#2062=EDGE_CURVE('',#2558,#2559,#2480,.T.);
#2063=EDGE_CURVE('',#2561,#2556,#2481,.T.);
#2064=EDGE_CURVE('',#2571,#2555,#2482,.T.);
#2065=EDGE_CURVE('',#2556,#2572,#2483,.T.);
#2066=EDGE_CURVE('',#2559,#2570,#2484,.T.);
#2067=EDGE_CURVE('',#2560,#2565,#2485,.T.);
#2068=EDGE_CURVE('',#2563,#2562,#2486,.T.);
#2069=EDGE_CURVE('',#2572,#2561,#2487,.T.);
#2070=EDGE_CURVE('',#2566,#2568,#2488,.T.);
#2071=EDGE_CURVE('',#2565,#2567,#2489,.T.);
#2072=EDGE_CURVE('',#2564,#2574,#2490,.T.);
#2073=EDGE_CURVE('',#2573,#2563,#2491,.T.);
#2074=EDGE_CURVE('',#2553,#2566,#2492,.T.);
#2075=EDGE_CURVE('',#2557,#2569,#2493,.T.);
#2076=EDGE_CURVE('',#2552,#2571,#2494,.T.);
#2077=EDGE_CURVE('',#2551,#2564,#2495,.T.);
#2078=EDGE_CURVE('',#2570,#2558,#2496,.T.);
#2079=EDGE_CURVE('',#2567,#2560,#2497,.T.);
#2080=EDGE_CURVE('',#2562,#2573,#2498,.T.);
#2081=EDGE_CURVE('',#2575,#2576,#45,.T.);
#2082=EDGE_CURVE('',#2576,#2577,#46,.T.);
#2083=EDGE_CURVE('',#2577,#2578,#47,.T.);
#2084=EDGE_CURVE('',#2578,#2575,#48,.T.);
#2085=EDGE_CURVE('',#2575,#2579,#49,.T.);
#2086=EDGE_CURVE('',#2576,#2580,#50,.T.);
#2087=EDGE_CURVE('',#2577,#2581,#51,.T.);
#2088=EDGE_CURVE('',#2578,#2582,#52,.T.);
#2089=EDGE_CURVE('',#2579,#2580,#53,.T.);
#2090=EDGE_CURVE('',#2580,#2581,#54,.T.);
#2091=EDGE_CURVE('',#2581,#2582,#55,.T.);
#2092=EDGE_CURVE('',#2582,#2579,#56,.T.);
#2093=EDGE_CURVE('',#2583,#2585,#57,.T.);
#2094=EDGE_CURVE('',#2583,#2584,#58,.T.);
#2095=EDGE_CURVE('',#2584,#2586,#59,.T.);
#2096=EDGE_CURVE('',#2585,#2586,#60,.T.);
#2097=EDGE_CURVE('',#2585,#2583,#61,.T.);
#2098=EDGE_CURVE('',#2586,#2584,#62,.T.);
#2099=EDGE_CURVE('',#2587,#2589,#63,.T.);
#2100=EDGE_CURVE('',#2587,#2588,#64,.T.);
#2101=EDGE_CURVE('',#2588,#2590,#65,.T.);
#2102=EDGE_CURVE('',#2589,#2590,#66,.T.);
#2103=EDGE_CURVE('',#2589,#2587,#67,.T.);
#2104=EDGE_CURVE('',#2590,#2588,#68,.T.);
#2105=EDGE_CURVE('',#2591,#2593,#2531,.T.);
#2106=EDGE_CURVE('',#2591,#2592,#69,.T.);
#2107=EDGE_CURVE('',#2592,#2594,#2532,.T.);
#2108=EDGE_CURVE('',#2593,#2594,#70,.T.);
#2109=EDGE_CURVE('',#2593,#2591,#2533,.T.);
#2110=EDGE_CURVE('',#2594,#2592,#2534,.T.);
#2111=EDGE_CURVE('',#2599,#2604,#2499,.T.);
#2112=EDGE_CURVE('',#2601,#2606,#2500,.T.);
#2113=EDGE_CURVE('',#2600,#2602,#2501,.T.);
#2114=EDGE_CURVE('',#2599,#2600,#2502,.T.);
#2115=EDGE_CURVE('',#2600,#2607,#2503,.T.);
#2116=EDGE_CURVE('',#2601,#2602,#2504,.T.);
#2117=EDGE_CURVE('',#2602,#2608,#2505,.T.);
#2118=EDGE_CURVE('',#2595,#2603,#2506,.T.);
#2119=EDGE_CURVE('',#2596,#2605,#2507,.T.);
#2120=EDGE_CURVE('',#2595,#2599,#2508,.T.);
#2121=EDGE_CURVE('',#2596,#2601,#2509,.T.);
#2122=EDGE_CURVE('',#2598,#2610,#2510,.T.);
#2123=EDGE_CURVE('',#2595,#2597,#71,.T.);
#2124=EDGE_CURVE('',#2597,#2609,#2511,.T.);
#2125=EDGE_CURVE('',#2596,#2598,#72,.T.);
#2126=EDGE_CURVE('',#2603,#2604,#2512,.T.);
#2127=EDGE_CURVE('',#2604,#2599,#2513,.T.);
#2128=EDGE_CURVE('',#2603,#2595,#2514,.T.);
#2129=EDGE_CURVE('',#2605,#2606,#2515,.T.);
#2130=EDGE_CURVE('',#2606,#2601,#2516,.T.);
#2131=EDGE_CURVE('',#2605,#2596,#2517,.T.);
#2132=EDGE_CURVE('',#2607,#2608,#2518,.T.);
#2133=EDGE_CURVE('',#2607,#2600,#2519,.T.);
#2134=EDGE_CURVE('',#2608,#2602,#2520,.T.);
#2135=EDGE_CURVE('',#2604,#2607,#2521,.T.);
#2136=EDGE_CURVE('',#2606,#2608,#2522,.T.);
#2137=EDGE_CURVE('',#2603,#2609,#73,.T.);
#2138=EDGE_CURVE('',#2609,#2597,#2523,.T.);
#2139=EDGE_CURVE('',#2605,#2610,#74,.T.);
#2140=EDGE_CURVE('',#2610,#2598,#2524,.T.);
#2141=EDGE_CURVE('',#2657,#2658,#83,.T.);
#2142=EDGE_CURVE('',#2674,#2676,#84,.T.);
#2143=EDGE_CURVE('',#2677,#2643,#85,.T.);
#2144=EDGE_CURVE('',#2663,#2664,#86,.T.);
#2145=EDGE_CURVE('',#2614,#2627,#87,.T.);
#2146=EDGE_CURVE('',#2612,#2629,#88,.T.);
#2147=EDGE_CURVE('',#2611,#2612,#89,.T.);
#2148=EDGE_CURVE('',#2646,#2611,#90,.T.);
#2149=EDGE_CURVE('',#2641,#2612,#91,.T.);
#2150=EDGE_CURVE('',#2613,#2614,#92,.T.);
#2151=EDGE_CURVE('',#2647,#2614,#93,.T.);
#2152=EDGE_CURVE('',#2652,#2613,#94,.T.);
#2153=EDGE_CURVE('',#2647,#2648,#95,.T.);
#2154=EDGE_CURVE('',#2653,#2654,#96,.T.);
#2155=EDGE_CURVE('',#2679,#2651,#97,.T.);
#2156=EDGE_CURVE('',#2669,#2670,#98,.T.);
#2157=EDGE_CURVE('',#2618,#2631,#99,.T.);
#2158=EDGE_CURVE('',#2616,#2633,#100,.T.);
#2159=EDGE_CURVE('',#2615,#2616,#101,.T.);
#2160=EDGE_CURVE('',#2640,#2615,#102,.T.);
#2161=EDGE_CURVE('',#2645,#2616,#103,.T.);
#2162=EDGE_CURVE('',#2617,#2618,#104,.T.);
#2163=EDGE_CURVE('',#2649,#2618,#105,.T.);
#2164=EDGE_CURVE('',#2648,#2617,#106,.T.);
#2165=EDGE_CURVE('',#2671,#2669,#107,.T.);
#2166=EDGE_CURVE('',#2672,#2671,#108,.T.);
#2167=EDGE_CURVE('',#2675,#2673,#109,.T.);
#2168=EDGE_CURVE('',#2676,#2675,#110,.T.);
#2169=EDGE_CURVE('',#2622,#2635,#111,.T.);
#2170=EDGE_CURVE('',#2620,#2637,#112,.T.);
#2171=EDGE_CURVE('',#2619,#2620,#113,.T.);
#2172=EDGE_CURVE('',#2644,#2619,#114,.T.);
#2173=EDGE_CURVE('',#2639,#2620,#115,.T.);
#2174=EDGE_CURVE('',#2621,#2622,#116,.T.);
#2175=EDGE_CURVE('',#2653,#2622,#117,.T.);
#2176=EDGE_CURVE('',#2650,#2621,#118,.T.);
#2177=EDGE_CURVE('',#2639,#2640,#119,.T.);
#2178=EDGE_CURVE('',#2641,#2642,#120,.T.);
#2179=EDGE_CURVE('',#2643,#2644,#121,.T.);
#2180=EDGE_CURVE('',#2645,#2646,#122,.T.);
#2181=EDGE_CURVE('',#2626,#2629,#123,.T.);
#2182=EDGE_CURVE('',#2624,#2635,#124,.T.);
#2183=EDGE_CURVE('',#2623,#2624,#125,.T.);
#2184=EDGE_CURVE('',#2677,#2623,#126,.T.);
#2185=EDGE_CURVE('',#2678,#2624,#127,.T.);
#2186=EDGE_CURVE('',#2625,#2626,#128,.T.);
#2187=EDGE_CURVE('',#2680,#2626,#129,.T.);
#2188=EDGE_CURVE('',#2679,#2625,#130,.T.);
#2189=EDGE_CURVE('',#2628,#2681,#131,.T.);
#2190=EDGE_CURVE('',#2655,#2627,#132,.T.);
#2191=EDGE_CURVE('',#2682,#2629,#133,.T.);
#2192=EDGE_CURVE('',#2630,#2656,#134,.T.);
#2193=EDGE_CURVE('',#2666,#2663,#135,.T.);
#2194=EDGE_CURVE('',#2655,#2647,#136,.T.);
#2195=EDGE_CURVE('',#2632,#2687,#137,.T.);
#2196=EDGE_CURVE('',#2661,#2631,#138,.T.);
#2197=EDGE_CURVE('',#2688,#2633,#139,.T.);
#2198=EDGE_CURVE('',#2634,#2662,#140,.T.);
#2199=EDGE_CURVE('',#2642,#2680,#141,.T.);
#2200=EDGE_CURVE('',#2646,#2681,#142,.T.);
#2201=EDGE_CURVE('',#2636,#2693,#143,.T.);
#2202=EDGE_CURVE('',#2667,#2635,#144,.T.);
#2203=EDGE_CURVE('',#2694,#2637,#145,.T.);
#2204=EDGE_CURVE('',#2638,#2668,#146,.T.);
#2205=EDGE_CURVE('',#2659,#2657,#147,.T.);
#2206=EDGE_CURVE('',#2660,#2659,#148,.T.);
#2207=EDGE_CURVE('',#2658,#2660,#149,.T.);
#2208=EDGE_CURVE('',#2661,#2649,#150,.T.);
#2209=EDGE_CURVE('',#2665,#2666,#151,.T.);
#2210=EDGE_CURVE('',#2648,#2662,#152,.T.);
#2211=EDGE_CURVE('',#2628,#2611,#153,.T.);
#2212=EDGE_CURVE('',#2627,#2628,#154,.T.);
#2213=EDGE_CURVE('',#2630,#2613,#155,.T.);
#2214=EDGE_CURVE('',#2629,#2630,#156,.T.);
#2215=EDGE_CURVE('',#2667,#2653,#157,.T.);
#2216=EDGE_CURVE('',#2649,#2650,#158,.T.);
#2217=EDGE_CURVE('',#2632,#2615,#159,.T.);
#2218=EDGE_CURVE('',#2631,#2632,#160,.T.);
#2219=EDGE_CURVE('',#2634,#2617,#161,.T.);
#2220=EDGE_CURVE('',#2633,#2634,#162,.T.);
#2221=EDGE_CURVE('',#2670,#2672,#163,.T.);
#2222=EDGE_CURVE('',#2673,#2674,#164,.T.);
#2223=EDGE_CURVE('',#2636,#2619,#165,.T.);
#2224=EDGE_CURVE('',#2635,#2636,#166,.T.);
#2225=EDGE_CURVE('',#2638,#2621,#167,.T.);
#2226=EDGE_CURVE('',#2637,#2638,#168,.T.);
#2227=EDGE_CURVE('',#2654,#2678,#169,.T.);
#2228=EDGE_CURVE('',#2664,#2665,#170,.T.);
#2229=EDGE_CURVE('',#2636,#2623,#171,.T.);
#2230=EDGE_CURVE('',#2632,#2637,#172,.T.);
#2231=EDGE_CURVE('',#2628,#2633,#173,.T.);
#2232=EDGE_CURVE('',#2630,#2625,#174,.T.);
#2233=EDGE_CURVE('',#2634,#2627,#175,.T.);
#2234=EDGE_CURVE('',#2638,#2631,#176,.T.);
#2235=EDGE_CURVE('',#2682,#2641,#177,.T.);
#2236=EDGE_CURVE('',#2651,#2652,#178,.T.);
#2237=EDGE_CURVE('',#2683,#2684,#179,.T.);
#2238=EDGE_CURVE('',#2684,#2685,#180,.T.);
#2239=EDGE_CURVE('',#2686,#2683,#181,.T.);
#2240=EDGE_CURVE('',#2685,#2686,#182,.T.);
#2241=EDGE_CURVE('',#2640,#2687,#183,.T.);
#2242=EDGE_CURVE('',#2688,#2645,#184,.T.);
#2243=EDGE_CURVE('',#2650,#2668,#185,.T.);
#2244=EDGE_CURVE('',#2689,#2690,#186,.T.);
#2245=EDGE_CURVE('',#2691,#2689,#187,.T.);
#2246=EDGE_CURVE('',#2692,#2691,#188,.T.);
#2247=EDGE_CURVE('',#2690,#2692,#189,.T.);
#2248=EDGE_CURVE('',#2644,#2693,#190,.T.);
#2249=EDGE_CURVE('',#2694,#2639,#191,.T.);
#2250=EDGE_CURVE('',#2652,#2656,#192,.T.);
#2251=EDGE_CURVE('',#2695,#2696,#193,.T.);
#2252=EDGE_CURVE('',#2697,#2698,#194,.T.);
#2253=EDGE_CURVE('',#2696,#2697,#195,.T.);
#2254=EDGE_CURVE('',#2698,#2695,#196,.T.);
#2255=EDGE_CURVE('',#2699,#2700,#197,.T.);
#2256=EDGE_CURVE('',#2701,#2699,#198,.T.);
#2257=EDGE_CURVE('',#2700,#2702,#199,.T.);
#2258=EDGE_CURVE('',#2702,#2701,#200,.T.);
#2259=EDGE_CURVE('',#2680,#2682,#201,.T.);
#2260=EDGE_CURVE('',#2687,#2694,#202,.T.);
#2261=EDGE_CURVE('',#2693,#2677,#203,.T.);
#2262=EDGE_CURVE('',#2681,#2688,#204,.T.);
#2263=EDGE_CURVE('',#2668,#2661,#205,.T.);
#2264=EDGE_CURVE('',#2678,#2667,#206,.T.);
#2265=EDGE_CURVE('',#2662,#2655,#207,.T.);
#2266=EDGE_CURVE('',#2656,#2679,#208,.T.);
#2267=EDGE_CURVE('',#2654,#2672,#209,.T.);
#2268=EDGE_CURVE('',#2678,#2671,#210,.T.);
#2269=EDGE_CURVE('',#2698,#2643,#211,.T.);
#2270=EDGE_CURVE('',#2642,#2684,#212,.T.);
#2271=EDGE_CURVE('',#2652,#2660,#213,.T.);
#2272=EDGE_CURVE('',#2655,#2664,#214,.T.);
#2273=EDGE_CURVE('',#2683,#2641,#215,.T.);
#2274=EDGE_CURVE('',#2665,#2647,#216,.T.);
#2275=EDGE_CURVE('',#2701,#2649,#217,.T.);
#2276=EDGE_CURVE('',#2691,#2645,#218,.T.);
#2277=EDGE_CURVE('',#2688,#2692,#219,.T.);
#2278=EDGE_CURVE('',#2650,#2699,#220,.T.);
#2279=EDGE_CURVE('',#2670,#2653,#221,.T.);
#2280=EDGE_CURVE('',#2667,#2669,#222,.T.);
#2281=EDGE_CURVE('',#2673,#2639,#223,.T.);
#2282=EDGE_CURVE('',#2680,#2685,#224,.T.);
#2283=EDGE_CURVE('',#2682,#2686,#225,.T.);
#2284=EDGE_CURVE('',#2681,#2690,#226,.T.);
#2285=EDGE_CURVE('',#2675,#2694,#227,.T.);
#2286=EDGE_CURVE('',#2661,#2702,#228,.T.);
#2287=EDGE_CURVE('',#2697,#2677,#229,.T.);
#2288=EDGE_CURVE('',#2651,#2658,#230,.T.);
#2289=EDGE_CURVE('',#2657,#2679,#231,.T.);
#2290=EDGE_CURVE('',#2646,#2689,#232,.T.);
#2291=EDGE_CURVE('',#2656,#2659,#233,.T.);
#2292=EDGE_CURVE('',#2640,#2674,#234,.T.);
#2293=EDGE_CURVE('',#2687,#2676,#235,.T.);
#2294=EDGE_CURVE('',#2648,#2666,#236,.T.);
#2295=EDGE_CURVE('',#2662,#2663,#237,.T.);
#2296=EDGE_CURVE('',#2644,#2695,#238,.T.);
#2297=EDGE_CURVE('',#2693,#2696,#239,.T.);
#2298=EDGE_CURVE('',#2668,#2700,#240,.T.);
#2299=EDGE_CURVE('',#2704,#2703,#241,.T.);
#2300=EDGE_CURVE('',#2703,#2705,#242,.T.);
#2301=EDGE_CURVE('',#2705,#2706,#243,.T.);
#2302=EDGE_CURVE('',#2706,#2704,#244,.T.);
#2303=EDGE_CURVE('',#2643,#2703,#245,.T.);
#2304=EDGE_CURVE('',#2642,#2705,#246,.T.);
#2305=EDGE_CURVE('',#2651,#2706,#247,.T.);
#2306=EDGE_CURVE('',#2654,#2704,#248,.T.);
#2307=EDGE_CURVE('',#2753,#2754,#249,.T.);
#2308=EDGE_CURVE('',#2770,#2772,#250,.T.);
#2309=EDGE_CURVE('',#2773,#2739,#251,.T.);
#2310=EDGE_CURVE('',#2759,#2760,#252,.T.);
#2311=EDGE_CURVE('',#2710,#2723,#253,.T.);
#2312=EDGE_CURVE('',#2708,#2725,#254,.T.);
#2313=EDGE_CURVE('',#2707,#2708,#255,.T.);
#2314=EDGE_CURVE('',#2742,#2707,#256,.T.);
#2315=EDGE_CURVE('',#2737,#2708,#257,.T.);
#2316=EDGE_CURVE('',#2709,#2710,#258,.T.);
#2317=EDGE_CURVE('',#2743,#2710,#259,.T.);
#2318=EDGE_CURVE('',#2748,#2709,#260,.T.);
#2319=EDGE_CURVE('',#2743,#2744,#261,.T.);
#2320=EDGE_CURVE('',#2749,#2750,#262,.T.);
#2321=EDGE_CURVE('',#2775,#2747,#263,.T.);
#2322=EDGE_CURVE('',#2765,#2766,#264,.T.);
#2323=EDGE_CURVE('',#2714,#2727,#265,.T.);
#2324=EDGE_CURVE('',#2712,#2729,#266,.T.);
#2325=EDGE_CURVE('',#2711,#2712,#267,.T.);
#2326=EDGE_CURVE('',#2736,#2711,#268,.T.);
#2327=EDGE_CURVE('',#2741,#2712,#269,.T.);
#2328=EDGE_CURVE('',#2713,#2714,#270,.T.);
#2329=EDGE_CURVE('',#2745,#2714,#271,.T.);
#2330=EDGE_CURVE('',#2744,#2713,#272,.T.);
#2331=EDGE_CURVE('',#2767,#2765,#273,.T.);
#2332=EDGE_CURVE('',#2768,#2767,#274,.T.);
#2333=EDGE_CURVE('',#2771,#2769,#275,.T.);
#2334=EDGE_CURVE('',#2772,#2771,#276,.T.);
#2335=EDGE_CURVE('',#2718,#2731,#277,.T.);
#2336=EDGE_CURVE('',#2716,#2733,#278,.T.);
#2337=EDGE_CURVE('',#2715,#2716,#279,.T.);
#2338=EDGE_CURVE('',#2740,#2715,#280,.T.);
#2339=EDGE_CURVE('',#2735,#2716,#281,.T.);
#2340=EDGE_CURVE('',#2717,#2718,#282,.T.);
#2341=EDGE_CURVE('',#2749,#2718,#283,.T.);
#2342=EDGE_CURVE('',#2746,#2717,#284,.T.);
#2343=EDGE_CURVE('',#2735,#2736,#285,.T.);
#2344=EDGE_CURVE('',#2737,#2738,#286,.T.);
#2345=EDGE_CURVE('',#2739,#2740,#287,.T.);
#2346=EDGE_CURVE('',#2741,#2742,#288,.T.);
#2347=EDGE_CURVE('',#2722,#2725,#289,.T.);
#2348=EDGE_CURVE('',#2720,#2731,#290,.T.);
#2349=EDGE_CURVE('',#2719,#2720,#291,.T.);
#2350=EDGE_CURVE('',#2773,#2719,#292,.T.);
#2351=EDGE_CURVE('',#2774,#2720,#293,.T.);
#2352=EDGE_CURVE('',#2721,#2722,#294,.T.);
#2353=EDGE_CURVE('',#2776,#2722,#295,.T.);
#2354=EDGE_CURVE('',#2775,#2721,#296,.T.);
#2355=EDGE_CURVE('',#2724,#2777,#297,.T.);
#2356=EDGE_CURVE('',#2751,#2723,#298,.T.);
#2357=EDGE_CURVE('',#2778,#2725,#299,.T.);
#2358=EDGE_CURVE('',#2726,#2752,#300,.T.);
#2359=EDGE_CURVE('',#2762,#2759,#301,.T.);
#2360=EDGE_CURVE('',#2751,#2743,#302,.T.);
#2361=EDGE_CURVE('',#2728,#2783,#303,.T.);
#2362=EDGE_CURVE('',#2757,#2727,#304,.T.);
#2363=EDGE_CURVE('',#2784,#2729,#305,.T.);
#2364=EDGE_CURVE('',#2730,#2758,#306,.T.);
#2365=EDGE_CURVE('',#2738,#2776,#307,.T.);
#2366=EDGE_CURVE('',#2742,#2777,#308,.T.);
#2367=EDGE_CURVE('',#2732,#2789,#309,.T.);
#2368=EDGE_CURVE('',#2763,#2731,#310,.T.);
#2369=EDGE_CURVE('',#2790,#2733,#311,.T.);
#2370=EDGE_CURVE('',#2734,#2764,#312,.T.);
#2371=EDGE_CURVE('',#2755,#2753,#313,.T.);
#2372=EDGE_CURVE('',#2756,#2755,#314,.T.);
#2373=EDGE_CURVE('',#2754,#2756,#315,.T.);
#2374=EDGE_CURVE('',#2757,#2745,#316,.T.);
#2375=EDGE_CURVE('',#2761,#2762,#317,.T.);
#2376=EDGE_CURVE('',#2744,#2758,#318,.T.);
#2377=EDGE_CURVE('',#2724,#2707,#319,.T.);
#2378=EDGE_CURVE('',#2723,#2724,#320,.T.);
#2379=EDGE_CURVE('',#2726,#2709,#321,.T.);
#2380=EDGE_CURVE('',#2725,#2726,#322,.T.);
#2381=EDGE_CURVE('',#2763,#2749,#323,.T.);
#2382=EDGE_CURVE('',#2745,#2746,#324,.T.);
#2383=EDGE_CURVE('',#2728,#2711,#325,.T.);
#2384=EDGE_CURVE('',#2727,#2728,#326,.T.);
#2385=EDGE_CURVE('',#2730,#2713,#327,.T.);
#2386=EDGE_CURVE('',#2729,#2730,#328,.T.);
#2387=EDGE_CURVE('',#2766,#2768,#329,.T.);
#2388=EDGE_CURVE('',#2769,#2770,#330,.T.);
#2389=EDGE_CURVE('',#2732,#2715,#331,.T.);
#2390=EDGE_CURVE('',#2731,#2732,#332,.T.);
#2391=EDGE_CURVE('',#2734,#2717,#333,.T.);
#2392=EDGE_CURVE('',#2733,#2734,#334,.T.);
#2393=EDGE_CURVE('',#2750,#2774,#335,.T.);
#2394=EDGE_CURVE('',#2760,#2761,#336,.T.);
#2395=EDGE_CURVE('',#2732,#2719,#337,.T.);
#2396=EDGE_CURVE('',#2728,#2733,#338,.T.);
#2397=EDGE_CURVE('',#2724,#2729,#339,.T.);
#2398=EDGE_CURVE('',#2726,#2721,#340,.T.);
#2399=EDGE_CURVE('',#2730,#2723,#341,.T.);
#2400=EDGE_CURVE('',#2734,#2727,#342,.T.);
#2401=EDGE_CURVE('',#2778,#2737,#343,.T.);
#2402=EDGE_CURVE('',#2747,#2748,#344,.T.);
#2403=EDGE_CURVE('',#2779,#2780,#345,.T.);
#2404=EDGE_CURVE('',#2780,#2781,#346,.T.);
#2405=EDGE_CURVE('',#2782,#2779,#347,.T.);
#2406=EDGE_CURVE('',#2781,#2782,#348,.T.);
#2407=EDGE_CURVE('',#2736,#2783,#349,.T.);
#2408=EDGE_CURVE('',#2784,#2741,#350,.T.);
#2409=EDGE_CURVE('',#2746,#2764,#351,.T.);
#2410=EDGE_CURVE('',#2785,#2786,#352,.T.);
#2411=EDGE_CURVE('',#2787,#2785,#353,.T.);
#2412=EDGE_CURVE('',#2788,#2787,#354,.T.);
#2413=EDGE_CURVE('',#2786,#2788,#355,.T.);
#2414=EDGE_CURVE('',#2740,#2789,#356,.T.);
#2415=EDGE_CURVE('',#2790,#2735,#357,.T.);
#2416=EDGE_CURVE('',#2748,#2752,#358,.T.);
#2417=EDGE_CURVE('',#2791,#2792,#359,.T.);
#2418=EDGE_CURVE('',#2793,#2794,#360,.T.);
#2419=EDGE_CURVE('',#2792,#2793,#361,.T.);
#2420=EDGE_CURVE('',#2794,#2791,#362,.T.);
#2421=EDGE_CURVE('',#2795,#2796,#363,.T.);
#2422=EDGE_CURVE('',#2797,#2795,#364,.T.);
#2423=EDGE_CURVE('',#2796,#2798,#365,.T.);
#2424=EDGE_CURVE('',#2798,#2797,#366,.T.);
#2425=EDGE_CURVE('',#2776,#2778,#367,.T.);
#2426=EDGE_CURVE('',#2783,#2790,#368,.T.);
#2427=EDGE_CURVE('',#2789,#2773,#369,.T.);
#2428=EDGE_CURVE('',#2777,#2784,#370,.T.);
#2429=EDGE_CURVE('',#2764,#2757,#371,.T.);
#2430=EDGE_CURVE('',#2774,#2763,#372,.T.);
#2431=EDGE_CURVE('',#2758,#2751,#373,.T.);
#2432=EDGE_CURVE('',#2752,#2775,#374,.T.);
#2433=EDGE_CURVE('',#2750,#2768,#375,.T.);
#2434=EDGE_CURVE('',#2774,#2767,#376,.T.);
#2435=EDGE_CURVE('',#2794,#2739,#377,.T.);
#2436=EDGE_CURVE('',#2738,#2780,#378,.T.);
#2437=EDGE_CURVE('',#2748,#2756,#379,.T.);
#2438=EDGE_CURVE('',#2751,#2760,#380,.T.);
#2439=EDGE_CURVE('',#2779,#2737,#381,.T.);
#2440=EDGE_CURVE('',#2761,#2743,#382,.T.);
#2441=EDGE_CURVE('',#2797,#2745,#383,.T.);
#2442=EDGE_CURVE('',#2787,#2741,#384,.T.);
#2443=EDGE_CURVE('',#2784,#2788,#385,.T.);
#2444=EDGE_CURVE('',#2746,#2795,#386,.T.);
#2445=EDGE_CURVE('',#2766,#2749,#387,.T.);
#2446=EDGE_CURVE('',#2763,#2765,#388,.T.);
#2447=EDGE_CURVE('',#2769,#2735,#389,.T.);
#2448=EDGE_CURVE('',#2776,#2781,#390,.T.);
#2449=EDGE_CURVE('',#2778,#2782,#391,.T.);
#2450=EDGE_CURVE('',#2777,#2786,#392,.T.);
#2451=EDGE_CURVE('',#2771,#2790,#393,.T.);
#2452=EDGE_CURVE('',#2757,#2798,#394,.T.);
#2453=EDGE_CURVE('',#2793,#2773,#395,.T.);
#2454=EDGE_CURVE('',#2747,#2754,#396,.T.);
#2455=EDGE_CURVE('',#2753,#2775,#397,.T.);
#2456=EDGE_CURVE('',#2742,#2785,#398,.T.);
#2457=EDGE_CURVE('',#2752,#2755,#399,.T.);
#2458=EDGE_CURVE('',#2736,#2770,#400,.T.);
#2459=EDGE_CURVE('',#2783,#2772,#401,.T.);
#2460=EDGE_CURVE('',#2744,#2762,#402,.T.);
#2461=EDGE_CURVE('',#2758,#2759,#403,.T.);
#2462=EDGE_CURVE('',#2740,#2791,#404,.T.);
#2463=EDGE_CURVE('',#2789,#2792,#405,.T.);
#2464=EDGE_CURVE('',#2764,#2796,#406,.T.);
#2465=EDGE_CURVE('',#2800,#2799,#407,.T.);
#2466=EDGE_CURVE('',#2799,#2801,#408,.T.);
#2467=EDGE_CURVE('',#2801,#2802,#409,.T.);
#2468=EDGE_CURVE('',#2802,#2800,#410,.T.);
#2469=EDGE_CURVE('',#2739,#2799,#411,.T.);
#2470=EDGE_CURVE('',#2738,#2801,#412,.T.);
#2471=EDGE_CURVE('',#2750,#2800,#413,.T.);
#2472=EDGE_CURVE('',#2747,#2802,#414,.T.);
#2473=(
BOUNDED_CURVE()
B_SPLINE_CURVE(1,(#3440,#3441),.UNSPECIFIED.,.F.,.F.)
B_SPLINE_CURVE_WITH_KNOTS((2,2),(0.00191078852402554,1.0676273550434),
 .UNSPECIFIED.)
CURVE()
GEOMETRIC_REPRESENTATION_ITEM()
RATIONAL_B_SPLINE_CURVE((1.,1.))
REPRESENTATION_ITEM('')
);
#2474=(
BOUNDED_CURVE()
B_SPLINE_CURVE(1,(#3442,#3443),.UNSPECIFIED.,.F.,.F.)
B_SPLINE_CURVE_WITH_KNOTS((2,2),(0.00191078852402554,1.0676273550434),
 .UNSPECIFIED.)
CURVE()
GEOMETRIC_REPRESENTATION_ITEM()
RATIONAL_B_SPLINE_CURVE((1.,1.))
REPRESENTATION_ITEM('')
);
#2475=(
BOUNDED_CURVE()
B_SPLINE_CURVE(2,(#3770,#3771,#3772),.UNSPECIFIED.,.F.,.F.)
B_SPLINE_CURVE_WITH_KNOTS((3,3),(0.,0.31415926535898),.UNSPECIFIED.)
CURVE()
GEOMETRIC_REPRESENTATION_ITEM()
RATIONAL_B_SPLINE_CURVE((1.,0.707106781186547,1.))
REPRESENTATION_ITEM('')
);
#2476=(
BOUNDED_CURVE()
B_SPLINE_CURVE(2,(#3773,#3774,#3775),.UNSPECIFIED.,.F.,.F.)
B_SPLINE_CURVE_WITH_KNOTS((3,3),(-0.31415926535898,0.),.UNSPECIFIED.)
CURVE()
GEOMETRIC_REPRESENTATION_ITEM()
RATIONAL_B_SPLINE_CURVE((1.,0.707106781186547,1.))
REPRESENTATION_ITEM('')
);
#2477=(
BOUNDED_CURVE()
B_SPLINE_CURVE(2,(#3776,#3777,#3778),.UNSPECIFIED.,.F.,.F.)
B_SPLINE_CURVE_WITH_KNOTS((3,3),(0.,0.314159265358981),.UNSPECIFIED.)
CURVE()
GEOMETRIC_REPRESENTATION_ITEM()
RATIONAL_B_SPLINE_CURVE((1.,0.70710678118655,1.))
REPRESENTATION_ITEM('')
);
#2478=(
BOUNDED_CURVE()
B_SPLINE_CURVE(2,(#3779,#3780,#3781),.UNSPECIFIED.,.F.,.F.)
B_SPLINE_CURVE_WITH_KNOTS((3,3),(0.,0.314159265358981),.UNSPECIFIED.)
CURVE()
GEOMETRIC_REPRESENTATION_ITEM()
RATIONAL_B_SPLINE_CURVE((1.,0.707106781186549,1.))
REPRESENTATION_ITEM('')
);
#2479=(
BOUNDED_CURVE()
B_SPLINE_CURVE(2,(#3782,#3783,#3784),.UNSPECIFIED.,.F.,.F.)
B_SPLINE_CURVE_WITH_KNOTS((3,3),(0.,0.314159265358981),.UNSPECIFIED.)
CURVE()
GEOMETRIC_REPRESENTATION_ITEM()
RATIONAL_B_SPLINE_CURVE((1.,0.707106781186547,1.))
REPRESENTATION_ITEM('')
);
#2480=(
BOUNDED_CURVE()
B_SPLINE_CURVE(2,(#3785,#3786,#3787),.UNSPECIFIED.,.F.,.F.)
B_SPLINE_CURVE_WITH_KNOTS((3,3),(0.,0.314159265358984),.UNSPECIFIED.)
CURVE()
GEOMETRIC_REPRESENTATION_ITEM()
RATIONAL_B_SPLINE_CURVE((1.,0.707106781186542,1.))
REPRESENTATION_ITEM('')
);
#2481=(
BOUNDED_CURVE()
B_SPLINE_CURVE(2,(#3788,#3789,#3790),.UNSPECIFIED.,.F.,.F.)
B_SPLINE_CURVE_WITH_KNOTS((3,3),(0.,0.314159265358984),.UNSPECIFIED.)
CURVE()
GEOMETRIC_REPRESENTATION_ITEM()
RATIONAL_B_SPLINE_CURVE((1.,0.707106781186542,1.))
REPRESENTATION_ITEM('')
);
#2482=(
BOUNDED_CURVE()
B_SPLINE_CURVE(2,(#3791,#3792,#3793),.UNSPECIFIED.,.F.,.F.)
B_SPLINE_CURVE_WITH_KNOTS((3,3),(0.,0.314159265358982),.UNSPECIFIED.)
CURVE()
GEOMETRIC_REPRESENTATION_ITEM()
RATIONAL_B_SPLINE_CURVE((1.,0.707106781186546,1.))
REPRESENTATION_ITEM('')
);
#2483=(
BOUNDED_CURVE()
B_SPLINE_CURVE(2,(#3794,#3795,#3796),.UNSPECIFIED.,.F.,.F.)
B_SPLINE_CURVE_WITH_KNOTS((3,3),(0.,0.314159265358982),.UNSPECIFIED.)
CURVE()
GEOMETRIC_REPRESENTATION_ITEM()
RATIONAL_B_SPLINE_CURVE((1.,0.707106781186545,1.))
REPRESENTATION_ITEM('')
);
#2484=(
BOUNDED_CURVE()
B_SPLINE_CURVE(2,(#3797,#3798,#3799),.UNSPECIFIED.,.F.,.F.)
B_SPLINE_CURVE_WITH_KNOTS((3,3),(-0.314159265358982,0.),.UNSPECIFIED.)
CURVE()
GEOMETRIC_REPRESENTATION_ITEM()
RATIONAL_B_SPLINE_CURVE((1.,0.707106781186546,1.))
REPRESENTATION_ITEM('')
);
#2485=(
BOUNDED_CURVE()
B_SPLINE_CURVE(2,(#3800,#3801,#3802),.UNSPECIFIED.,.F.,.F.)
B_SPLINE_CURVE_WITH_KNOTS((3,3),(0.,0.314159265358983),.UNSPECIFIED.)
CURVE()
GEOMETRIC_REPRESENTATION_ITEM()
RATIONAL_B_SPLINE_CURVE((1.,0.707106781186549,1.))
REPRESENTATION_ITEM('')
);
#2486=(
BOUNDED_CURVE()
B_SPLINE_CURVE(2,(#3803,#3804,#3805),.UNSPECIFIED.,.F.,.F.)
B_SPLINE_CURVE_WITH_KNOTS((3,3),(0.,0.314159265358983),.UNSPECIFIED.)
CURVE()
GEOMETRIC_REPRESENTATION_ITEM()
RATIONAL_B_SPLINE_CURVE((1.,0.707106781186549,1.))
REPRESENTATION_ITEM('')
);
#2487=(
BOUNDED_CURVE()
B_SPLINE_CURVE(2,(#3806,#3807,#3808),.UNSPECIFIED.,.F.,.F.)
B_SPLINE_CURVE_WITH_KNOTS((3,3),(0.,0.314159265358983),.UNSPECIFIED.)
CURVE()
GEOMETRIC_REPRESENTATION_ITEM()
RATIONAL_B_SPLINE_CURVE((1.,0.707106781186548,1.))
REPRESENTATION_ITEM('')
);
#2488=(
BOUNDED_CURVE()
B_SPLINE_CURVE(2,(#3809,#3810,#3811),.UNSPECIFIED.,.F.,.F.)
B_SPLINE_CURVE_WITH_KNOTS((3,3),(0.,0.314159265358979),.UNSPECIFIED.)
CURVE()
GEOMETRIC_REPRESENTATION_ITEM()
RATIONAL_B_SPLINE_CURVE((1.,0.707106781186547,1.))
REPRESENTATION_ITEM('')
);
#2489=(
BOUNDED_CURVE()
B_SPLINE_CURVE(2,(#3812,#3813,#3814),.UNSPECIFIED.,.F.,.F.)
B_SPLINE_CURVE_WITH_KNOTS((3,3),(-0.314159265358979,0.),.UNSPECIFIED.)
CURVE()
GEOMETRIC_REPRESENTATION_ITEM()
RATIONAL_B_SPLINE_CURVE((1.,0.707106781186547,1.))
REPRESENTATION_ITEM('')
);
#2490=(
BOUNDED_CURVE()
B_SPLINE_CURVE(2,(#3815,#3816,#3817),.UNSPECIFIED.,.F.,.F.)
B_SPLINE_CURVE_WITH_KNOTS((3,3),(0.,0.31415926535898),.UNSPECIFIED.)
CURVE()
GEOMETRIC_REPRESENTATION_ITEM()
RATIONAL_B_SPLINE_CURVE((1.,0.707106781186548,1.))
REPRESENTATION_ITEM('')
);
#2491=(
BOUNDED_CURVE()
B_SPLINE_CURVE(2,(#3818,#3819,#3820),.UNSPECIFIED.,.F.,.F.)
B_SPLINE_CURVE_WITH_KNOTS((3,3),(0.,0.31415926535898),.UNSPECIFIED.)
CURVE()
GEOMETRIC_REPRESENTATION_ITEM()
RATIONAL_B_SPLINE_CURVE((1.,0.707106781186548,1.))
REPRESENTATION_ITEM('')
);
#2492=(
BOUNDED_CURVE()
B_SPLINE_CURVE(2,(#3821,#3822,#3823),.UNSPECIFIED.,.F.,.F.)
B_SPLINE_CURVE_WITH_KNOTS((3,3),(0.,0.31415926535898),.UNSPECIFIED.)
CURVE()
GEOMETRIC_REPRESENTATION_ITEM()
RATIONAL_B_SPLINE_CURVE((1.,0.707106781186547,1.))
REPRESENTATION_ITEM('')
);
#2493=(
BOUNDED_CURVE()
B_SPLINE_CURVE(2,(#3824,#3825,#3826),.UNSPECIFIED.,.F.,.F.)
B_SPLINE_CURVE_WITH_KNOTS((3,3),(0.,0.314159265358979),.UNSPECIFIED.)
CURVE()
GEOMETRIC_REPRESENTATION_ITEM()
RATIONAL_B_SPLINE_CURVE((1.,0.707106781186547,1.))
REPRESENTATION_ITEM('')
);
#2494=(
BOUNDED_CURVE()
B_SPLINE_CURVE(2,(#3827,#3828,#3829),.UNSPECIFIED.,.F.,.F.)
B_SPLINE_CURVE_WITH_KNOTS((3,3),(0.,0.314159265358979),.UNSPECIFIED.)
CURVE()
GEOMETRIC_REPRESENTATION_ITEM()
RATIONAL_B_SPLINE_CURVE((1.,0.707106781186546,1.))
REPRESENTATION_ITEM('')
);
#2495=(
BOUNDED_CURVE()
B_SPLINE_CURVE(2,(#3830,#3831,#3832),.UNSPECIFIED.,.F.,.F.)
B_SPLINE_CURVE_WITH_KNOTS((3,3),(0.,0.31415926535898),.UNSPECIFIED.)
CURVE()
GEOMETRIC_REPRESENTATION_ITEM()
RATIONAL_B_SPLINE_CURVE((1.,0.707106781186547,1.))
REPRESENTATION_ITEM('')
);
#2496=(
BOUNDED_CURVE()
B_SPLINE_CURVE(2,(#3833,#3834,#3835),.UNSPECIFIED.,.F.,.F.)
B_SPLINE_CURVE_WITH_KNOTS((3,3),(0.,0.31415926535898),.UNSPECIFIED.)
CURVE()
GEOMETRIC_REPRESENTATION_ITEM()
RATIONAL_B_SPLINE_CURVE((1.,0.707106781186545,1.))
REPRESENTATION_ITEM('')
);
#2497=(
BOUNDED_CURVE()
B_SPLINE_CURVE(2,(#3836,#3837,#3838),.UNSPECIFIED.,.F.,.F.)
B_SPLINE_CURVE_WITH_KNOTS((3,3),(0.,0.314159265358979),.UNSPECIFIED.)
CURVE()
GEOMETRIC_REPRESENTATION_ITEM()
RATIONAL_B_SPLINE_CURVE((1.,0.707106781186549,1.))
REPRESENTATION_ITEM('')
);
#2498=(
BOUNDED_CURVE()
B_SPLINE_CURVE(2,(#3839,#3840,#3841),.UNSPECIFIED.,.F.,.F.)
B_SPLINE_CURVE_WITH_KNOTS((3,3),(0.,0.31415926535898),.UNSPECIFIED.)
CURVE()
GEOMETRIC_REPRESENTATION_ITEM()
RATIONAL_B_SPLINE_CURVE((1.,0.707106781186544,1.))
REPRESENTATION_ITEM('')
);
#2499=(
BOUNDED_CURVE()
B_SPLINE_CURVE(2,(#5137,#5138,#5139,#5140,#5141),.UNSPECIFIED.,.F.,.F.)
B_SPLINE_CURVE_WITH_KNOTS((3,2,3),(0.,1.33001431961735,2.66002863923469),
 .UNSPECIFIED.)
CURVE()
GEOMETRIC_REPRESENTATION_ITEM()
RATIONAL_B_SPLINE_CURVE((1.,0.707106781186548,1.,0.707106781186548,1.))
REPRESENTATION_ITEM('')
);
#2500=(
BOUNDED_CURVE()
B_SPLINE_CURVE(2,(#5142,#5143,#5144,#5145,#5146),.UNSPECIFIED.,.F.,.F.)
B_SPLINE_CURVE_WITH_KNOTS((3,2,3),(0.,1.25133108405853,2.50266216811706),
 .UNSPECIFIED.)
CURVE()
GEOMETRIC_REPRESENTATION_ITEM()
RATIONAL_B_SPLINE_CURVE((1.,0.707106781186548,1.,0.707106781186548,1.))
REPRESENTATION_ITEM('')
);
#2501=(
BOUNDED_CURVE()
B_SPLINE_CURVE(1,(#5147,#5148),.UNSPECIFIED.,.F.,.F.)
B_SPLINE_CURVE_WITH_KNOTS((2,2),(0.343166496495407,0.677116955887301),
 .UNSPECIFIED.)
CURVE()
GEOMETRIC_REPRESENTATION_ITEM()
RATIONAL_B_SPLINE_CURVE((1.,1.))
REPRESENTATION_ITEM('')
);
#2502=(
BOUNDED_CURVE()
B_SPLINE_CURVE(2,(#5149,#5150,#5151),.UNSPECIFIED.,.F.,.F.)
B_SPLINE_CURVE_WITH_KNOTS((3,3),(0.,0.0814889100839577),.UNSPECIFIED.)
CURVE()
GEOMETRIC_REPRESENTATION_ITEM()
RATIONAL_B_SPLINE_CURVE((1.,0.685949093763146,1.))
REPRESENTATION_ITEM('')
);
#2503=(
BOUNDED_CURVE()
B_SPLINE_CURVE(2,(#5152,#5153,#5154,#5155,#5156),.UNSPECIFIED.,.F.,.F.)
B_SPLINE_CURVE_WITH_KNOTS((3,2,3),(0.,1.33001431961735,2.66002863923469),
 .UNSPECIFIED.)
CURVE()
GEOMETRIC_REPRESENTATION_ITEM()
RATIONAL_B_SPLINE_CURVE((1.,0.707106781186548,1.,0.707106781186548,1.))
REPRESENTATION_ITEM('')
);
#2504=(
BOUNDED_CURVE()
B_SPLINE_CURVE(2,(#5157,#5158,#5159),.UNSPECIFIED.,.F.,.F.)
B_SPLINE_CURVE_WITH_KNOTS((3,3),(0.,0.075405755760224),.UNSPECIFIED.)
CURVE()
GEOMETRIC_REPRESENTATION_ITEM()
RATIONAL_B_SPLINE_CURVE((1.,0.728917064758636,1.))
REPRESENTATION_ITEM('')
);
#2505=(
BOUNDED_CURVE()
B_SPLINE_CURVE(2,(#5160,#5161,#5162,#5163,#5164),.UNSPECIFIED.,.F.,.F.)
B_SPLINE_CURVE_WITH_KNOTS((3,2,3),(0.,1.25133108405853,2.50266216811706),
 .UNSPECIFIED.)
CURVE()
GEOMETRIC_REPRESENTATION_ITEM()
RATIONAL_B_SPLINE_CURVE((1.,0.707106781186548,1.,0.707106781186548,1.))
REPRESENTATION_ITEM('')
);
#2506=(
BOUNDED_CURVE()
B_SPLINE_CURVE(2,(#5165,#5166,#5167,#5168,#5169),.UNSPECIFIED.,.F.,.F.)
B_SPLINE_CURVE_WITH_KNOTS((3,2,3),(0.,1.41090462359704,2.82180924719409),
 .UNSPECIFIED.)
CURVE()
GEOMETRIC_REPRESENTATION_ITEM()
RATIONAL_B_SPLINE_CURVE((1.,0.653432867847761,0.853949025567498,0.653432867847761,
1.))
REPRESENTATION_ITEM('')
);
#2507=(
BOUNDED_CURVE()
B_SPLINE_CURVE(2,(#5170,#5171,#5172,#5173,#5174),.UNSPECIFIED.,.F.,.F.)
B_SPLINE_CURVE_WITH_KNOTS((3,2,3),(0.,1.41090462359704,2.82180924719409),
 .UNSPECIFIED.)
CURVE()
GEOMETRIC_REPRESENTATION_ITEM()
RATIONAL_B_SPLINE_CURVE((1.,0.655414370562263,0.859135994279054,0.655414370562263,
1.))
REPRESENTATION_ITEM('')
);
#2508=(
BOUNDED_CURVE()
B_SPLINE_CURVE(2,(#5175,#5176,#5177),.UNSPECIFIED.,.F.,.F.)
B_SPLINE_CURVE_WITH_KNOTS((3,3),(-0.668785315171551,-0.0581503899843451),
 .UNSPECIFIED.)
CURVE()
GEOMETRIC_REPRESENTATION_ITEM()
RATIONAL_B_SPLINE_CURVE((1.,0.942192384473523,1.))
REPRESENTATION_ITEM('')
);
#2509=(
BOUNDED_CURVE()
B_SPLINE_CURVE(2,(#5178,#5179,#5180),.UNSPECIFIED.,.F.,.F.)
B_SPLINE_CURVE_WITH_KNOTS((3,3),(-0.843187973386133,-0.0617531111302118),
 .UNSPECIFIED.)
CURVE()
GEOMETRIC_REPRESENTATION_ITEM()
RATIONAL_B_SPLINE_CURVE((1.,0.903874124024873,1.))
REPRESENTATION_ITEM('')
);
#2510=(
BOUNDED_CURVE()
B_SPLINE_CURVE(2,(#5181,#5182,#5183,#5184,#5185),.UNSPECIFIED.,.F.,.F.)
B_SPLINE_CURVE_WITH_KNOTS((3,2,3),(-5.64361849438817,-4.23271387079113,
-2.82180924719409),.UNSPECIFIED.)
CURVE()
GEOMETRIC_REPRESENTATION_ITEM()
RATIONAL_B_SPLINE_CURVE((1.,0.655414370562263,0.859135994279054,0.655414370562263,
1.))
REPRESENTATION_ITEM('')
);
#2511=(
BOUNDED_CURVE()
B_SPLINE_CURVE(2,(#5188,#5189,#5190,#5191,#5192),.UNSPECIFIED.,.F.,.F.)
B_SPLINE_CURVE_WITH_KNOTS((3,2,3),(0.,1.41090462359704,2.82180924719409),
 .UNSPECIFIED.)
CURVE()
GEOMETRIC_REPRESENTATION_ITEM()
RATIONAL_B_SPLINE_CURVE((1.,0.653432867847761,0.853949025567498,0.653432867847761,
1.))
REPRESENTATION_ITEM('')
);
#2512=(
BOUNDED_CURVE()
B_SPLINE_CURVE(2,(#5195,#5196,#5197),.UNSPECIFIED.,.F.,.F.)
B_SPLINE_CURVE_WITH_KNOTS((3,3),(-0.668785315171552,-0.0581503899843443),
 .UNSPECIFIED.)
CURVE()
GEOMETRIC_REPRESENTATION_ITEM()
RATIONAL_B_SPLINE_CURVE((1.,0.942192384473522,1.))
REPRESENTATION_ITEM('')
);
#2513=(
BOUNDED_CURVE()
B_SPLINE_CURVE(2,(#5198,#5199,#5200,#5201,#5202),.UNSPECIFIED.,.F.,.F.)
B_SPLINE_CURVE_WITH_KNOTS((3,2,3),(2.66002863923469,3.99004295885204,5.32005727846939),
 .UNSPECIFIED.)
CURVE()
GEOMETRIC_REPRESENTATION_ITEM()
RATIONAL_B_SPLINE_CURVE((1.,0.707106781186548,1.,0.707106781186548,1.))
REPRESENTATION_ITEM('')
);
#2514=(
BOUNDED_CURVE()
B_SPLINE_CURVE(2,(#5203,#5204,#5205,#5206,#5207),.UNSPECIFIED.,.F.,.F.)
B_SPLINE_CURVE_WITH_KNOTS((3,2,3),(2.82180924719409,4.23271387079113,5.64361849438817),
 .UNSPECIFIED.)
CURVE()
GEOMETRIC_REPRESENTATION_ITEM()
RATIONAL_B_SPLINE_CURVE((1.,0.653432867847761,0.853949025567498,0.653432867847761,
1.))
REPRESENTATION_ITEM('')
);
#2515=(
BOUNDED_CURVE()
B_SPLINE_CURVE(2,(#5208,#5209,#5210),.UNSPECIFIED.,.F.,.F.)
B_SPLINE_CURVE_WITH_KNOTS((3,3),(-0.843187973386138,-0.0617531111302119),
 .UNSPECIFIED.)
CURVE()
GEOMETRIC_REPRESENTATION_ITEM()
RATIONAL_B_SPLINE_CURVE((1.,0.903874124024872,1.))
REPRESENTATION_ITEM('')
);
#2516=(
BOUNDED_CURVE()
B_SPLINE_CURVE(2,(#5211,#5212,#5213,#5214,#5215),.UNSPECIFIED.,.F.,.F.)
B_SPLINE_CURVE_WITH_KNOTS((3,2,3),(2.50266216811706,3.75399325217559,5.00532433623412),
 .UNSPECIFIED.)
CURVE()
GEOMETRIC_REPRESENTATION_ITEM()
RATIONAL_B_SPLINE_CURVE((1.,0.707106781186548,1.,0.707106781186548,1.))
REPRESENTATION_ITEM('')
);
#2517=(
BOUNDED_CURVE()
B_SPLINE_CURVE(2,(#5216,#5217,#5218,#5219,#5220),.UNSPECIFIED.,.F.,.F.)
B_SPLINE_CURVE_WITH_KNOTS((3,2,3),(2.82180924719409,4.23271387079113,5.64361849438817),
 .UNSPECIFIED.)
CURVE()
GEOMETRIC_REPRESENTATION_ITEM()
RATIONAL_B_SPLINE_CURVE((1.,0.655414370562263,0.859135994279054,0.655414370562263,
1.))
REPRESENTATION_ITEM('')
);
#2518=(
BOUNDED_CURVE()
B_SPLINE_CURVE(1,(#5221,#5222),.UNSPECIFIED.,.F.,.F.)
B_SPLINE_CURVE_WITH_KNOTS((2,2),(0.343166496495407,0.6771169558873),
 .UNSPECIFIED.)
CURVE()
GEOMETRIC_REPRESENTATION_ITEM()
RATIONAL_B_SPLINE_CURVE((1.,1.))
REPRESENTATION_ITEM('')
);
#2519=(
BOUNDED_CURVE()
B_SPLINE_CURVE(2,(#5223,#5224,#5225,#5226,#5227),.UNSPECIFIED.,.F.,.F.)
B_SPLINE_CURVE_WITH_KNOTS((3,2,3),(2.66002863923469,3.99004295885204,5.32005727846939),
 .UNSPECIFIED.)
CURVE()
GEOMETRIC_REPRESENTATION_ITEM()
RATIONAL_B_SPLINE_CURVE((1.,0.707106781186548,1.,0.707106781186548,1.))
REPRESENTATION_ITEM('')
);
#2520=(
BOUNDED_CURVE()
B_SPLINE_CURVE(2,(#5228,#5229,#5230,#5231,#5232),.UNSPECIFIED.,.F.,.F.)
B_SPLINE_CURVE_WITH_KNOTS((3,2,3),(2.50266216811706,3.75399325217559,5.00532433623412),
 .UNSPECIFIED.)
CURVE()
GEOMETRIC_REPRESENTATION_ITEM()
RATIONAL_B_SPLINE_CURVE((1.,0.707106781186548,1.,0.707106781186548,1.))
REPRESENTATION_ITEM('')
);
#2521=(
BOUNDED_CURVE()
B_SPLINE_CURVE(2,(#5233,#5234,#5235),.UNSPECIFIED.,.F.,.F.)
B_SPLINE_CURVE_WITH_KNOTS((3,3),(0.,0.0814889100839577),.UNSPECIFIED.)
CURVE()
GEOMETRIC_REPRESENTATION_ITEM()
RATIONAL_B_SPLINE_CURVE((1.,0.685949093763146,1.))
REPRESENTATION_ITEM('')
);
#2522=(
BOUNDED_CURVE()
B_SPLINE_CURVE(2,(#5236,#5237,#5238),.UNSPECIFIED.,.F.,.F.)
B_SPLINE_CURVE_WITH_KNOTS((3,3),(0.,0.075405755760224),.UNSPECIFIED.)
CURVE()
GEOMETRIC_REPRESENTATION_ITEM()
RATIONAL_B_SPLINE_CURVE((1.,0.728917064758636,1.))
REPRESENTATION_ITEM('')
);
#2523=(
BOUNDED_CURVE()
B_SPLINE_CURVE(2,(#5241,#5242,#5243,#5244,#5245),.UNSPECIFIED.,.F.,.F.)
B_SPLINE_CURVE_WITH_KNOTS((3,2,3),(2.82180924719409,4.23271387079113,5.64361849438817),
 .UNSPECIFIED.)
CURVE()
GEOMETRIC_REPRESENTATION_ITEM()
RATIONAL_B_SPLINE_CURVE((1.,0.653432867847761,0.853949025567498,0.653432867847761,
1.))
REPRESENTATION_ITEM('')
);
#2524=(
BOUNDED_CURVE()
B_SPLINE_CURVE(2,(#5248,#5249,#5250,#5251,#5252),.UNSPECIFIED.,.F.,.F.)
B_SPLINE_CURVE_WITH_KNOTS((3,2,3),(-2.82180924719409,-1.41090462359704,
0.),.UNSPECIFIED.)
CURVE()
GEOMETRIC_REPRESENTATION_ITEM()
RATIONAL_B_SPLINE_CURVE((1.,0.655414370562262,0.859135994279054,0.655414370562263,
1.))
REPRESENTATION_ITEM('')
);
#2525=TRIMMED_CURVE($,#2535,(#3435),(#3436),.T.,.CARTESIAN.);
#2526=TRIMMED_CURVE($,#2536,(#3438),(#3439),.T.,.CARTESIAN.);
#2527=TRIMMED_CURVE($,#2537,(#3445),(#3446),.T.,.CARTESIAN.);
#2528=TRIMMED_CURVE($,#2538,(#3448),(#3449),.T.,.CARTESIAN.);
#2529=TRIMMED_CURVE($,#2539,(#3503),(#3504),.T.,.CARTESIAN.);
#2530=TRIMMED_CURVE($,#2540,(#3506),(#3507),.T.,.CARTESIAN.);
#2531=TRIMMED_CURVE($,#2541,(#4903),(#4904),.T.,.CARTESIAN.);
#2532=TRIMMED_CURVE($,#2542,(#4908),(#4909),.T.,.CARTESIAN.);
#2533=TRIMMED_CURVE($,#2543,(#4913),(#4914),.T.,.CARTESIAN.);
#2534=TRIMMED_CURVE($,#2544,(#4916),(#4917),.T.,.CARTESIAN.);
#2535=CIRCLE('',#3029,0.0225849617143773);
#2536=CIRCLE('',#3030,0.0359036905529216);
#2537=CIRCLE('',#3031,0.0225849617143771);
#2538=CIRCLE('',#3032,0.0359036905529219);
#2539=CIRCLE('',#3033,0.045653574675901);
#2540=CIRCLE('',#3034,0.0456535746759013);
#2541=CIRCLE('',#3057,0.138817295398852);
#2542=CIRCLE('',#3058,0.138817295398852);
#2543=CIRCLE('',#3059,0.138817295398851);
#2544=CIRCLE('',#3060,0.138817295398851);
#2545=VERTEX_POINT('',#3430);
#2546=VERTEX_POINT('',#3431);
#2547=VERTEX_POINT('',#3432);
#2548=VERTEX_POINT('',#3433);
#2549=VERTEX_POINT('',#3500);
#2550=VERTEX_POINT('',#3501);
#2551=VERTEX_POINT('',#3690);
#2552=VERTEX_POINT('',#3691);
#2553=VERTEX_POINT('',#3692);
#2554=VERTEX_POINT('',#3693);
#2555=VERTEX_POINT('',#3694);
#2556=VERTEX_POINT('',#3695);
#2557=VERTEX_POINT('',#3696);
#2558=VERTEX_POINT('',#3697);
#2559=VERTEX_POINT('',#3698);
#2560=VERTEX_POINT('',#3699);
#2561=VERTEX_POINT('',#3700);
#2562=VERTEX_POINT('',#3701);
#2563=VERTEX_POINT('',#3702);
#2564=VERTEX_POINT('',#3703);
#2565=VERTEX_POINT('',#3704);
#2566=VERTEX_POINT('',#3705);
#2567=VERTEX_POINT('',#3706);
#2568=VERTEX_POINT('',#3707);
#2569=VERTEX_POINT('',#3708);
#2570=VERTEX_POINT('',#3709);
#2571=VERTEX_POINT('',#3710);
#2572=VERTEX_POINT('',#3711);
#2573=VERTEX_POINT('',#3712);
#2574=VERTEX_POINT('',#3713);
#2575=VERTEX_POINT('',#3714);
#2576=VERTEX_POINT('',#3715);
#2577=VERTEX_POINT('',#3716);
#2578=VERTEX_POINT('',#3717);
#2579=VERTEX_POINT('',#3718);
#2580=VERTEX_POINT('',#3719);
#2581=VERTEX_POINT('',#3720);
#2582=VERTEX_POINT('',#3721);
#2583=VERTEX_POINT('',#4300);
#2584=VERTEX_POINT('',#4301);
#2585=VERTEX_POINT('',#4302);
#2586=VERTEX_POINT('',#4303);
#2587=VERTEX_POINT('',#4814);
#2588=VERTEX_POINT('',#4815);
#2589=VERTEX_POINT('',#4816);
#2590=VERTEX_POINT('',#4817);
#2591=VERTEX_POINT('',#4898);
#2592=VERTEX_POINT('',#4899);
#2593=VERTEX_POINT('',#4900);
#2594=VERTEX_POINT('',#4901);
#2595=VERTEX_POINT('',#5121);
#2596=VERTEX_POINT('',#5122);
#2597=VERTEX_POINT('',#5123);
#2598=VERTEX_POINT('',#5124);
#2599=VERTEX_POINT('',#5125);
#2600=VERTEX_POINT('',#5126);
#2601=VERTEX_POINT('',#5127);
#2602=VERTEX_POINT('',#5128);
#2603=VERTEX_POINT('',#5129);
#2604=VERTEX_POINT('',#5130);
#2605=VERTEX_POINT('',#5131);
#2606=VERTEX_POINT('',#5132);
#2607=VERTEX_POINT('',#5133);
#2608=VERTEX_POINT('',#5134);
#2609=VERTEX_POINT('',#5135);
#2610=VERTEX_POINT('',#5136);
#2611=VERTEX_POINT('',#5353);
#2612=VERTEX_POINT('',#5354);
#2613=VERTEX_POINT('',#5355);
#2614=VERTEX_POINT('',#5356);
#2615=VERTEX_POINT('',#5357);
#2616=VERTEX_POINT('',#5358);
#2617=VERTEX_POINT('',#5359);
#2618=VERTEX_POINT('',#5360);
#2619=VERTEX_POINT('',#5361);
#2620=VERTEX_POINT('',#5362);
#2621=VERTEX_POINT('',#5363);
#2622=VERTEX_POINT('',#5364);
#2623=VERTEX_POINT('',#5365);
#2624=VERTEX_POINT('',#5366);
#2625=VERTEX_POINT('',#5367);
#2626=VERTEX_POINT('',#5368);
#2627=VERTEX_POINT('',#5369);
#2628=VERTEX_POINT('',#5370);
#2629=VERTEX_POINT('',#5371);
#2630=VERTEX_POINT('',#5372);
#2631=VERTEX_POINT('',#5373);
#2632=VERTEX_POINT('',#5374);
#2633=VERTEX_POINT('',#5375);
#2634=VERTEX_POINT('',#5376);
#2635=VERTEX_POINT('',#5377);
#2636=VERTEX_POINT('',#5378);
#2637=VERTEX_POINT('',#5379);
#2638=VERTEX_POINT('',#5380);
#2639=VERTEX_POINT('',#5381);
#2640=VERTEX_POINT('',#5382);
#2641=VERTEX_POINT('',#5383);
#2642=VERTEX_POINT('',#5384);
#2643=VERTEX_POINT('',#5385);
#2644=VERTEX_POINT('',#5386);
#2645=VERTEX_POINT('',#5387);
#2646=VERTEX_POINT('',#5388);
#2647=VERTEX_POINT('',#5389);
#2648=VERTEX_POINT('',#5390);
#2649=VERTEX_POINT('',#5391);
#2650=VERTEX_POINT('',#5392);
#2651=VERTEX_POINT('',#5393);
#2652=VERTEX_POINT('',#5394);
#2653=VERTEX_POINT('',#5395);
#2654=VERTEX_POINT('',#5396);
#2655=VERTEX_POINT('',#5397);
#2656=VERTEX_POINT('',#5398);
#2657=VERTEX_POINT('',#5399);
#2658=VERTEX_POINT('',#5400);
#2659=VERTEX_POINT('',#5401);
#2660=VERTEX_POINT('',#5402);
#2661=VERTEX_POINT('',#5403);
#2662=VERTEX_POINT('',#5404);
#2663=VERTEX_POINT('',#5405);
#2664=VERTEX_POINT('',#5406);
#2665=VERTEX_POINT('',#5407);
#2666=VERTEX_POINT('',#5408);
#2667=VERTEX_POINT('',#5409);
#2668=VERTEX_POINT('',#5410);
#2669=VERTEX_POINT('',#5411);
#2670=VERTEX_POINT('',#5412);
#2671=VERTEX_POINT('',#5413);
#2672=VERTEX_POINT('',#5414);
#2673=VERTEX_POINT('',#5415);
#2674=VERTEX_POINT('',#5416);
#2675=VERTEX_POINT('',#5417);
#2676=VERTEX_POINT('',#5418);
#2677=VERTEX_POINT('',#5419);
#2678=VERTEX_POINT('',#5420);
#2679=VERTEX_POINT('',#5421);
#2680=VERTEX_POINT('',#5422);
#2681=VERTEX_POINT('',#5423);
#2682=VERTEX_POINT('',#5424);
#2683=VERTEX_POINT('',#5425);
#2684=VERTEX_POINT('',#5426);
#2685=VERTEX_POINT('',#5427);
#2686=VERTEX_POINT('',#5428);
#2687=VERTEX_POINT('',#5429);
#2688=VERTEX_POINT('',#5430);
#2689=VERTEX_POINT('',#5431);
#2690=VERTEX_POINT('',#5432);
#2691=VERTEX_POINT('',#5433);
#2692=VERTEX_POINT('',#5434);
#2693=VERTEX_POINT('',#5435);
#2694=VERTEX_POINT('',#5436);
#2695=VERTEX_POINT('',#5437);
#2696=VERTEX_POINT('',#5438);
#2697=VERTEX_POINT('',#5439);
#2698=VERTEX_POINT('',#5440);
#2699=VERTEX_POINT('',#5441);
#2700=VERTEX_POINT('',#5442);
#2701=VERTEX_POINT('',#5443);
#2702=VERTEX_POINT('',#5444);
#2703=VERTEX_POINT('',#5445);
#2704=VERTEX_POINT('',#5446);
#2705=VERTEX_POINT('',#5447);
#2706=VERTEX_POINT('',#5448);
#2707=VERTEX_POINT('',#6173);
#2708=VERTEX_POINT('',#6174);
#2709=VERTEX_POINT('',#6175);
#2710=VERTEX_POINT('',#6176);
#2711=VERTEX_POINT('',#6177);
#2712=VERTEX_POINT('',#6178);
#2713=VERTEX_POINT('',#6179);
#2714=VERTEX_POINT('',#6180);
#2715=VERTEX_POINT('',#6181);
#2716=VERTEX_POINT('',#6182);
#2717=VERTEX_POINT('',#6183);
#2718=VERTEX_POINT('',#6184);
#2719=VERTEX_POINT('',#6185);
#2720=VERTEX_POINT('',#6186);
#2721=VERTEX_POINT('',#6187);
#2722=VERTEX_POINT('',#6188);
#2723=VERTEX_POINT('',#6189);
#2724=VERTEX_POINT('',#6190);
#2725=VERTEX_POINT('',#6191);
#2726=VERTEX_POINT('',#6192);
#2727=VERTEX_POINT('',#6193);
#2728=VERTEX_POINT('',#6194);
#2729=VERTEX_POINT('',#6195);
#2730=VERTEX_POINT('',#6196);
#2731=VERTEX_POINT('',#6197);
#2732=VERTEX_POINT('',#6198);
#2733=VERTEX_POINT('',#6199);
#2734=VERTEX_POINT('',#6200);
#2735=VERTEX_POINT('',#6201);
#2736=VERTEX_POINT('',#6202);
#2737=VERTEX_POINT('',#6203);
#2738=VERTEX_POINT('',#6204);
#2739=VERTEX_POINT('',#6205);
#2740=VERTEX_POINT('',#6206);
#2741=VERTEX_POINT('',#6207);
#2742=VERTEX_POINT('',#6208);
#2743=VERTEX_POINT('',#6209);
#2744=VERTEX_POINT('',#6210);
#2745=VERTEX_POINT('',#6211);
#2746=VERTEX_POINT('',#6212);
#2747=VERTEX_POINT('',#6213);
#2748=VERTEX_POINT('',#6214);
#2749=VERTEX_POINT('',#6215);
#2750=VERTEX_POINT('',#6216);
#2751=VERTEX_POINT('',#6217);
#2752=VERTEX_POINT('',#6218);
#2753=VERTEX_POINT('',#6219);
#2754=VERTEX_POINT('',#6220);
#2755=VERTEX_POINT('',#6221);
#2756=VERTEX_POINT('',#6222);
#2757=VERTEX_POINT('',#6223);
#2758=VERTEX_POINT('',#6224);
#2759=VERTEX_POINT('',#6225);
#2760=VERTEX_POINT('',#6226);
#2761=VERTEX_POINT('',#6227);
#2762=VERTEX_POINT('',#6228);
#2763=VERTEX_POINT('',#6229);
#2764=VERTEX_POINT('',#6230);
#2765=VERTEX_POINT('',#6231);
#2766=VERTEX_POINT('',#6232);
#2767=VERTEX_POINT('',#6233);
#2768=VERTEX_POINT('',#6234);
#2769=VERTEX_POINT('',#6235);
#2770=VERTEX_POINT('',#6236);
#2771=VERTEX_POINT('',#6237);
#2772=VERTEX_POINT('',#6238);
#2773=VERTEX_POINT('',#6239);
#2774=VERTEX_POINT('',#6240);
#2775=VERTEX_POINT('',#6241);
#2776=VERTEX_POINT('',#6242);
#2777=VERTEX_POINT('',#6243);
#2778=VERTEX_POINT('',#6244);
#2779=VERTEX_POINT('',#6245);
#2780=VERTEX_POINT('',#6246);
#2781=VERTEX_POINT('',#6247);
#2782=VERTEX_POINT('',#6248);
#2783=VERTEX_POINT('',#6249);
#2784=VERTEX_POINT('',#6250);
#2785=VERTEX_POINT('',#6251);
#2786=VERTEX_POINT('',#6252);
#2787=VERTEX_POINT('',#6253);
#2788=VERTEX_POINT('',#6254);
#2789=VERTEX_POINT('',#6255);
#2790=VERTEX_POINT('',#6256);
#2791=VERTEX_POINT('',#6257);
#2792=VERTEX_POINT('',#6258);
#2793=VERTEX_POINT('',#6259);
#2794=VERTEX_POINT('',#6260);
#2795=VERTEX_POINT('',#6261);
#2796=VERTEX_POINT('',#6262);
#2797=VERTEX_POINT('',#6263);
#2798=VERTEX_POINT('',#6264);
#2799=VERTEX_POINT('',#6265);
#2800=VERTEX_POINT('',#6266);
#2801=VERTEX_POINT('',#6267);
#2802=VERTEX_POINT('',#6268);
#2803=PLANE('',#3027);
#2804=PLANE('',#3028);
#2805=PLANE('',#3035);
#2806=PLANE('',#3036);
#2807=PLANE('',#3037);
#2808=PLANE('',#3038);
#2809=PLANE('',#3043);
#2810=PLANE('',#3044);
#2811=PLANE('',#3045);
#2812=PLANE('',#3046);
#2813=PLANE('',#3047);
#2814=PLANE('',#3048);
#2815=PLANE('',#3049);
#2816=PLANE('',#3050);
#2817=PLANE('',#3051);
#2818=PLANE('',#3052);
#2819=PLANE('',#3053);
#2820=PLANE('',#3055);
#2821=PLANE('',#3061);
#2822=PLANE('',#3062);
#2823=PLANE('',#3063);
#2824=PLANE('',#3064);
#2825=PLANE('',#3065);
#2826=PLANE('',#3066);
#2827=PLANE('',#3067);
#2828=PLANE('',#3068);
#2829=PLANE('',#3069);
#2830=PLANE('',#3070);
#2831=PLANE('',#3071);
#2832=PLANE('',#3072);
#2833=PLANE('',#3073);
#2834=PLANE('',#3074);
#2835=PLANE('',#3075);
#2836=PLANE('',#3076);
#2837=PLANE('',#3077);
#2838=PLANE('',#3078);
#2839=PLANE('',#3079);
#2840=PLANE('',#3080);
#2841=PLANE('',#3081);
#2842=PLANE('',#3082);
#2843=PLANE('',#3083);
#2844=PLANE('',#3084);
#2845=PLANE('',#3085);
#2846=PLANE('',#3086);
#2847=PLANE('',#3087);
#2848=PLANE('',#3088);
#2849=PLANE('',#3089);
#2850=PLANE('',#3090);
#2851=PLANE('',#3091);
#2852=PLANE('',#3092);
#2853=PLANE('',#3093);
#2854=PLANE('',#3094);
#2855=PLANE('',#3095);
#2856=PLANE('',#3096);
#2857=PLANE('',#3097);
#2858=PLANE('',#3098);
#2859=PLANE('',#3131);
#2860=PLANE('',#3132);
#2861=PLANE('',#3133);
#2862=PLANE('',#3134);
#2863=PLANE('',#3135);
#2864=PLANE('',#3136);
#2865=PLANE('',#3137);
#2866=PLANE('',#3138);
#2867=PLANE('',#3139);
#2868=PLANE('',#3140);
#2869=PLANE('',#3141);
#2870=PLANE('',#3142);
#2871=PLANE('',#3143);
#2872=PLANE('',#3144);
#2873=PLANE('',#3145);
#2874=PLANE('',#3146);
#2875=PLANE('',#3147);
#2876=PLANE('',#3148);
#2877=PLANE('',#3149);
#2878=PLANE('',#3150);
#2879=PLANE('',#3151);
#2880=PLANE('',#3152);
#2881=PLANE('',#3153);
#2882=PLANE('',#3154);
#2883=PLANE('',#3155);
#2884=PLANE('',#3156);
#2885=PLANE('',#3157);
#2886=PLANE('',#3158);
#2887=PLANE('',#3159);
#2888=PLANE('',#3160);
#2889=PLANE('',#3161);
#2890=PLANE('',#3162);
#2891=PLANE('',#3163);
#2892=PLANE('',#3164);
#2893=PLANE('',#3165);
#2894=PLANE('',#3166);
#2895=PLANE('',#3167);
#2896=PLANE('',#3168);
#2897=PLANE('',#3169);
#2898=PLANE('',#3170);
#2899=PLANE('',#3203);
#2900=PLANE('',#3204);
#2901=PLANE('',#3205);
#2902=PLANE('',#3206);
#2903=PLANE('',#3207);
#2904=(
BOUNDED_SURFACE()
B_SPLINE_SURFACE(2,1,((#3408,#3409),(#3410,#3411),(#3412,#3413),(#3414,
#3415),(#3416,#3417)),.UNSPECIFIED.,.F.,.F.,.F.)
B_SPLINE_SURFACE_WITH_KNOTS((3,2,3),(2,2),(0.,0.2495872602741,0.499174520548199),
(0.00191078852402554,1.0676273550434),.UNSPECIFIED.)
GEOMETRIC_REPRESENTATION_ITEM()
RATIONAL_B_SPLINE_SURFACE(((1.,1.),(0.707106781186548,0.707106781186548),
(1.,1.),(0.707106781186548,0.707106781186548),(1.,1.)))
REPRESENTATION_ITEM('')
SURFACE()
);
#2905=(
BOUNDED_SURFACE()
B_SPLINE_SURFACE(2,1,((#3420,#3421),(#3422,#3423),(#3424,#3425),(#3426,
#3427),(#3428,#3429)),.UNSPECIFIED.,.F.,.F.,.F.)
B_SPLINE_SURFACE_WITH_KNOTS((3,2,3),(2,2),(0.499174520548199,0.748761780822299,
0.998349041096398),(0.00191078852402554,1.0676273550434),.UNSPECIFIED.)
GEOMETRIC_REPRESENTATION_ITEM()
RATIONAL_B_SPLINE_SURFACE(((1.,1.),(0.707106781186548,0.707106781186548),
(1.,1.),(0.707106781186548,0.707106781186548),(1.,1.)))
REPRESENTATION_ITEM('')
SURFACE()
);
#2906=(
BOUNDED_SURFACE()
B_SPLINE_SURFACE(2,2,((#3450,#3451,#3452,#3453,#3454),(#3455,#3456,#3457,
#3458,#3459),(#3460,#3461,#3462,#3463,#3464),(#3465,#3466,#3467,#3468,#3469),
(#3470,#3471,#3472,#3473,#3474)),.UNSPECIFIED.,.F.,.F.,.F.)
B_SPLINE_SURFACE_WITH_KNOTS((3,2,3),(3,2,3),(0.,0.356075972345398,0.712151944690796),
(-0.356075972345398,0.,0.356075972345398),.UNSPECIFIED.)
GEOMETRIC_REPRESENTATION_ITEM()
RATIONAL_B_SPLINE_SURFACE(((1.,0.707106781186548,1.,0.707106781186548,1.),
(0.707106781186548,0.5,0.707106781186548,0.5,0.707106781186548),(1.,0.707106781186548,
1.,0.707106781186548,1.),(0.707106781186548,0.5,0.707106781186548,0.5,0.707106781186548),
(1.,0.707106781186548,1.,0.707106781186548,1.)))
REPRESENTATION_ITEM('')
SURFACE()
);
#2907=(
BOUNDED_SURFACE()
B_SPLINE_SURFACE(2,2,((#3475,#3476,#3477,#3478,#3479),(#3480,#3481,#3482,
#3483,#3484),(#3485,#3486,#3487,#3488,#3489),(#3490,#3491,#3492,#3493,#3494),
(#3495,#3496,#3497,#3498,#3499)),.UNSPECIFIED.,.F.,.F.,.F.)
B_SPLINE_SURFACE_WITH_KNOTS((3,2,3),(3,2,3),(0.712151944690796,1.06822791703619,
1.42430388938159),(-0.356075972345398,0.,0.356075972345398),
 .UNSPECIFIED.)
GEOMETRIC_REPRESENTATION_ITEM()
RATIONAL_B_SPLINE_SURFACE(((1.,0.707106781186548,1.,0.707106781186548,1.),
(0.707106781186548,0.5,0.707106781186548,0.5,0.707106781186548),(1.,0.707106781186548,
1.,0.707106781186548,1.),(0.707106781186548,0.5,0.707106781186548,0.5,0.707106781186548),
(1.,0.707106781186548,1.,0.707106781186548,1.)))
REPRESENTATION_ITEM('')
SURFACE()
);
#2908=(
BOUNDED_SURFACE()
B_SPLINE_SURFACE(2,1,((#3512,#3513),(#3514,#3515),(#3516,#3517)),
 .UNSPECIFIED.,.F.,.F.,.F.)
B_SPLINE_SURFACE_WITH_KNOTS((3,3),(2,2),(0.,0.31415926535898),(0.2,1.8),
 .UNSPECIFIED.)
GEOMETRIC_REPRESENTATION_ITEM()
RATIONAL_B_SPLINE_SURFACE(((1.,1.),(0.707106781186547,0.707106781186547),
(1.,1.)))
REPRESENTATION_ITEM('')
SURFACE()
);
#2909=(
BOUNDED_SURFACE()
B_SPLINE_SURFACE(1,2,((#3518,#3519,#3520),(#3521,#3522,#3523)),
 .UNSPECIFIED.,.F.,.F.,.F.)
B_SPLINE_SURFACE_WITH_KNOTS((2,2),(3,3),(0.2,1.8),(0.,0.314159265358981),
 .UNSPECIFIED.)
GEOMETRIC_REPRESENTATION_ITEM()
RATIONAL_B_SPLINE_SURFACE(((1.,0.707106781186549,1.),(1.,0.70710678118655,
1.)))
REPRESENTATION_ITEM('')
SURFACE()
);
#2910=(
BOUNDED_SURFACE()
B_SPLINE_SURFACE(1,2,((#3524,#3525,#3526),(#3527,#3528,#3529)),
 .UNSPECIFIED.,.F.,.F.,.F.)
B_SPLINE_SURFACE_WITH_KNOTS((2,2),(3,3),(0.2,1.8),(0.,0.314159265358981),
 .UNSPECIFIED.)
GEOMETRIC_REPRESENTATION_ITEM()
RATIONAL_B_SPLINE_SURFACE(((1.,0.707106781186547,1.),(1.,0.707106781186547,
1.)))
REPRESENTATION_ITEM('')
SURFACE()
);
#2911=(
BOUNDED_SURFACE()
B_SPLINE_SURFACE(1,2,((#3530,#3531,#3532),(#3533,#3534,#3535)),
 .UNSPECIFIED.,.F.,.F.,.F.)
B_SPLINE_SURFACE_WITH_KNOTS((2,2),(3,3),(0.2,1.8),(0.,0.314159265358981),
 .UNSPECIFIED.)
GEOMETRIC_REPRESENTATION_ITEM()
RATIONAL_B_SPLINE_SURFACE(((1.,0.707106781186547,1.),(1.,0.707106781186547,
1.)))
REPRESENTATION_ITEM('')
SURFACE()
);
#2912=(
BOUNDED_SURFACE()
B_SPLINE_SURFACE(1,2,((#3537,#3538,#3539),(#3540,#3541,#3542)),
 .UNSPECIFIED.,.F.,.F.,.F.)
B_SPLINE_SURFACE_WITH_KNOTS((2,2),(3,3),(0.2,1.8),(0.,0.314159265358984),
 .UNSPECIFIED.)
GEOMETRIC_REPRESENTATION_ITEM()
RATIONAL_B_SPLINE_SURFACE(((1.,0.707106781186542,1.),(1.,0.707106781186542,
1.)))
REPRESENTATION_ITEM('')
SURFACE()
);
#2913=(
BOUNDED_SURFACE()
B_SPLINE_SURFACE(2,1,((#3544,#3545),(#3546,#3547),(#3548,#3549)),
 .UNSPECIFIED.,.F.,.F.,.F.)
B_SPLINE_SURFACE_WITH_KNOTS((3,3),(2,2),(0.,0.314159265358982),(0.200000000000001,
1.8),.UNSPECIFIED.)
GEOMETRIC_REPRESENTATION_ITEM()
RATIONAL_B_SPLINE_SURFACE(((1.,1.),(0.707106781186546,0.707106781186546),
(1.,1.)))
REPRESENTATION_ITEM('')
SURFACE()
);
#2914=(
BOUNDED_SURFACE()
B_SPLINE_SURFACE(1,2,((#3550,#3551,#3552),(#3553,#3554,#3555)),
 .UNSPECIFIED.,.F.,.F.,.F.)
B_SPLINE_SURFACE_WITH_KNOTS((2,2),(3,3),(0.2,1.8),(0.,0.314159265358983),
 .UNSPECIFIED.)
GEOMETRIC_REPRESENTATION_ITEM()
RATIONAL_B_SPLINE_SURFACE(((1.,0.707106781186549,1.),(1.,0.707106781186549,
1.)))
REPRESENTATION_ITEM('')
SURFACE()
);
#2915=(
BOUNDED_SURFACE()
B_SPLINE_SURFACE(1,2,((#3556,#3557,#3558),(#3559,#3560,#3561)),
 .UNSPECIFIED.,.F.,.F.,.F.)
B_SPLINE_SURFACE_WITH_KNOTS((2,2),(3,3),(0.2,1.8),(0.,0.314159265358983),
 .UNSPECIFIED.)
GEOMETRIC_REPRESENTATION_ITEM()
RATIONAL_B_SPLINE_SURFACE(((1.,0.707106781186548,1.),(1.,0.707106781186548,
1.)))
REPRESENTATION_ITEM('')
SURFACE()
);
#2916=(
BOUNDED_SURFACE()
B_SPLINE_SURFACE(2,2,((#3564,#3565,#3566,#3567,#3568),(#3569,#3570,#3571,
#3572,#3573),(#3574,#3575,#3576,#3577,#3578)),.UNSPECIFIED.,.F.,.F.,.F.)
B_SPLINE_SURFACE_WITH_KNOTS((3,3),(3,2,3),(0.157079632679489,0.47123889803847),
(2.6590662578099,3.49406851573771,4.32865141603761),.UNSPECIFIED.)
GEOMETRIC_REPRESENTATION_ITEM()
RATIONAL_B_SPLINE_SURFACE(((1.,0.922369618366427,1.,0.922408606156444,0.999922063581122),
(0.707106781186546,0.652213811907347,0.707106781186546,0.652241380438052,
0.707051671816256),(1.,0.922369618366427,1.,0.922408606156444,0.999922063581122)))
REPRESENTATION_ITEM('')
SURFACE()
);
#2917=(
BOUNDED_SURFACE()
B_SPLINE_SURFACE(2,2,((#3579,#3580,#3581,#3582,#3583),(#3584,#3585,#3586,
#3587,#3588),(#3589,#3590,#3591,#3592,#3593)),.UNSPECIFIED.,.F.,.F.,.F.)
B_SPLINE_SURFACE_WITH_KNOTS((3,3),(3,2,3),(0.15707963267949,0.471238898038469),
(2.28522785467774,3.11981075497764,3.95481301290545),.UNSPECIFIED.)
GEOMETRIC_REPRESENTATION_ITEM()
RATIONAL_B_SPLINE_SURFACE(((0.999922063581122,0.922408606156444,1.,0.922369618366427,
1.),(0.707051671816258,0.652241380438053,0.707106781186548,0.652213811907349,
0.707106781186548),(0.999922063581122,0.922408606156444,1.,0.922369618366427,
1.)))
REPRESENTATION_ITEM('')
SURFACE()
);
#2918=(
BOUNDED_SURFACE()
B_SPLINE_SURFACE(2,2,((#3594,#3595,#3596,#3597,#3598),(#3599,#3600,#3601,
#3602,#3603),(#3604,#3605,#3606,#3607,#3608)),.UNSPECIFIED.,.F.,.F.,.F.)
B_SPLINE_SURFACE_WITH_KNOTS((3,3),(3,2,3),(0.157079632679489,0.471238898038469),
(2.28522785467774,3.11981075497764,3.95481301290545),.UNSPECIFIED.)
GEOMETRIC_REPRESENTATION_ITEM()
RATIONAL_B_SPLINE_SURFACE(((0.999922063581122,0.922408606156444,1.,0.922369618366427,
1.),(0.707051671816257,0.652241380438053,0.707106781186547,0.652213811907348,
0.707106781186547),(0.999922063581122,0.922408606156444,1.,0.922369618366427,
1.)))
REPRESENTATION_ITEM('')
SURFACE()
);
#2919=(
BOUNDED_SURFACE()
B_SPLINE_SURFACE(2,2,((#3609,#3610,#3611,#3612,#3613),(#3614,#3615,#3616,
#3617,#3618),(#3619,#3620,#3621,#3622,#3623)),.UNSPECIFIED.,.F.,.F.,.F.)
B_SPLINE_SURFACE_WITH_KNOTS((3,3),(3,2,3),(0.157079632679489,0.47123889803847),
(2.28522785467774,3.11981075497764,3.95481301290545),.UNSPECIFIED.)
GEOMETRIC_REPRESENTATION_ITEM()
RATIONAL_B_SPLINE_SURFACE(((0.999922063581122,0.922408606156444,1.,0.922369618366427,
1.),(0.707051671816256,0.652241380438052,0.707106781186546,0.652213811907347,
0.707106781186546),(0.999922063581122,0.922408606156444,1.,0.922369618366427,
1.)))
REPRESENTATION_ITEM('')
SURFACE()
);
#2920=(
BOUNDED_SURFACE()
B_SPLINE_SURFACE(2,2,((#3624,#3625,#3626,#3627,#3628),(#3629,#3630,#3631,
#3632,#3633),(#3634,#3635,#3636,#3637,#3638)),.UNSPECIFIED.,.F.,.F.,.F.)
B_SPLINE_SURFACE_WITH_KNOTS((3,3),(3,2,3),(0.15707963267949,0.471238898038469),
(2.6590662578099,3.49406851573771,4.32865141603761),.UNSPECIFIED.)
GEOMETRIC_REPRESENTATION_ITEM()
RATIONAL_B_SPLINE_SURFACE(((1.,0.922369618366427,1.,0.922408606156444,0.999922063581123),
(0.707106781186548,0.652213811907349,0.707106781186548,0.652241380438053,
0.707051671816258),(1.,0.922369618366427,1.,0.922408606156444,0.999922063581123)))
REPRESENTATION_ITEM('')
SURFACE()
);
#2921=(
BOUNDED_SURFACE()
B_SPLINE_SURFACE(2,2,((#3639,#3640,#3641,#3642,#3643),(#3644,#3645,#3646,
#3647,#3648),(#3649,#3650,#3651,#3652,#3653)),.UNSPECIFIED.,.F.,.F.,.F.)
B_SPLINE_SURFACE_WITH_KNOTS((3,3),(3,2,3),(0.157079632679489,0.471238898038468),
(2.28522785467774,3.11981075497764,3.95481301290545),.UNSPECIFIED.)
GEOMETRIC_REPRESENTATION_ITEM()
RATIONAL_B_SPLINE_SURFACE(((0.999922063581123,0.922408606156444,1.,0.922369618366427,
1.),(0.70705167181626,0.652241380438055,0.70710678118655,0.652213811907351,
0.70710678118655),(0.999922063581123,0.922408606156444,1.,0.922369618366427,
1.)))
REPRESENTATION_ITEM('')
SURFACE()
);
#2922=(
BOUNDED_SURFACE()
B_SPLINE_SURFACE(2,2,((#3654,#3655,#3656,#3657,#3658),(#3659,#3660,#3661,
#3662,#3663),(#3664,#3665,#3666,#3667,#3668)),.UNSPECIFIED.,.F.,.F.,.F.)
B_SPLINE_SURFACE_WITH_KNOTS((3,3),(3,2,3),(0.15707963267949,0.47123889803847),
(2.6590662578099,3.49406851573772,4.32865141603761),.UNSPECIFIED.)
GEOMETRIC_REPRESENTATION_ITEM()
RATIONAL_B_SPLINE_SURFACE(((1.,0.922369618366427,1.,0.922408606156444,0.999922063581122),
(0.707106781186548,0.652213811907348,0.707106781186548,0.652241380438053,
0.707051671816257),(1.,0.922369618366427,1.,0.922408606156444,0.999922063581122)))
REPRESENTATION_ITEM('')
SURFACE()
);
#2923=(
BOUNDED_SURFACE()
B_SPLINE_SURFACE(2,2,((#3669,#3670,#3671,#3672,#3673),(#3674,#3675,#3676,
#3677,#3678),(#3679,#3680,#3681,#3682,#3683)),.UNSPECIFIED.,.F.,.F.,.F.)
B_SPLINE_SURFACE_WITH_KNOTS((3,3),(3,2,3),(0.157079632679489,0.471238898038469),
(2.6590662578099,3.49406851573771,4.32865141603761),.UNSPECIFIED.)
GEOMETRIC_REPRESENTATION_ITEM()
RATIONAL_B_SPLINE_SURFACE(((1.,0.922369618366427,1.,0.922408606156444,0.999922063581122),
(0.707106781186547,0.652213811907348,0.707106781186547,0.652241380438052,
0.707051671816257),(1.,0.922369618366427,1.,0.922408606156444,0.999922063581122)))
REPRESENTATION_ITEM('')
SURFACE()
);
#2924=(
BOUNDED_SURFACE()
B_SPLINE_SURFACE(2,2,((#4918,#4919,#4920,#4921,#4922),(#4923,#4924,#4925,
#4926,#4927),(#4928,#4929,#4930,#4931,#4932),(#4933,#4934,#4935,#4936,#4937),
(#4938,#4939,#4940,#4941,#4942)),.UNSPECIFIED.,.F.,.F.,.F.)
B_SPLINE_SURFACE_WITH_KNOTS((3,2,3),(3,2,3),(0.,1.41090462359704,2.82180924719409),
(-1.41090462359704,0.,1.41090462359704),.UNSPECIFIED.)
GEOMETRIC_REPRESENTATION_ITEM()
RATIONAL_B_SPLINE_SURFACE(((1.,0.707106781186548,1.,0.707106781186548,1.),
(0.707106781186548,0.5,0.707106781186548,0.5,0.707106781186548),(1.,0.707106781186548,
1.,0.707106781186548,1.),(0.707106781186548,0.5,0.707106781186548,0.5,0.707106781186548),
(1.,0.707106781186548,1.,0.707106781186548,1.)))
REPRESENTATION_ITEM('')
SURFACE()
);
#2925=(
BOUNDED_SURFACE()
B_SPLINE_SURFACE(2,2,((#4943,#4944,#4945,#4946,#4947),(#4948,#4949,#4950,
#4951,#4952),(#4953,#4954,#4955,#4956,#4957),(#4958,#4959,#4960,#4961,#4962),
(#4963,#4964,#4965,#4966,#4967)),.UNSPECIFIED.,.F.,.F.,.F.)
B_SPLINE_SURFACE_WITH_KNOTS((3,2,3),(3,2,3),(-1.41090462359704,0.,1.41090462359704),
(0.,1.41090462359704,2.82180924719409),.UNSPECIFIED.)
GEOMETRIC_REPRESENTATION_ITEM()
RATIONAL_B_SPLINE_SURFACE(((1.,0.707106781186547,1.,0.707106781186548,1.),
(0.707106781186548,0.5,0.707106781186548,0.5,0.707106781186548),(1.,0.707106781186547,
1.,0.707106781186548,1.),(0.707106781186548,0.5,0.707106781186548,0.5,0.707106781186548),
(1.,0.707106781186547,1.,0.707106781186548,1.)))
REPRESENTATION_ITEM('')
SURFACE()
);
#2926=(
BOUNDED_SURFACE()
B_SPLINE_SURFACE(2,2,((#4969,#4970,#4971,#4972,#4973),(#4974,#4975,#4976,
#4977,#4978),(#4979,#4980,#4981,#4982,#4983)),.UNSPECIFIED.,.F.,.F.,.F.)
B_SPLINE_SURFACE_WITH_KNOTS((3,3),(3,2,3),(0.,0.0814889100839577),(0.,1.33001431961735,
2.66002863923469),.UNSPECIFIED.)
GEOMETRIC_REPRESENTATION_ITEM()
RATIONAL_B_SPLINE_SURFACE(((1.,0.707106781186548,1.,0.707106781186548,1.),
(0.685949093763146,0.485039255748688,0.685949093763146,0.485039255748688,
0.685949093763146),(1.,0.707106781186548,1.,0.707106781186548,1.)))
REPRESENTATION_ITEM('')
SURFACE()
);
#2927=(
BOUNDED_SURFACE()
B_SPLINE_SURFACE(2,2,((#4984,#4985,#4986),(#4987,#4988,#4989),(#4990,#4991,
#4992),(#4993,#4994,#4995),(#4996,#4997,#4998)),.UNSPECIFIED.,.F.,.F.,.F.)
B_SPLINE_SURFACE_WITH_KNOTS((3,2,3),(3,3),(0.,1.25133108405853,2.50266216811706),
(0.,0.075405755760224),.UNSPECIFIED.)
GEOMETRIC_REPRESENTATION_ITEM()
RATIONAL_B_SPLINE_SURFACE(((1.,0.728917064758636,1.),(0.707106781186548,
0.515422199413425,0.707106781186548),(1.,0.728917064758636,1.),(0.707106781186548,
0.515422199413425,0.707106781186548),(1.,0.728917064758636,1.)))
REPRESENTATION_ITEM('')
SURFACE()
);
#2928=(
BOUNDED_SURFACE()
B_SPLINE_SURFACE(2,1,((#5000,#5001),(#5002,#5003),(#5004,#5005),(#5006,
#5007),(#5008,#5009)),.UNSPECIFIED.,.F.,.F.,.F.)
B_SPLINE_SURFACE_WITH_KNOTS((3,2,3),(2,2),(-5.64361849438817,-4.23271387079113,
-2.82180924719409),(0.,0.00963656400785262),.UNSPECIFIED.)
GEOMETRIC_REPRESENTATION_ITEM()
RATIONAL_B_SPLINE_SURFACE(((0.853949025567498,0.853949025567498),(0.603833146766422,
0.603833146766422),(0.853949025567498,0.853949025567498),(0.603833146766422,
0.603833146766422),(0.853949025567498,0.853949025567498)))
REPRESENTATION_ITEM('')
SURFACE()
);
#2929=(
BOUNDED_SURFACE()
B_SPLINE_SURFACE(2,1,((#5010,#5011),(#5012,#5013),(#5014,#5015),(#5016,
#5017),(#5018,#5019)),.UNSPECIFIED.,.F.,.F.,.F.)
B_SPLINE_SURFACE_WITH_KNOTS((3,2,3),(2,2),(0.,1.41090462359704,2.82180924719409),
(0.,0.00963656400785262),.UNSPECIFIED.)
GEOMETRIC_REPRESENTATION_ITEM()
RATIONAL_B_SPLINE_SURFACE(((0.859135994279054,0.859135994279054),(0.607500887516166,
0.607500887516166),(0.859135994279054,0.859135994279054),(0.607500887516166,
0.607500887516166),(0.859135994279054,0.859135994279054)))
REPRESENTATION_ITEM('')
SURFACE()
);
#2930=(
BOUNDED_SURFACE()
B_SPLINE_SURFACE(2,2,((#5020,#5021,#5022,#5023,#5024),(#5025,#5026,#5027,
#5028,#5029),(#5030,#5031,#5032,#5033,#5034),(#5035,#5036,#5037,#5038,#5039),
(#5040,#5041,#5042,#5043,#5044)),.UNSPECIFIED.,.F.,.F.,.F.)
B_SPLINE_SURFACE_WITH_KNOTS((3,2,3),(3,2,3),(2.82180924719409,4.23271387079113,
5.64361849438817),(-1.41090462359704,0.,1.41090462359704),.UNSPECIFIED.)
GEOMETRIC_REPRESENTATION_ITEM()
RATIONAL_B_SPLINE_SURFACE(((1.,0.707106781186548,1.,0.707106781186548,1.),
(0.707106781186548,0.5,0.707106781186548,0.5,0.707106781186548),(1.,0.707106781186548,
1.,0.707106781186548,1.),(0.707106781186548,0.5,0.707106781186548,0.5,0.707106781186548),
(1.,0.707106781186548,1.,0.707106781186548,1.)))
REPRESENTATION_ITEM('')
SURFACE()
);
#2931=(
BOUNDED_SURFACE()
B_SPLINE_SURFACE(2,2,((#5045,#5046,#5047,#5048,#5049),(#5050,#5051,#5052,
#5053,#5054),(#5055,#5056,#5057,#5058,#5059),(#5060,#5061,#5062,#5063,#5064),
(#5065,#5066,#5067,#5068,#5069)),.UNSPECIFIED.,.F.,.F.,.F.)
B_SPLINE_SURFACE_WITH_KNOTS((3,2,3),(3,2,3),(-1.41090462359704,0.,1.41090462359704),
(2.82180924719409,4.23271387079113,5.64361849438817),.UNSPECIFIED.)
GEOMETRIC_REPRESENTATION_ITEM()
RATIONAL_B_SPLINE_SURFACE(((1.,0.707106781186548,1.,0.707106781186548,1.),
(0.707106781186548,0.5,0.707106781186548,0.5,0.707106781186548),(1.,0.707106781186548,
1.,0.707106781186548,1.),(0.707106781186548,0.5,0.707106781186548,0.5,0.707106781186548),
(1.,0.707106781186548,1.,0.707106781186548,1.)))
REPRESENTATION_ITEM('')
SURFACE()
);
#2932=(
BOUNDED_SURFACE()
B_SPLINE_SURFACE(2,2,((#5071,#5072,#5073,#5074,#5075),(#5076,#5077,#5078,
#5079,#5080),(#5081,#5082,#5083,#5084,#5085)),.UNSPECIFIED.,.F.,.F.,.F.)
B_SPLINE_SURFACE_WITH_KNOTS((3,3),(3,2,3),(0.,0.0814889100839577),(2.66002863923469,
3.99004295885204,5.32005727846939),.UNSPECIFIED.)
GEOMETRIC_REPRESENTATION_ITEM()
RATIONAL_B_SPLINE_SURFACE(((1.,0.707106781186548,1.,0.707106781186548,1.),
(0.685949093763146,0.485039255748688,0.685949093763146,0.485039255748688,
0.685949093763146),(1.,0.707106781186548,1.,0.707106781186548,1.)))
REPRESENTATION_ITEM('')
SURFACE()
);
#2933=(
BOUNDED_SURFACE()
B_SPLINE_SURFACE(2,2,((#5086,#5087,#5088),(#5089,#5090,#5091),(#5092,#5093,
#5094),(#5095,#5096,#5097),(#5098,#5099,#5100)),.UNSPECIFIED.,.F.,.F.,.F.)
B_SPLINE_SURFACE_WITH_KNOTS((3,2,3),(3,3),(2.50266216811706,3.75399325217559,
5.00532433623412),(0.,0.075405755760224),.UNSPECIFIED.)
GEOMETRIC_REPRESENTATION_ITEM()
RATIONAL_B_SPLINE_SURFACE(((1.,0.728917064758636,1.),(0.707106781186548,
0.515422199413425,0.707106781186548),(1.,0.728917064758636,1.),(0.707106781186548,
0.515422199413425,0.707106781186548),(1.,0.728917064758636,1.)))
REPRESENTATION_ITEM('')
SURFACE()
);
#2934=(
BOUNDED_SURFACE()
B_SPLINE_SURFACE(2,1,((#5101,#5102),(#5103,#5104),(#5105,#5106),(#5107,
#5108),(#5109,#5110)),.UNSPECIFIED.,.F.,.F.,.F.)
B_SPLINE_SURFACE_WITH_KNOTS((3,2,3),(2,2),(-2.82180924719409,-1.41090462359704,
0.),(0.,0.00963656400785262),.UNSPECIFIED.)
GEOMETRIC_REPRESENTATION_ITEM()
RATIONAL_B_SPLINE_SURFACE(((0.853949025567498,0.853949025567498),(0.603833146766422,
0.603833146766422),(0.853949025567498,0.853949025567498),(0.603833146766422,
0.603833146766422),(0.853949025567498,0.853949025567498)))
REPRESENTATION_ITEM('')
SURFACE()
);
#2935=(
BOUNDED_SURFACE()
B_SPLINE_SURFACE(2,1,((#5111,#5112),(#5113,#5114),(#5115,#5116),(#5117,
#5118),(#5119,#5120)),.UNSPECIFIED.,.F.,.F.,.F.)
B_SPLINE_SURFACE_WITH_KNOTS((3,2,3),(2,2),(2.82180924719409,4.23271387079113,
5.64361849438817),(0.,0.00963656400785262),.UNSPECIFIED.)
GEOMETRIC_REPRESENTATION_ITEM()
RATIONAL_B_SPLINE_SURFACE(((0.859135994279054,0.859135994279054),(0.607500887516166,
0.607500887516166),(0.859135994279054,0.859135994279054),(0.607500887516166,
0.607500887516166),(0.859135994279054,0.859135994279054)))
REPRESENTATION_ITEM('')
SURFACE()
);
#2936=SHAPE_DEFINITION_REPRESENTATION(#2937,#3025);
#2937=PRODUCT_DEFINITION_SHAPE($,$,#2939);
#2938=PRODUCT_DEFINITION_CONTEXT('3D Mechanical Parts',#3011,'design');
#2939=PRODUCT_DEFINITION('A','First version',#2981,#2938);
#2940=DATE_TIME_ROLE('classification_date');
#2941=DATE_TIME_ROLE('creation_date');
#2942=APPLIED_DATE_AND_TIME_ASSIGNMENT(#2966,#2940,(#2945));
#2943=APPLIED_DATE_AND_TIME_ASSIGNMENT(#2968,#2941,(#2939));
#2944=SECURITY_CLASSIFICATION_LEVEL('unclassified');
#2945=SECURITY_CLASSIFICATION('A','Security for version',#2944);
#2946=APPLIED_SECURITY_CLASSIFICATION_ASSIGNMENT(#2945,(#2981));
#2947=APPROVAL_ROLE('Version approval');
#2948=APPROVAL_ROLE('Version Security approval');
#2949=APPROVAL_ROLE('Definition approval');
#2950=APPROVAL_PERSON_ORGANIZATION(#2999,#2975,#2947);
#2951=APPROVAL_PERSON_ORGANIZATION(#3000,#2976,#2948);
#2952=APPROVAL_PERSON_ORGANIZATION(#3003,#2977,#2949);
#2953=COORDINATED_UNIVERSAL_TIME_OFFSET(5,0,.BEHIND.);
#2954=LOCAL_TIME(0,0,0.,#2953);
#2955=LOCAL_TIME(0,0,0.,#2953);
#2956=LOCAL_TIME(0,0,0.,#2953);
#2957=LOCAL_TIME(0,0,0.,#2953);
#2958=LOCAL_TIME(0,0,0.,#2953);
#2959=CALENDAR_DATE(1999,1,1);
#2960=CALENDAR_DATE(1999,1,1);
#2961=CALENDAR_DATE(1999,1,1);
#2962=CALENDAR_DATE(1999,1,1);
#2963=CALENDAR_DATE(1999,1,1);
#2964=DATE_AND_TIME(#2959,#2954);
#2965=DATE_AND_TIME(#2960,#2955);
#2966=DATE_AND_TIME(#2961,#2956);
#2967=DATE_AND_TIME(#2962,#2957);
#2968=DATE_AND_TIME(#2963,#2958);
#2969=APPROVAL_DATE_TIME(#2964,#2975);
#2970=APPROVAL_DATE_TIME(#2965,#2976);
#2971=APPROVAL_DATE_TIME(#2967,#2977);
#2972=APPROVAL_STATUS('not_yet_approved');
#2973=APPROVAL_STATUS('not_yet_approved');
#2974=APPROVAL_STATUS('approved');
#2975=APPROVAL(#2972,'Version approval');
#2976=APPROVAL(#2973,'Version Security approval');
#2977=APPROVAL(#2974,'Definition approval');
#2978=APPLIED_APPROVAL_ASSIGNMENT(#2975,(#2981));
#2979=APPLIED_APPROVAL_ASSIGNMENT(#2976,(#2945));
#2980=APPLIED_APPROVAL_ASSIGNMENT(#2977,(#2939));
#2981=PRODUCT_DEFINITION_FORMATION_WITH_SPECIFIED_SOURCE('A',
'First version',#3013,.MADE.);
#2982=PERSON_AND_ORGANIZATION_ROLE('design_owner');
#2983=PERSON_AND_ORGANIZATION_ROLE('creator');
#2984=PERSON_AND_ORGANIZATION_ROLE('design_supplier');
#2985=PERSON_AND_ORGANIZATION_ROLE('classification_officer');
#2986=PERSON_AND_ORGANIZATION_ROLE('creator');
#2987=ORGANIZATION('STI','lab','lab');
#2988=ORGANIZATION('STI','unknown','unknown');
#2989=ORGANIZATION('STI','unknown','unknown');
#2990=ORGANIZATION('STI','unknown','unknown');
#2991=ORGANIZATION('STI','unknown','unknown');
#2992=ORGANIZATION('STI','unknown','unknown');
#2993=ORGANIZATION('STI','unknown','unknown');
#2994=PERSON('1','Box','vc60',$,$,$);
#2995=PERSON('2','last','first',$,$,$);
#2996=PERSON('3','President','Mr.',$,$,$);
#2997=PERSON_AND_ORGANIZATION(#2994,#2987);
#2998=PERSON_AND_ORGANIZATION(#2995,#2988);
#2999=PERSON_AND_ORGANIZATION(#2996,#2989);
#3000=PERSON_AND_ORGANIZATION(#2996,#2990);
#3001=PERSON_AND_ORGANIZATION(#2996,#2991);
#3002=PERSON_AND_ORGANIZATION(#2995,#2992);
#3003=PERSON_AND_ORGANIZATION(#2996,#2993);
#3004=APPLIED_PERSON_AND_ORGANIZATION_ASSIGNMENT(#2997,#2982,(#3013));
#3005=APPLIED_PERSON_AND_ORGANIZATION_ASSIGNMENT(#2998,#2983,(#2981));
#3006=APPLIED_PERSON_AND_ORGANIZATION_ASSIGNMENT(#2998,#2984,(#2981));
#3007=APPLIED_PERSON_AND_ORGANIZATION_ASSIGNMENT(#3001,#2985,(#2945));
#3008=APPLIED_PERSON_AND_ORGANIZATION_ASSIGNMENT(#3002,#2986,(#2939));
#3009=PRODUCT_RELATED_PRODUCT_CATEGORY('detail','detail',(#3013));
#3010=APPLICATION_PROTOCOL_DEFINITION('International Standard',
'config_control_design',1994,#3011);
#3011=APPLICATION_CONTEXT(
'configuration controlled 3d designs of mechanical parts and assemblie
s');
#3012=PRODUCT_CONTEXT('3D Mechanical Parts',#3011,'mechanical');
#3013=PRODUCT('Document','Document','',(#3012));
#3014=(
LENGTH_UNIT()
NAMED_UNIT(*)
SI_UNIT(.CENTI.,.METRE.)
);
#3015=LENGTH_MEASURE_WITH_UNIT(LENGTH_MEASURE(2.54),#3014);
#3016=(
CONVERSION_BASED_UNIT('INCH',#3015)
LENGTH_UNIT()
NAMED_UNIT(#3019)
);
#3017=(
NAMED_UNIT(*)
PLANE_ANGLE_UNIT()
SI_UNIT($,.RADIAN.)
);
#3018=DIMENSIONAL_EXPONENTS(0.,0.,0.,0.,0.,0.,0.);
#3019=DIMENSIONAL_EXPONENTS(1.,0.,0.,0.,0.,0.,0.);
#3020=PLANE_ANGLE_MEASURE_WITH_UNIT(PLANE_ANGLE_MEASURE(0.01745329252),
#3017);
#3021=(
CONVERSION_BASED_UNIT('DEGREES',#3020)
NAMED_UNIT(#3018)
PLANE_ANGLE_UNIT()
);
#3022=(
NAMED_UNIT(*)
SI_UNIT($,.STERADIAN.)
SOLID_ANGLE_UNIT()
);
#3023=UNCERTAINTY_MEASURE_WITH_UNIT(LENGTH_MEASURE(0.001),#3016,
'DISTANCE_ACCURACY_VALUE',
'Maximum model space distance between geometric entities at asserted c
onnectivities');
#3024=(
GEOMETRIC_REPRESENTATION_CONTEXT(3)
GLOBAL_UNCERTAINTY_ASSIGNED_CONTEXT((#3023))
GLOBAL_UNIT_ASSIGNED_CONTEXT((#3022,#3021,#3016))
REPRESENTATION_CONTEXT('ID1','3D')
);
#3025=SHAPE_REPRESENTATION('Document',(#3026,#3208,#3209),#3024);
#3026=AXIS2_PLACEMENT_3D($,#3407,#3210,#3211);
#3027=AXIS2_PLACEMENT_3D('',#3418,#3212,$);
#3028=AXIS2_PLACEMENT_3D('',#3419,#3213,$);
#3029=AXIS2_PLACEMENT_3D($,#3434,#3214,#3215);
#3030=AXIS2_PLACEMENT_3D($,#3437,#3216,#3217);
#3031=AXIS2_PLACEMENT_3D($,#3444,#3218,#3219);
#3032=AXIS2_PLACEMENT_3D($,#3447,#3220,#3221);
#3033=AXIS2_PLACEMENT_3D($,#3502,#3222,#3223);
#3034=AXIS2_PLACEMENT_3D($,#3505,#3224,#3225);
#3035=AXIS2_PLACEMENT_3D('',#3508,#3226,$);
#3036=AXIS2_PLACEMENT_3D('',#3509,#3227,$);
#3037=AXIS2_PLACEMENT_3D('',#3510,#3228,$);
#3038=AXIS2_PLACEMENT_3D('',#3511,#3229,$);
#3039=AXIS2_PLACEMENT_3D('',#3536,#3230,$);
#3040=AXIS2_PLACEMENT_3D('',#3543,#3231,$);
#3041=AXIS2_PLACEMENT_3D('',#3562,#3232,$);
#3042=AXIS2_PLACEMENT_3D('',#3563,#3233,$);
#3043=AXIS2_PLACEMENT_3D('',#3684,#3234,$);
#3044=AXIS2_PLACEMENT_3D('',#3685,#3235,$);
#3045=AXIS2_PLACEMENT_3D('',#3686,#3236,$);
#3046=AXIS2_PLACEMENT_3D('',#3687,#3237,$);
#3047=AXIS2_PLACEMENT_3D('',#3688,#3238,$);
#3048=AXIS2_PLACEMENT_3D('',#3689,#3239,$);
#3049=AXIS2_PLACEMENT_3D('',#4082,#3240,$);
#3050=AXIS2_PLACEMENT_3D('',#4083,#3241,$);
#3051=AXIS2_PLACEMENT_3D('',#4596,#3242,$);
#3052=AXIS2_PLACEMENT_3D('',#4597,#3243,$);
#3053=AXIS2_PLACEMENT_3D('',#4894,#3244,$);
#3054=AXIS2_PLACEMENT_3D('',#4895,#3245,$);
#3055=AXIS2_PLACEMENT_3D('',#4896,#3246,$);
#3056=AXIS2_PLACEMENT_3D('',#4897,#3247,$);
#3057=AXIS2_PLACEMENT_3D($,#4902,#3248,#3249);
#3058=AXIS2_PLACEMENT_3D($,#4907,#3250,#3251);
#3059=AXIS2_PLACEMENT_3D($,#4912,#3252,#3253);
#3060=AXIS2_PLACEMENT_3D($,#4915,#3254,#3255);
#3061=AXIS2_PLACEMENT_3D('',#4968,#3256,$);
#3062=AXIS2_PLACEMENT_3D('',#4999,#3257,$);
#3063=AXIS2_PLACEMENT_3D('',#5070,#3258,$);
#3064=AXIS2_PLACEMENT_3D('',#5281,#3259,$);
#3065=AXIS2_PLACEMENT_3D('',#5282,#3260,$);
#3066=AXIS2_PLACEMENT_3D('',#5283,#3261,$);
#3067=AXIS2_PLACEMENT_3D('',#5284,#3262,$);
#3068=AXIS2_PLACEMENT_3D('',#5285,#3263,$);
#3069=AXIS2_PLACEMENT_3D('',#5286,#3264,$);
#3070=AXIS2_PLACEMENT_3D('',#5287,#3265,$);
#3071=AXIS2_PLACEMENT_3D('',#5288,#3266,$);
#3072=AXIS2_PLACEMENT_3D('',#5289,#3267,$);
#3073=AXIS2_PLACEMENT_3D('',#5290,#3268,$);
#3074=AXIS2_PLACEMENT_3D('',#5291,#3269,$);
#3075=AXIS2_PLACEMENT_3D('',#5292,#3270,$);
#3076=AXIS2_PLACEMENT_3D('',#5293,#3271,$);
#3077=AXIS2_PLACEMENT_3D('',#5294,#3272,$);
#3078=AXIS2_PLACEMENT_3D('',#5295,#3273,$);
#3079=AXIS2_PLACEMENT_3D('',#5296,#3274,$);
#3080=AXIS2_PLACEMENT_3D('',#5297,#3275,$);
#3081=AXIS2_PLACEMENT_3D('',#5298,#3276,$);
#3082=AXIS2_PLACEMENT_3D('',#5299,#3277,$);
#3083=AXIS2_PLACEMENT_3D('',#5300,#3278,$);
#3084=AXIS2_PLACEMENT_3D('',#5301,#3279,$);
#3085=AXIS2_PLACEMENT_3D('',#5302,#3280,$);
#3086=AXIS2_PLACEMENT_3D('',#5303,#3281,$);
#3087=AXIS2_PLACEMENT_3D('',#5304,#3282,$);
#3088=AXIS2_PLACEMENT_3D('',#5305,#3283,$);
#3089=AXIS2_PLACEMENT_3D('',#5306,#3284,$);
#3090=AXIS2_PLACEMENT_3D('',#5307,#3285,$);
#3091=AXIS2_PLACEMENT_3D('',#5308,#3286,$);
#3092=AXIS2_PLACEMENT_3D('',#5309,#3287,$);
#3093=AXIS2_PLACEMENT_3D('',#5310,#3288,$);
#3094=AXIS2_PLACEMENT_3D('',#5311,#3289,$);
#3095=AXIS2_PLACEMENT_3D('',#5312,#3290,$);
#3096=AXIS2_PLACEMENT_3D('',#5313,#3291,$);
#3097=AXIS2_PLACEMENT_3D('',#5314,#3292,$);
#3098=AXIS2_PLACEMENT_3D('',#5315,#3293,$);
#3099=AXIS2_PLACEMENT_3D('',#5316,#3294,$);
#3100=AXIS2_PLACEMENT_3D('',#5317,#3295,$);
#3101=AXIS2_PLACEMENT_3D('',#5318,#3296,$);
#3102=AXIS2_PLACEMENT_3D('',#5319,#3297,$);
#3103=AXIS2_PLACEMENT_3D('',#5320,#3298,$);
#3104=AXIS2_PLACEMENT_3D('',#5321,#3299,$);
#3105=AXIS2_PLACEMENT_3D('',#5322,#3300,$);
#3106=AXIS2_PLACEMENT_3D('',#5323,#3301,$);
#3107=AXIS2_PLACEMENT_3D('',#5324,#3302,$);
#3108=AXIS2_PLACEMENT_3D('',#5325,#3303,$);
#3109=AXIS2_PLACEMENT_3D('',#5326,#3304,$);
#3110=AXIS2_PLACEMENT_3D('',#5327,#3305,$);
#3111=AXIS2_PLACEMENT_3D('',#5328,#3306,$);
#3112=AXIS2_PLACEMENT_3D('',#5329,#3307,$);
#3113=AXIS2_PLACEMENT_3D('',#5330,#3308,$);
#3114=AXIS2_PLACEMENT_3D('',#5331,#3309,$);
#3115=AXIS2_PLACEMENT_3D('',#5332,#3310,$);
#3116=AXIS2_PLACEMENT_3D('',#5333,#3311,$);
#3117=AXIS2_PLACEMENT_3D('',#5334,#3312,$);
#3118=AXIS2_PLACEMENT_3D('',#5335,#3313,$);
#3119=AXIS2_PLACEMENT_3D('',#5336,#3314,$);
#3120=AXIS2_PLACEMENT_3D('',#5337,#3315,$);
#3121=AXIS2_PLACEMENT_3D('',#5338,#3316,$);
#3122=AXIS2_PLACEMENT_3D('',#5339,#3317,$);
#3123=AXIS2_PLACEMENT_3D('',#5340,#3318,$);
#3124=AXIS2_PLACEMENT_3D('',#5341,#3319,$);
#3125=AXIS2_PLACEMENT_3D('',#5342,#3320,$);
#3126=AXIS2_PLACEMENT_3D('',#5343,#3321,$);
#3127=AXIS2_PLACEMENT_3D('',#5344,#3322,$);
#3128=AXIS2_PLACEMENT_3D('',#5345,#3323,$);
#3129=AXIS2_PLACEMENT_3D('',#5346,#3324,$);
#3130=AXIS2_PLACEMENT_3D('',#5347,#3325,$);
#3131=AXIS2_PLACEMENT_3D('',#5348,#3326,$);
#3132=AXIS2_PLACEMENT_3D('',#5349,#3327,$);
#3133=AXIS2_PLACEMENT_3D('',#5350,#3328,$);
#3134=AXIS2_PLACEMENT_3D('',#5351,#3329,$);
#3135=AXIS2_PLACEMENT_3D('',#5352,#3330,$);
#3136=AXIS2_PLACEMENT_3D('',#6101,#3331,$);
#3137=AXIS2_PLACEMENT_3D('',#6102,#3332,$);
#3138=AXIS2_PLACEMENT_3D('',#6103,#3333,$);
#3139=AXIS2_PLACEMENT_3D('',#6104,#3334,$);
#3140=AXIS2_PLACEMENT_3D('',#6105,#3335,$);
#3141=AXIS2_PLACEMENT_3D('',#6106,#3336,$);
#3142=AXIS2_PLACEMENT_3D('',#6107,#3337,$);
#3143=AXIS2_PLACEMENT_3D('',#6108,#3338,$);
#3144=AXIS2_PLACEMENT_3D('',#6109,#3339,$);
#3145=AXIS2_PLACEMENT_3D('',#6110,#3340,$);
#3146=AXIS2_PLACEMENT_3D('',#6111,#3341,$);
#3147=AXIS2_PLACEMENT_3D('',#6112,#3342,$);
#3148=AXIS2_PLACEMENT_3D('',#6113,#3343,$);
#3149=AXIS2_PLACEMENT_3D('',#6114,#3344,$);
#3150=AXIS2_PLACEMENT_3D('',#6115,#3345,$);
#3151=AXIS2_PLACEMENT_3D('',#6116,#3346,$);
#3152=AXIS2_PLACEMENT_3D('',#6117,#3347,$);
#3153=AXIS2_PLACEMENT_3D('',#6118,#3348,$);
#3154=AXIS2_PLACEMENT_3D('',#6119,#3349,$);
#3155=AXIS2_PLACEMENT_3D('',#6120,#3350,$);
#3156=AXIS2_PLACEMENT_3D('',#6121,#3351,$);
#3157=AXIS2_PLACEMENT_3D('',#6122,#3352,$);
#3158=AXIS2_PLACEMENT_3D('',#6123,#3353,$);
#3159=AXIS2_PLACEMENT_3D('',#6124,#3354,$);
#3160=AXIS2_PLACEMENT_3D('',#6125,#3355,$);
#3161=AXIS2_PLACEMENT_3D('',#6126,#3356,$);
#3162=AXIS2_PLACEMENT_3D('',#6127,#3357,$);
#3163=AXIS2_PLACEMENT_3D('',#6128,#3358,$);
#3164=AXIS2_PLACEMENT_3D('',#6129,#3359,$);
#3165=AXIS2_PLACEMENT_3D('',#6130,#3360,$);
#3166=AXIS2_PLACEMENT_3D('',#6131,#3361,$);
#3167=AXIS2_PLACEMENT_3D('',#6132,#3362,$);
#3168=AXIS2_PLACEMENT_3D('',#6133,#3363,$);
#3169=AXIS2_PLACEMENT_3D('',#6134,#3364,$);
#3170=AXIS2_PLACEMENT_3D('',#6135,#3365,$);
#3171=AXIS2_PLACEMENT_3D('',#6136,#3366,$);
#3172=AXIS2_PLACEMENT_3D('',#6137,#3367,$);
#3173=AXIS2_PLACEMENT_3D('',#6138,#3368,$);
#3174=AXIS2_PLACEMENT_3D('',#6139,#3369,$);
#3175=AXIS2_PLACEMENT_3D('',#6140,#3370,$);
#3176=AXIS2_PLACEMENT_3D('',#6141,#3371,$);
#3177=AXIS2_PLACEMENT_3D('',#6142,#3372,$);
#3178=AXIS2_PLACEMENT_3D('',#6143,#3373,$);
#3179=AXIS2_PLACEMENT_3D('',#6144,#3374,$);
#3180=AXIS2_PLACEMENT_3D('',#6145,#3375,$);
#3181=AXIS2_PLACEMENT_3D('',#6146,#3376,$);
#3182=AXIS2_PLACEMENT_3D('',#6147,#3377,$);
#3183=AXIS2_PLACEMENT_3D('',#6148,#3378,$);
#3184=AXIS2_PLACEMENT_3D('',#6149,#3379,$);
#3185=AXIS2_PLACEMENT_3D('',#6150,#3380,$);
#3186=AXIS2_PLACEMENT_3D('',#6151,#3381,$);
#3187=AXIS2_PLACEMENT_3D('',#6152,#3382,$);
#3188=AXIS2_PLACEMENT_3D('',#6153,#3383,$);
#3189=AXIS2_PLACEMENT_3D('',#6154,#3384,$);
#3190=AXIS2_PLACEMENT_3D('',#6155,#3385,$);
#3191=AXIS2_PLACEMENT_3D('',#6156,#3386,$);
#3192=AXIS2_PLACEMENT_3D('',#6157,#3387,$);
#3193=AXIS2_PLACEMENT_3D('',#6158,#3388,$);
#3194=AXIS2_PLACEMENT_3D('',#6159,#3389,$);
#3195=AXIS2_PLACEMENT_3D('',#6160,#3390,$);
#3196=AXIS2_PLACEMENT_3D('',#6161,#3391,$);
#3197=AXIS2_PLACEMENT_3D('',#6162,#3392,$);
#3198=AXIS2_PLACEMENT_3D('',#6163,#3393,$);
#3199=AXIS2_PLACEMENT_3D('',#6164,#3394,$);
#3200=AXIS2_PLACEMENT_3D('',#6165,#3395,$);
#3201=AXIS2_PLACEMENT_3D('',#6166,#3396,$);
#3202=AXIS2_PLACEMENT_3D('',#6167,#3397,$);
#3203=AXIS2_PLACEMENT_3D('',#6168,#3398,$);
#3204=AXIS2_PLACEMENT_3D('',#6169,#3399,$);
#3205=AXIS2_PLACEMENT_3D('',#6170,#3400,$);
#3206=AXIS2_PLACEMENT_3D('',#6171,#3401,$);
#3207=AXIS2_PLACEMENT_3D('',#6172,#3402,$);
#3208=AXIS2_PLACEMENT_3D($,#6923,#3403,#3404);
#3209=AXIS2_PLACEMENT_3D($,#6924,#3405,#3406);
#3210=DIRECTION('',(0.,0.,1.));
#3211=DIRECTION('',(1.,0.,0.));
#3212=DIRECTION('',(0.,0.,1.));
#3213=DIRECTION('',(0.,0.,-1.));
#3214=DIRECTION('',(0.,0.,1.));
#3215=DIRECTION('',(0.993060922928576,0.117601034656358,0.));
#3216=DIRECTION('',(0.,0.,1.));
#3217=DIRECTION('',(0.993060922928589,0.117601034656239,0.));
#3218=DIRECTION('',(0.,0.,1.));
#3219=DIRECTION('',(-0.993060922928585,-0.11760103465628,0.));
#3220=DIRECTION('',(0.,0.,1.));
#3221=DIRECTION('',(-0.993060922928581,-0.117601034656312,0.));
#3222=DIRECTION('',(-0.843675353263345,-0.536853702880003,0.));
#3223=DIRECTION('',(0.,1.94547398753632E-14,-1.));
#3224=DIRECTION('',(0.843675353263345,0.536853702880003,0.));
#3225=DIRECTION('',(3.89094797507263E-14,-1.94547398753631E-14,-1.));
#3226=DIRECTION('',(1.,0.,0.));
#3227=DIRECTION('',(-1.,0.,0.));
#3228=DIRECTION('',(0.,0.,-1.));
#3229=DIRECTION('',(0.,0.,1.));
#3230=DIRECTION('',(1.60128015761649E-14,1.,-1.68819798905402E-14));
#3231=DIRECTION('',(0.,-1.,0.));
#3232=DIRECTION('',(-4.69004099586385E-15,-1.,-1.19373624604555E-14));
#3233=DIRECTION('',(0.,1.,0.));
#3234=DIRECTION('',(0.,-1.,0.));
#3235=DIRECTION('',(0.,1.,0.));
#3236=DIRECTION('',(0.,0.,1.));
#3237=DIRECTION('',(-1.,0.,0.));
#3238=DIRECTION('',(0.,0.,-1.));
#3239=DIRECTION('',(1.,0.,0.));
#3240=DIRECTION('',(-1.,0.,0.));
#3241=DIRECTION('',(1.,0.,0.));
#3242=DIRECTION('',(1.,0.,0.));
#3243=DIRECTION('',(-1.,0.,0.));
#3244=DIRECTION('',(0.,0.,1.));
#3245=DIRECTION('',(0.,0.,-1.));
#3246=DIRECTION('',(0.,0.,-1.));
#3247=DIRECTION('',(0.,0.,-1.));
#3248=DIRECTION('',(0.,0.,1.));
#3249=DIRECTION('',(0.755912516763004,-0.654672641097077,0.));
#3250=DIRECTION('',(-4.18871517500635E-15,-4.83646639736835E-15,1.));
#3251=DIRECTION('',(0.755912516763004,-0.654672641097077,0.));
#3252=DIRECTION('',(0.,0.,1.));
#3253=DIRECTION('',(-0.755912516762998,0.654672641097083,0.));
#3254=DIRECTION('',(0.,0.,1.));
#3255=DIRECTION('',(-0.755912516762998,0.654672641097083,0.));
#3256=DIRECTION('',(0.,0.,1.));
#3257=DIRECTION('',(0.,0.,-1.));
#3258=DIRECTION('',(0.,0.,1.));
#3259=DIRECTION('',(-1.,0.,0.));
#3260=DIRECTION('',(1.,0.,0.));
#3261=DIRECTION('',(0.,0.,1.));
#3262=DIRECTION('',(-1.,0.,0.));
#3263=DIRECTION('',(1.,0.,0.));
#3264=DIRECTION('',(0.,0.,1.));
#3265=DIRECTION('',(-1.,0.,0.));
#3266=DIRECTION('',(1.,0.,0.));
#3267=DIRECTION('',(0.,0.,1.));
#3268=DIRECTION('',(0.,0.,1.));
#3269=DIRECTION('',(0.,0.,1.));
#3270=DIRECTION('',(-1.,0.,0.));
#3271=DIRECTION('',(1.,0.,0.));
#3272=DIRECTION('',(0.,0.,1.));
#3273=DIRECTION('',(0.,0.,1.));
#3274=DIRECTION('',(-1.,0.,0.));
#3275=DIRECTION('',(1.,0.,0.));
#3276=DIRECTION('',(0.,0.,1.));
#3277=DIRECTION('',(0.,0.,1.));
#3278=DIRECTION('',(-1.,0.,0.));
#3279=DIRECTION('',(1.,0.,0.));
#3280=DIRECTION('',(0.,0.,1.));
#3281=DIRECTION('',(0.,0.,1.));
#3282=DIRECTION('',(0.,0.,1.));
#3283=DIRECTION('',(0.,0.,1.));
#3284=DIRECTION('',(0.,0.,1.));
#3285=DIRECTION('',(0.,0.,1.));
#3286=DIRECTION('',(0.,-1.,0.));
#3287=DIRECTION('',(0.,-1.,0.));
#3288=DIRECTION('',(0.,-1.,0.));
#3289=DIRECTION('',(0.,-1.,0.));
#3290=DIRECTION('',(0.,1.,0.));
#3291=DIRECTION('',(0.,1.,0.));
#3292=DIRECTION('',(0.,1.,0.));
#3293=DIRECTION('',(0.,1.,0.));
#3294=DIRECTION('',(0.,-1.,0.));
#3295=DIRECTION('',(1.,0.,0.));
#3296=DIRECTION('',(7.41207428022731E-13,1.,-8.34444028427587E-13));
#3297=DIRECTION('',(-1.,0.,0.));
#3298=DIRECTION('',(0.,-1.,0.));
#3299=DIRECTION('',(0.,1.,0.));
#3300=DIRECTION('',(1.,0.,0.));
#3301=DIRECTION('',(-1.,-3.82349864187642E-13,4.50186130414415E-13));
#3302=DIRECTION('',(-1.12546532603587E-13,-1.,1.12546532603556E-13));
#3303=DIRECTION('',(0.,1.,0.));
#3304=DIRECTION('',(1.,7.64699728375237E-13,9.00372260828747E-13));
#3305=DIRECTION('',(-1.,0.,0.));
#3306=DIRECTION('',(1.12546532603596E-13,-1.,-1.12546532603585E-13));
#3307=DIRECTION('',(-1.1254653260363E-13,1.,-1.12546532603595E-13));
#3308=DIRECTION('',(1.,0.,0.));
#3309=DIRECTION('',(-1.,-3.82349864187605E-13,4.50186130414371E-13));
#3310=DIRECTION('',(1.,0.,0.));
#3311=DIRECTION('',(-1.,0.,0.));
#3312=DIRECTION('',(1.,0.,0.));
#3313=DIRECTION('',(-1.,0.,0.));
#3314=DIRECTION('',(1.,0.,0.));
#3315=DIRECTION('',(-1.,0.,0.));
#3316=DIRECTION('',(1.,0.,0.));
#3317=DIRECTION('',(-1.,-3.8234986418753E-13,-4.50186130414305E-13));
#3318=DIRECTION('',(-7.87825728224802E-13,-1.,-7.8782572822471E-13));
#3319=DIRECTION('',(-1.12546532603602E-13,1.,1.12546532603591E-13));
#3320=DIRECTION('',(1.12546532603564E-13,-1.,-1.12546532603572E-13));
#3321=DIRECTION('',(-1.12546532603653E-13,1.,-1.12546532603642E-13));
#3322=DIRECTION('',(0.,-1.,0.));
#3323=DIRECTION('',(-1.12546532603617E-13,1.,-1.12546532603627E-13));
#3324=DIRECTION('',(0.,-1.,0.));
#3325=DIRECTION('',(0.,1.,0.));
#3326=DIRECTION('',(0.,0.,-1.));
#3327=DIRECTION('',(1.,0.,0.));
#3328=DIRECTION('',(0.,1.,0.));
#3329=DIRECTION('',(-1.,0.,0.));
#3330=DIRECTION('',(0.,-1.,0.));
#3331=DIRECTION('',(1.,0.,0.));
#3332=DIRECTION('',(-1.,0.,0.));
#3333=DIRECTION('',(0.,0.,1.));
#3334=DIRECTION('',(1.,0.,0.));
#3335=DIRECTION('',(-1.,0.,0.));
#3336=DIRECTION('',(0.,0.,1.));
#3337=DIRECTION('',(1.,0.,0.));
#3338=DIRECTION('',(-1.,0.,0.));
#3339=DIRECTION('',(0.,0.,1.));
#3340=DIRECTION('',(0.,0.,1.));
#3341=DIRECTION('',(0.,0.,1.));
#3342=DIRECTION('',(1.,0.,0.));
#3343=DIRECTION('',(-1.,0.,0.));
#3344=DIRECTION('',(0.,0.,1.));
#3345=DIRECTION('',(0.,0.,1.));
#3346=DIRECTION('',(1.,0.,0.));
#3347=DIRECTION('',(-1.,0.,0.));
#3348=DIRECTION('',(0.,0.,1.));
#3349=DIRECTION('',(0.,0.,1.));
#3350=DIRECTION('',(1.,0.,0.));
#3351=DIRECTION('',(-1.,0.,0.));
#3352=DIRECTION('',(0.,0.,1.));
#3353=DIRECTION('',(0.,0.,1.));
#3354=DIRECTION('',(0.,0.,1.));
#3355=DIRECTION('',(0.,0.,1.));
#3356=DIRECTION('',(0.,0.,1.));
#3357=DIRECTION('',(0.,0.,1.));
#3358=DIRECTION('',(0.,-1.,0.));
#3359=DIRECTION('',(0.,-1.,0.));
#3360=DIRECTION('',(0.,-1.,0.));
#3361=DIRECTION('',(0.,-1.,0.));
#3362=DIRECTION('',(0.,1.,0.));
#3363=DIRECTION('',(0.,1.,0.));
#3364=DIRECTION('',(0.,1.,0.));
#3365=DIRECTION('',(0.,1.,0.));
#3366=DIRECTION('',(0.,1.,0.));
#3367=DIRECTION('',(1.,-3.82349864187582E-13,-4.50186130414366E-13));
#3368=DIRECTION('',(7.41207428022829E-13,-1.,8.34444028427823E-13));
#3369=DIRECTION('',(-1.,3.823498641877E-13,-4.50186130414483E-13));
#3370=DIRECTION('',(0.,1.,0.));
#3371=DIRECTION('',(0.,-1.,0.));
#3372=DIRECTION('',(1.,-3.82349864187582E-13,-4.50186130414366E-13));
#3373=DIRECTION('',(-1.,0.,0.));
#3374=DIRECTION('',(-1.12546532603653E-13,1.,-1.12546532603642E-13));
#3375=DIRECTION('',(0.,-1.,0.));
#3376=DIRECTION('',(1.,0.,0.));
#3377=DIRECTION('',(-1.,3.82349864187663E-13,-4.5018613041444E-13));
#3378=DIRECTION('',(1.12546532603682E-13,1.,1.12546532603651E-13));
#3379=DIRECTION('',(-1.12546532603573E-13,-1.,1.12546532603602E-13));
#3380=DIRECTION('',(1.,-3.82349864187618E-13,-4.50186130414409E-13));
#3381=DIRECTION('',(-1.,3.82349864187605E-13,-4.50186130414371E-13));
#3382=DIRECTION('',(1.,-7.64699728375121E-13,9.0037226082861E-13));
#3383=DIRECTION('',(-1.,-7.64699728375164E-13,-9.00372260828732E-13));
#3384=DIRECTION('',(1.,0.,0.));
#3385=DIRECTION('',(-1.,-3.8234986418753E-13,-4.50186130414305E-13));
#3386=DIRECTION('',(1.,-3.8234986418756E-13,4.50186130414305E-13));
#3387=DIRECTION('',(-1.,-3.82349864187582E-13,-4.50186130414366E-13));
#3388=DIRECTION('',(1.,0.,0.));
#3389=DIRECTION('',(-1.,-3.8234986418753E-13,-4.50186130414305E-13));
#3390=DIRECTION('',(-7.8782572822526E-13,1.,7.87825728225315E-13));
#3391=DIRECTION('',(-1.12546532603566E-13,-1.,-1.12546532603577E-13));
#3392=DIRECTION('',(1.12546532603615E-13,1.,1.12546532603623E-13));
#3393=DIRECTION('',(-1.12546532603587E-13,-1.,1.12546532603556E-13));
#3394=DIRECTION('',(0.,1.,0.));
#3395=DIRECTION('',(-1.12546532603465E-13,-1.,1.12546532603475E-13));
#3396=DIRECTION('',(0.,1.,0.));
#3397=DIRECTION('',(0.,-1.,0.));
#3398=DIRECTION('',(0.,0.,-1.));
#3399=DIRECTION('',(-1.,0.,0.));
#3400=DIRECTION('',(0.,1.,0.));
#3401=DIRECTION('',(1.,0.,0.));
#3402=DIRECTION('',(0.,-1.,0.));
#3403=DIRECTION('',(0.,0.,1.));
#3404=DIRECTION('',(1.,0.,0.));
#3405=DIRECTION('',(0.,0.,1.));
#3406=DIRECTION('',(1.,0.,0.));
#3407=CARTESIAN_POINT('',(0.,0.,0.));
#3408=CARTESIAN_POINT('',(10.7443477833777,-3.49793490826091,1.50462015490998));
#3409=CARTESIAN_POINT('',(10.731121474225,-3.49950120455263,1.7454322367906));
#3410=CARTESIAN_POINT('',(10.7401254722207,-3.46228035618389,1.50462015490998));
#3411=CARTESIAN_POINT('',(10.7284654593597,-3.47707296162824,1.7454322367906));
#3412=CARTESIAN_POINT('',(10.7044709201436,-3.46650266734089,1.50462015490998));
#3413=CARTESIAN_POINT('',(10.7060372164353,-3.47972897649353,1.7454322367906));
#3414=CARTESIAN_POINT('',(10.6688163680666,-3.47072497849789,1.50462015490998));
#3415=CARTESIAN_POINT('',(10.683608973511,-3.48238499135881,1.7454322367906));
#3416=CARTESIAN_POINT('',(10.6730386792236,-3.50637953057492,1.50462015490998));
#3417=CARTESIAN_POINT('',(10.6862649883762,-3.5048132342832,1.7454322367906));
#3418=CARTESIAN_POINT('',(10.6885255586803,-3.52774316236338,1.7454322367906));
#3419=CARTESIAN_POINT('',(10.6720714669366,-3.5387789837819,1.50462015490998));
#3420=CARTESIAN_POINT('',(10.6730386792236,-3.50637953057492,1.50462015490998));
#3421=CARTESIAN_POINT('',(10.6862649883762,-3.5048132342832,1.7454322367906));
#3422=CARTESIAN_POINT('',(10.6772609903806,-3.54203408265195,1.50462015490998));
#3423=CARTESIAN_POINT('',(10.6889210032415,-3.52724147720759,1.7454322367906));
#3424=CARTESIAN_POINT('',(10.7129155424576,-3.53781177149494,1.50462015490998));
#3425=CARTESIAN_POINT('',(10.7113492461659,-3.5245854623423,1.7454322367906));
#3426=CARTESIAN_POINT('',(10.7485700945347,-3.53358946033794,1.50462015490998));
#3427=CARTESIAN_POINT('',(10.7337774890903,-3.52192944747702,1.7454322367906));
#3428=CARTESIAN_POINT('',(10.7443477833777,-3.49793490826091,1.50462015490998));
#3429=CARTESIAN_POINT('',(10.731121474225,-3.49950120455263,1.7454322367906));
#3430=CARTESIAN_POINT('',(10.731121474225,-3.49950120455263,1.7454322367906));
#3431=CARTESIAN_POINT('',(10.7443477833777,-3.49793490826091,1.50462015490998));
#3432=CARTESIAN_POINT('',(10.6730386792236,-3.50637953057492,1.50462015490998));
#3433=CARTESIAN_POINT('',(10.6862649883762,-3.5048132342832,1.7454322367906));
#3434=CARTESIAN_POINT('',(10.7086932313006,-3.50215721941792,1.7454322367906));
#3435=CARTESIAN_POINT('',(10.731121474225,-3.49950120455263,1.7454322367906));
#3436=CARTESIAN_POINT('',(10.6862649883762,-3.5048132342832,1.7454322367906));
#3437=CARTESIAN_POINT('',(10.7086932313006,-3.50215721941791,1.50462015490998));
#3438=CARTESIAN_POINT('',(10.7443477833777,-3.49793490826091,1.50462015490998));
#3439=CARTESIAN_POINT('',(10.6730386792236,-3.50637953057492,1.50462015490998));
#3440=CARTESIAN_POINT('',(10.7443477833777,-3.49793490826091,1.50462015490998));
#3441=CARTESIAN_POINT('',(10.731121474225,-3.49950120455263,1.7454322367906));
#3442=CARTESIAN_POINT('',(10.6730386792236,-3.50637953057492,1.50462015490998));
#3443=CARTESIAN_POINT('',(10.6862649883762,-3.5048132342832,1.7454322367906));
#3444=CARTESIAN_POINT('',(10.7086932313006,-3.50215721941792,1.7454322367906));
#3445=CARTESIAN_POINT('',(10.6862649883762,-3.5048132342832,1.7454322367906));
#3446=CARTESIAN_POINT('',(10.731121474225,-3.49950120455263,1.7454322367906));
#3447=CARTESIAN_POINT('',(10.7086932313006,-3.50215721941792,1.50462015490998));
#3448=CARTESIAN_POINT('',(10.6730386792236,-3.50637953057492,1.50462015490998));
#3449=CARTESIAN_POINT('',(10.7443477833777,-3.49793490826091,1.50462015490998));
#3450=CARTESIAN_POINT('',(10.7086932313006,-3.50215721941792,1.73588544772692));
#3451=CARTESIAN_POINT('',(10.7332025219151,-3.54067401516034,1.73588544772692));
#3452=CARTESIAN_POINT('',(10.7332025219151,-3.54067401516034,1.78153902240282));
#3453=CARTESIAN_POINT('',(10.7332025219151,-3.54067401516034,1.82719259707872));
#3454=CARTESIAN_POINT('',(10.7086932313006,-3.50215721941792,1.82719259707872));
#3455=CARTESIAN_POINT('',(10.7086932313006,-3.50215721941792,1.73588544772692));
#3456=CARTESIAN_POINT('',(10.7717193176575,-3.51616472454587,1.73588544772692));
#3457=CARTESIAN_POINT('',(10.7717193176575,-3.51616472454587,1.78153902240282));
#3458=CARTESIAN_POINT('',(10.7717193176575,-3.51616472454587,1.82719259707872));
#3459=CARTESIAN_POINT('',(10.7086932313006,-3.50215721941792,1.82719259707872));
#3460=CARTESIAN_POINT('',(10.7086932313006,-3.50215721941792,1.73588544772692));
#3461=CARTESIAN_POINT('',(10.747210027043,-3.47764792880345,1.73588544772692));
#3462=CARTESIAN_POINT('',(10.747210027043,-3.47764792880345,1.78153902240282));
#3463=CARTESIAN_POINT('',(10.747210027043,-3.47764792880345,1.82719259707872));
#3464=CARTESIAN_POINT('',(10.7086932313006,-3.50215721941792,1.82719259707872));
#3465=CARTESIAN_POINT('',(10.7086932313006,-3.50215721941792,1.73588544772692));
#3466=CARTESIAN_POINT('',(10.7227007364286,-3.43913113306103,1.73588544772692));
#3467=CARTESIAN_POINT('',(10.7227007364286,-3.43913113306103,1.78153902240282));
#3468=CARTESIAN_POINT('',(10.7227007364286,-3.43913113306103,1.82719259707872));
#3469=CARTESIAN_POINT('',(10.7086932313006,-3.50215721941792,1.82719259707872));
#3470=CARTESIAN_POINT('',(10.7086932313006,-3.50215721941792,1.73588544772692));
#3471=CARTESIAN_POINT('',(10.6841839406862,-3.46364042367549,1.73588544772692));
#3472=CARTESIAN_POINT('',(10.6841839406862,-3.46364042367549,1.78153902240282));
#3473=CARTESIAN_POINT('',(10.6841839406862,-3.46364042367549,1.82719259707872));
#3474=CARTESIAN_POINT('',(10.7086932313006,-3.50215721941792,1.82719259707872));
#3475=CARTESIAN_POINT('',(10.7086932313006,-3.50215721941792,1.73588544772692));
#3476=CARTESIAN_POINT('',(10.6841839406862,-3.46364042367549,1.73588544772692));
#3477=CARTESIAN_POINT('',(10.6841839406862,-3.46364042367549,1.78153902240282));
#3478=CARTESIAN_POINT('',(10.6841839406862,-3.46364042367549,1.82719259707872));
#3479=CARTESIAN_POINT('',(10.7086932313006,-3.50215721941792,1.82719259707872));
#3480=CARTESIAN_POINT('',(10.7086932313006,-3.50215721941792,1.73588544772692));
#3481=CARTESIAN_POINT('',(10.6456671449437,-3.48814971428996,1.73588544772692));
#3482=CARTESIAN_POINT('',(10.6456671449437,-3.48814971428996,1.78153902240282));
#3483=CARTESIAN_POINT('',(10.6456671449437,-3.48814971428996,1.82719259707872));
#3484=CARTESIAN_POINT('',(10.7086932313006,-3.50215721941792,1.82719259707872));
#3485=CARTESIAN_POINT('',(10.7086932313006,-3.50215721941792,1.73588544772692));
#3486=CARTESIAN_POINT('',(10.6701764355582,-3.52666651003238,1.73588544772692));
#3487=CARTESIAN_POINT('',(10.6701764355582,-3.52666651003238,1.78153902240282));
#3488=CARTESIAN_POINT('',(10.6701764355582,-3.52666651003238,1.82719259707872));
#3489=CARTESIAN_POINT('',(10.7086932313006,-3.50215721941792,1.82719259707872));
#3490=CARTESIAN_POINT('',(10.7086932313006,-3.50215721941792,1.73588544772692));
#3491=CARTESIAN_POINT('',(10.6946857261727,-3.56518330577481,1.73588544772692));
#3492=CARTESIAN_POINT('',(10.6946857261727,-3.56518330577481,1.78153902240282));
#3493=CARTESIAN_POINT('',(10.6946857261727,-3.56518330577481,1.82719259707872));
#3494=CARTESIAN_POINT('',(10.7086932313006,-3.50215721941792,1.82719259707872));
#3495=CARTESIAN_POINT('',(10.7086932313006,-3.50215721941792,1.73588544772692));
#3496=CARTESIAN_POINT('',(10.7332025219151,-3.54067401516034,1.73588544772692));
#3497=CARTESIAN_POINT('',(10.7332025219151,-3.54067401516034,1.78153902240282));
#3498=CARTESIAN_POINT('',(10.7332025219151,-3.54067401516034,1.82719259707872));
#3499=CARTESIAN_POINT('',(10.7086932313006,-3.50215721941792,1.82719259707872));
#3500=CARTESIAN_POINT('',(10.7086932313006,-3.50215721941792,1.73588544772691));
#3501=CARTESIAN_POINT('',(10.7086932313006,-3.50215721941792,1.82719259707872));
#3502=CARTESIAN_POINT('',(10.7086932313006,-3.50215721941792,1.78153902240282));
#3503=CARTESIAN_POINT('',(10.7086932313006,-3.50215721941792,1.73588544772692));
#3504=CARTESIAN_POINT('',(10.7086932313006,-3.50215721941792,1.82719259707872));
#3505=CARTESIAN_POINT('',(10.7086932313006,-3.50215721941792,1.78153902240282));
#3506=CARTESIAN_POINT('',(10.7086932313006,-3.50215721941792,1.73588544772692));
#3507=CARTESIAN_POINT('',(10.7086932313006,-3.50215721941792,1.82719259707872));
#3508=CARTESIAN_POINT('',(11.0433154008804,-3.79245312032123,0.982184235506167));
#3509=CARTESIAN_POINT('',(10.3737722305463,-3.20500184015911,0.982184235506167));
#3510=CARTESIAN_POINT('',(10.4407265475797,-3.79245312032123,0.918677099478574));
#3511=CARTESIAN_POINT('',(10.4407265475797,-3.79245312032123,1.55374845975451));
#3512=CARTESIAN_POINT('',(10.4407265475797,-3.83072217424788,0.982184235506167));
#3513=CARTESIAN_POINT('',(10.976361083847,-3.83072217424788,0.982184235506167));
#3514=CARTESIAN_POINT('',(10.4407265475797,-3.83072217424788,0.918677099478573));
#3515=CARTESIAN_POINT('',(10.976361083847,-3.83072217424788,0.918677099478573));
#3516=CARTESIAN_POINT('',(10.4407265475797,-3.79245312032123,0.918677099478574));
#3517=CARTESIAN_POINT('',(10.976361083847,-3.79245312032123,0.918677099478574));
#3518=CARTESIAN_POINT('',(10.976361083847,-3.83072217424789,1.49024132372691));
#3519=CARTESIAN_POINT('',(11.0433154008804,-3.83072217424789,1.49024132372691));
#3520=CARTESIAN_POINT('',(11.0433154008804,-3.79245312032123,1.49024132372691));
#3521=CARTESIAN_POINT('',(10.976361083847,-3.83072217424789,0.982184235506167));
#3522=CARTESIAN_POINT('',(11.0433154008804,-3.83072217424789,0.982184235506161));
#3523=CARTESIAN_POINT('',(11.0433154008804,-3.79245312032123,0.982184235506167));
#3524=CARTESIAN_POINT('',(10.4407265475797,-3.83072217424789,1.49024132372691));
#3525=CARTESIAN_POINT('',(10.4407265475797,-3.83072217424788,1.5537484597545));
#3526=CARTESIAN_POINT('',(10.4407265475797,-3.79245312032123,1.55374845975451));
#3527=CARTESIAN_POINT('',(10.976361083847,-3.83072217424789,1.49024132372691));
#3528=CARTESIAN_POINT('',(10.976361083847,-3.83072217424788,1.5537484597545));
#3529=CARTESIAN_POINT('',(10.976361083847,-3.79245312032123,1.5537484597545));
#3530=CARTESIAN_POINT('',(10.4407265475797,-3.83072217424789,0.982184235506166));
#3531=CARTESIAN_POINT('',(10.3737722305463,-3.83072217424788,0.982184235506167));
#3532=CARTESIAN_POINT('',(10.3737722305463,-3.79245312032123,0.982184235506166));
#3533=CARTESIAN_POINT('',(10.4407265475797,-3.83072217424789,1.49024132372691));
#3534=CARTESIAN_POINT('',(10.3737722305463,-3.83072217424789,1.49024132372691));
#3535=CARTESIAN_POINT('',(10.3737722305463,-3.79245312032123,1.49024132372691));
#3536=CARTESIAN_POINT('',(10.9780403043324,-3.49872748024017,0.983954604440724));
#3537=CARTESIAN_POINT('',(11.0433154008804,-3.20500184015911,1.49024132372691));
#3538=CARTESIAN_POINT('',(11.0433154008804,-3.16673278623246,1.49024132372691));
#3539=CARTESIAN_POINT('',(10.976361083847,-3.16673278623246,1.49024132372691));
#3540=CARTESIAN_POINT('',(11.0433154008804,-3.20500184015911,0.982184235506167));
#3541=CARTESIAN_POINT('',(11.0433154008804,-3.16673278623246,0.982184235506165));
#3542=CARTESIAN_POINT('',(10.976361083847,-3.16673278623246,0.982184235506167));
#3543=CARTESIAN_POINT('',(10.9780403043324,-3.49872748024017,1.48847095479235));
#3544=CARTESIAN_POINT('',(10.976361083847,-3.16673278623246,0.982184235506167));
#3545=CARTESIAN_POINT('',(10.4407265475797,-3.16673278623246,0.982184235506167));
#3546=CARTESIAN_POINT('',(10.976361083847,-3.16673278623246,0.918677099478574));
#3547=CARTESIAN_POINT('',(10.4407265475797,-3.16673278623246,0.918677099478573));
#3548=CARTESIAN_POINT('',(10.976361083847,-3.20500184015911,0.918677099478573));
#3549=CARTESIAN_POINT('',(10.4407265475797,-3.20500184015911,0.918677099478573));
#3550=CARTESIAN_POINT('',(10.4407265475797,-3.16673278623246,1.49024132372691));
#3551=CARTESIAN_POINT('',(10.3737722305463,-3.16673278623246,1.49024132372691));
#3552=CARTESIAN_POINT('',(10.3737722305463,-3.20500184015911,1.49024132372691));
#3553=CARTESIAN_POINT('',(10.4407265475797,-3.16673278623246,0.982184235506167));
#3554=CARTESIAN_POINT('',(10.3737722305463,-3.16673278623246,0.982184235506167));
#3555=CARTESIAN_POINT('',(10.3737722305463,-3.20500184015911,0.982184235506167));
#3556=CARTESIAN_POINT('',(10.976361083847,-3.16673278623246,1.49024132372691));
#3557=CARTESIAN_POINT('',(10.976361083847,-3.16673278623246,1.5537484597545));
#3558=CARTESIAN_POINT('',(10.976361083847,-3.20500184015911,1.5537484597545));
#3559=CARTESIAN_POINT('',(10.4407265475797,-3.16673278623246,1.49024132372691));
#3560=CARTESIAN_POINT('',(10.4407265475797,-3.16673278623246,1.5537484597545));
#3561=CARTESIAN_POINT('',(10.4407265475797,-3.20500184015911,1.5537484597545));
#3562=CARTESIAN_POINT('',(10.4390473270944,-3.49872748024017,0.983954604440727));
#3563=CARTESIAN_POINT('',(10.4390473270944,-3.49872748024017,1.48847095479235));
#3564=CARTESIAN_POINT('',(10.4407265475797,-3.83072217424788,0.982184235506167));
#3565=CARTESIAN_POINT('',(10.4407265475797,-3.83072217424788,0.963376485293432));
#3566=CARTESIAN_POINT('',(10.4507184273515,-3.82501111926659,0.95018225747115));
#3567=CARTESIAN_POINT('',(10.4607048668495,-3.81930317378051,0.9369952135034));
#3568=CARTESIAN_POINT('',(10.4747165534859,-3.81129451929411,0.937283178621767));
#3569=CARTESIAN_POINT('',(10.3737722305463,-3.83072217424788,0.982184235506167));
#3570=CARTESIAN_POINT('',(10.3737722305463,-3.83072217424789,0.944568735080698));
#3571=CARTESIAN_POINT('',(10.3937559900898,-3.8193000642853,0.918180279436134));
#3572=CARTESIAN_POINT('',(10.4137288690858,-3.80788417331313,0.891806191500634));
#3573=CARTESIAN_POINT('',(10.4417522423587,-3.79186686434034,0.892382121737368));
#3574=CARTESIAN_POINT('',(10.3737722305463,-3.79245312032123,0.982184235506167));
#3575=CARTESIAN_POINT('',(10.3737722305463,-3.79245312032123,0.963376485293432));
#3576=CARTESIAN_POINT('',(10.3837641103181,-3.78674206533994,0.95018225747115));
#3577=CARTESIAN_POINT('',(10.3937505498161,-3.78103411985386,0.9369952135034));
#3578=CARTESIAN_POINT('',(10.4077622364525,-3.77302546536746,0.937283178621767));
#3579=CARTESIAN_POINT('',(11.0093253949743,-3.81951025239732,1.01442424667057));
#3580=CARTESIAN_POINT('',(11.0233370816107,-3.81968377860765,1.00113395967157));
#3581=CARTESIAN_POINT('',(11.0333235211087,-3.811737337809,0.991661677677933));
#3582=CARTESIAN_POINT('',(11.0433154008804,-3.80378656805878,0.982184235506167));
#3583=CARTESIAN_POINT('',(11.0433154008804,-3.79245312032123,0.982184235506167));
#3584=CARTESIAN_POINT('',(10.9753353890681,-3.84656738447341,0.98315712180738));
#3585=CARTESIAN_POINT('',(11.003358762341,-3.84691443689407,0.956576547809371));
#3586=CARTESIAN_POINT('',(11.023331641337,-3.83102155529678,0.937631983822105));
#3587=CARTESIAN_POINT('',(11.0433154008804,-3.81512001579633,0.918677099478574));
#3588=CARTESIAN_POINT('',(11.0433154008804,-3.79245312032123,0.918677099478573));
#3589=CARTESIAN_POINT('',(10.9423710779408,-3.81951025239732,0.950917110642976));
#3590=CARTESIAN_POINT('',(10.9563827645773,-3.81968377860765,0.937626823643973));
#3591=CARTESIAN_POINT('',(10.9663692040753,-3.811737337809,0.92815454165034));
#3592=CARTESIAN_POINT('',(10.976361083847,-3.80378656805878,0.918677099478574));
#3593=CARTESIAN_POINT('',(10.976361083847,-3.79245312032123,0.918677099478574));
#3594=CARTESIAN_POINT('',(11.0236993797586,-3.81129451929411,1.45800131256251));
#3595=CARTESIAN_POINT('',(11.0240029756856,-3.81930317378051,1.47129159956151));
#3596=CARTESIAN_POINT('',(11.0101001361343,-3.82501111926659,1.48076388155515));
#3597=CARTESIAN_POINT('',(10.9961897227874,-3.83072217424788,1.49024132372691));
#3598=CARTESIAN_POINT('',(10.976361083847,-3.83072217424789,1.49024132372691));
#3599=CARTESIAN_POINT('',(11.0710376756702,-3.79186686434034,1.4892684374257));
#3600=CARTESIAN_POINT('',(11.0716448675241,-3.80788417331313,1.51584901142371));
#3601=CARTESIAN_POINT('',(11.0438391884216,-3.8193000642853,1.53479357541097));
#3602=CARTESIAN_POINT('',(11.0160183617278,-3.83072217424789,1.5537484597545));
#3603=CARTESIAN_POINT('',(10.976361083847,-3.83072217424789,1.5537484597545));
#3604=CARTESIAN_POINT('',(11.0236993797586,-3.77302546536746,1.5215084485901));
#3605=CARTESIAN_POINT('',(11.0240029756856,-3.78103411985386,1.53479873558911));
#3606=CARTESIAN_POINT('',(11.0101001361343,-3.78674206533994,1.54427101758274));
#3607=CARTESIAN_POINT('',(10.9961897227874,-3.79245312032123,1.55374845975451));
#3608=CARTESIAN_POINT('',(10.976361083847,-3.79245312032123,1.55374845975451));
#3609=CARTESIAN_POINT('',(10.4747165534859,-3.81129451929411,1.53514238061131));
#3610=CARTESIAN_POINT('',(10.4607048668495,-3.81930317378051,1.53543034572968));
#3611=CARTESIAN_POINT('',(10.4507184273515,-3.82501111926659,1.52224330176193));
#3612=CARTESIAN_POINT('',(10.4407265475797,-3.83072217424788,1.50904907393965));
#3613=CARTESIAN_POINT('',(10.4407265475797,-3.83072217424789,1.49024132372691));
#3614=CARTESIAN_POINT('',(10.4417522423587,-3.79186686434034,1.58004343749571));
#3615=CARTESIAN_POINT('',(10.4137288690858,-3.80788417331313,1.58061936773244));
#3616=CARTESIAN_POINT('',(10.3937559900898,-3.8193000642853,1.55424527979694));
#3617=CARTESIAN_POINT('',(10.3737722305463,-3.83072217424789,1.52785682415238));
#3618=CARTESIAN_POINT('',(10.3737722305463,-3.83072217424788,1.49024132372691));
#3619=CARTESIAN_POINT('',(10.4077622364525,-3.77302546536746,1.53514238061131));
#3620=CARTESIAN_POINT('',(10.3937505498161,-3.78103411985386,1.53543034572968));
#3621=CARTESIAN_POINT('',(10.3837641103181,-3.78674206533994,1.52224330176193));
#3622=CARTESIAN_POINT('',(10.3737722305463,-3.79245312032123,1.50904907393965));
#3623=CARTESIAN_POINT('',(10.3737722305463,-3.79245312032123,1.49024132372691));
#3624=CARTESIAN_POINT('',(11.0433154008804,-3.20500184015911,0.982184235506166));
#3625=CARTESIAN_POINT('',(11.0433154008804,-3.19366839242156,0.982184235506167));
#3626=CARTESIAN_POINT('',(11.0333235211087,-3.18571762267134,0.991661677677932));
#3627=CARTESIAN_POINT('',(11.0233370816107,-3.17777118187269,1.00113395967156));
#3628=CARTESIAN_POINT('',(11.0093253949743,-3.17794470808302,1.01442424667057));
#3629=CARTESIAN_POINT('',(11.0433154008804,-3.20500184015911,0.918677099478574));
#3630=CARTESIAN_POINT('',(11.0433154008804,-3.18233494468401,0.918677099478574));
#3631=CARTESIAN_POINT('',(11.023331641337,-3.16643340518357,0.937631983822106));
#3632=CARTESIAN_POINT('',(11.003358762341,-3.15054052358627,0.956576547809371));
#3633=CARTESIAN_POINT('',(10.9753353890681,-3.15088757600693,0.98315712180738));
#3634=CARTESIAN_POINT('',(10.976361083847,-3.20500184015911,0.918677099478573));
#3635=CARTESIAN_POINT('',(10.976361083847,-3.19366839242156,0.918677099478573));
#3636=CARTESIAN_POINT('',(10.9663692040753,-3.18571762267134,0.928154541650339));
#3637=CARTESIAN_POINT('',(10.9563827645773,-3.17777118187269,0.937626823643972));
#3638=CARTESIAN_POINT('',(10.9423710779408,-3.17794470808302,0.950917110642976));
#3639=CARTESIAN_POINT('',(11.0236993797586,-3.22442949511288,1.5215084485901));
#3640=CARTESIAN_POINT('',(11.0240029756856,-3.21642084062649,1.53479873558911));
#3641=CARTESIAN_POINT('',(11.0101001361343,-3.2107128951404,1.54427101758274));
#3642=CARTESIAN_POINT('',(10.9961897227874,-3.20500184015911,1.55374845975451));
#3643=CARTESIAN_POINT('',(10.976361083847,-3.20500184015911,1.5537484597545));
#3644=CARTESIAN_POINT('',(11.0710376756702,-3.20558809614,1.4892684374257));
#3645=CARTESIAN_POINT('',(11.0716448675241,-3.18957078716721,1.51584901142371));
#3646=CARTESIAN_POINT('',(11.0438391884216,-3.17815489619504,1.53479357541097));
#3647=CARTESIAN_POINT('',(11.0160183617278,-3.16673278623246,1.5537484597545));
#3648=CARTESIAN_POINT('',(10.976361083847,-3.16673278623246,1.5537484597545));
#3649=CARTESIAN_POINT('',(11.0236993797586,-3.18616044118623,1.45800131256251));
#3650=CARTESIAN_POINT('',(11.0240029756856,-3.17815178669983,1.47129159956151));
#3651=CARTESIAN_POINT('',(11.0101001361343,-3.17244384121375,1.48076388155515));
#3652=CARTESIAN_POINT('',(10.9961897227874,-3.16673278623246,1.49024132372691));
#3653=CARTESIAN_POINT('',(10.976361083847,-3.16673278623246,1.49024132372691));
#3654=CARTESIAN_POINT('',(10.4407265475797,-3.16673278623246,0.982184235506167));
#3655=CARTESIAN_POINT('',(10.4208979086394,-3.16673278623246,0.982184235506168));
#3656=CARTESIAN_POINT('',(10.4069874952924,-3.17244384121375,0.991661677677933));
#3657=CARTESIAN_POINT('',(10.3930846557412,-3.17815178669983,1.00113395967157));
#3658=CARTESIAN_POINT('',(10.3933882516681,-3.18616044118623,1.01442424667057));
#3659=CARTESIAN_POINT('',(10.4407265475797,-3.16673278623246,0.918677099478574));
#3660=CARTESIAN_POINT('',(10.401069269699,-3.16673278623246,0.918677099478574));
#3661=CARTESIAN_POINT('',(10.3732484430051,-3.17815489619504,0.937631983822106));
#3662=CARTESIAN_POINT('',(10.3454427639026,-3.18957078716721,0.956576547809372));
#3663=CARTESIAN_POINT('',(10.3460499557565,-3.20558809614,0.983157121807379));
#3664=CARTESIAN_POINT('',(10.4407265475797,-3.20500184015911,0.918677099478573));
#3665=CARTESIAN_POINT('',(10.4208979086394,-3.20500184015911,0.918677099478574));
#3666=CARTESIAN_POINT('',(10.4069874952924,-3.2107128951404,0.928154541650339));
#3667=CARTESIAN_POINT('',(10.3930846557412,-3.21642084062649,0.937626823643973));
#3668=CARTESIAN_POINT('',(10.3933882516681,-3.22442949511288,0.950917110642976));
#3669=CARTESIAN_POINT('',(10.4407265475797,-3.20500184015911,1.5537484597545));
#3670=CARTESIAN_POINT('',(10.4208979086394,-3.20500184015911,1.5537484597545));
#3671=CARTESIAN_POINT('',(10.4069874952924,-3.2107128951404,1.54427101758274));
#3672=CARTESIAN_POINT('',(10.3930846557412,-3.21642084062649,1.53479873558911));
#3673=CARTESIAN_POINT('',(10.3933882516681,-3.22442949511288,1.5215084485901));
#3674=CARTESIAN_POINT('',(10.4407265475797,-3.16673278623246,1.55374845975451));
#3675=CARTESIAN_POINT('',(10.401069269699,-3.16673278623246,1.5537484597545));
#3676=CARTESIAN_POINT('',(10.3732484430051,-3.17815489619504,1.53479357541097));
#3677=CARTESIAN_POINT('',(10.3454427639026,-3.18957078716721,1.51584901142371));
#3678=CARTESIAN_POINT('',(10.3460499557565,-3.20558809614,1.4892684374257));
#3679=CARTESIAN_POINT('',(10.4407265475797,-3.16673278623246,1.49024132372691));
#3680=CARTESIAN_POINT('',(10.4208979086394,-3.16673278623246,1.49024132372691));
#3681=CARTESIAN_POINT('',(10.4069874952924,-3.17244384121375,1.48076388155515));
#3682=CARTESIAN_POINT('',(10.3930846557412,-3.17815178669983,1.47129159956151));
#3683=CARTESIAN_POINT('',(10.3933882516681,-3.18616044118623,1.45800131256251));
#3684=CARTESIAN_POINT('',(10.4407265475797,-3.83072217424789,0.982184235506167));
#3685=CARTESIAN_POINT('',(10.976361083847,-3.16673278623246,0.982184235506166));
#3686=CARTESIAN_POINT('',(10.5921550975323,-3.83072219595254,1.1139451681326));
#3687=CARTESIAN_POINT('',(10.8366903193376,-3.83072219595254,1.1139451681326));
#3688=CARTESIAN_POINT('',(10.8366903193376,-3.83072219595253,1.35848038993791));
#3689=CARTESIAN_POINT('',(10.5921550975323,-3.83072219595253,1.35848038993791));
#3690=CARTESIAN_POINT('',(10.4407265475797,-3.83072217424789,1.49024132372691));
#3691=CARTESIAN_POINT('',(10.976361083847,-3.83072217424789,1.49024132372691));
#3692=CARTESIAN_POINT('',(10.4407265475797,-3.83072217424788,0.982184235506167));
#3693=CARTESIAN_POINT('',(10.976361083847,-3.83072217424788,0.982184235506167));
#3694=CARTESIAN_POINT('',(11.0433154008804,-3.79245312032123,1.49024132372691));
#3695=CARTESIAN_POINT('',(11.0433154008804,-3.20500184015911,1.49024132372691));
#3696=CARTESIAN_POINT('',(11.0433154008804,-3.79245312032123,0.982184235506167));
#3697=CARTESIAN_POINT('',(11.0433154008804,-3.20500184015911,0.982184235506167));
#3698=CARTESIAN_POINT('',(10.976361083847,-3.16673278623246,0.982184235506166));
#3699=CARTESIAN_POINT('',(10.4407265475797,-3.16673278623246,0.982184235506167));
#3700=CARTESIAN_POINT('',(10.976361083847,-3.16673278623246,1.49024132372691));
#3701=CARTESIAN_POINT('',(10.4407265475797,-3.16673278623246,1.49024132372691));
#3702=CARTESIAN_POINT('',(10.3737722305463,-3.20500184015911,1.49024132372691));
#3703=CARTESIAN_POINT('',(10.3737722305463,-3.79245312032123,1.49024132372691));
#3704=CARTESIAN_POINT('',(10.3737722305463,-3.20500184015911,0.982184235506166));
#3705=CARTESIAN_POINT('',(10.3737722305463,-3.79245312032123,0.982184235506167));
#3706=CARTESIAN_POINT('',(10.4407265475797,-3.20500184015911,0.918677099478573));
#3707=CARTESIAN_POINT('',(10.4407265475797,-3.79245312032123,0.918677099478574));
#3708=CARTESIAN_POINT('',(10.976361083847,-3.79245312032123,0.918677099478574));
#3709=CARTESIAN_POINT('',(10.976361083847,-3.20500184015911,0.918677099478573));
#3710=CARTESIAN_POINT('',(10.976361083847,-3.79245312032123,1.55374845975451));
#3711=CARTESIAN_POINT('',(10.976361083847,-3.20500184015911,1.5537484597545));
#3712=CARTESIAN_POINT('',(10.4407265475797,-3.20500184015911,1.5537484597545));
#3713=CARTESIAN_POINT('',(10.4407265475797,-3.79245312032123,1.55374845975451));
#3714=CARTESIAN_POINT('',(10.5921550975323,-3.83072219595254,1.1139451681326));
#3715=CARTESIAN_POINT('',(10.8366903193376,-3.83072219595254,1.1139451681326));
#3716=CARTESIAN_POINT('',(10.8366903193376,-3.83072219595253,1.35848038993791));
#3717=CARTESIAN_POINT('',(10.5921550975323,-3.83072219595253,1.35848038993791));
#3718=CARTESIAN_POINT('',(10.5921550975323,-3.16673278623246,1.1139451681326));
#3719=CARTESIAN_POINT('',(10.8366903193376,-3.16673278623246,1.1139451681326));
#3720=CARTESIAN_POINT('',(10.8366903193376,-3.16673278623246,1.35848038993791));
#3721=CARTESIAN_POINT('',(10.5921550975323,-3.16673278623246,1.35848038993791));
#3722=CARTESIAN_POINT('',(10.4407265475797,-3.83072217424789,1.49024132372691));
#3723=CARTESIAN_POINT('',(10.976361083847,-3.83072217424789,1.49024132372691));
#3724=CARTESIAN_POINT('',(10.4407265475797,-3.83072217424788,0.982184235506167));
#3725=CARTESIAN_POINT('',(10.976361083847,-3.83072217424788,0.982184235506167));
#3726=CARTESIAN_POINT('',(10.976361083847,-3.83072217424789,1.49024132372691));
#3727=CARTESIAN_POINT('',(10.976361083847,-3.83072217424788,0.982184235506167));
#3728=CARTESIAN_POINT('',(10.4407265475797,-3.83072217424788,0.982184235506167));
#3729=CARTESIAN_POINT('',(10.4407265475797,-3.83072217424789,1.49024132372691));
#3730=CARTESIAN_POINT('',(11.0433154008804,-3.79245312032123,1.49024132372691));
#3731=CARTESIAN_POINT('',(11.0433154008804,-3.20500184015911,1.49024132372691));
#3732=CARTESIAN_POINT('',(11.0433154008804,-3.79245312032123,1.49024132372691));
#3733=CARTESIAN_POINT('',(11.0433154008804,-3.79245312032123,0.982184235506167));
#3734=CARTESIAN_POINT('',(11.0433154008804,-3.20500184015911,1.49024132372691));
#3735=CARTESIAN_POINT('',(11.0433154008804,-3.20500184015911,0.982184235506167));
#3736=CARTESIAN_POINT('',(11.0433154008804,-3.79245312032123,0.982184235506167));
#3737=CARTESIAN_POINT('',(11.0433154008804,-3.20500184015911,0.982184235506167));
#3738=CARTESIAN_POINT('',(10.976361083847,-3.16673278623246,0.982184235506166));
#3739=CARTESIAN_POINT('',(10.4407265475797,-3.16673278623246,0.982184235506167));
#3740=CARTESIAN_POINT('',(10.976361083847,-3.16673278623246,1.49024132372691));
#3741=CARTESIAN_POINT('',(10.976361083847,-3.16673278623246,0.982184235506166));
#3742=CARTESIAN_POINT('',(10.976361083847,-3.16673278623246,1.49024132372691));
#3743=CARTESIAN_POINT('',(10.4407265475797,-3.16673278623246,1.49024132372691));
#3744=CARTESIAN_POINT('',(10.4407265475797,-3.16673278623246,1.49024132372691));
#3745=CARTESIAN_POINT('',(10.4407265475797,-3.16673278623246,0.982184235506167));
#3746=CARTESIAN_POINT('',(10.3737722305463,-3.20500184015911,1.49024132372691));
#3747=CARTESIAN_POINT('',(10.3737722305463,-3.79245312032123,1.49024132372691));
#3748=CARTESIAN_POINT('',(10.3737722305463,-3.20500184015911,0.982184235506166));
#3749=CARTESIAN_POINT('',(10.3737722305463,-3.79245312032123,0.982184235506167));
#3750=CARTESIAN_POINT('',(10.3737722305463,-3.20500184015911,1.49024132372691));
#3751=CARTESIAN_POINT('',(10.3737722305463,-3.20500184015911,0.982184235506166));
#3752=CARTESIAN_POINT('',(10.3737722305463,-3.79245312032123,0.982184235506167));
#3753=CARTESIAN_POINT('',(10.3737722305463,-3.79245312032123,1.49024132372691));
#3754=CARTESIAN_POINT('',(10.4407265475797,-3.20500184015911,0.918677099478573));
#3755=CARTESIAN_POINT('',(10.4407265475797,-3.79245312032123,0.918677099478574));
#3756=CARTESIAN_POINT('',(10.976361083847,-3.79245312032123,0.918677099478574));
#3757=CARTESIAN_POINT('',(10.976361083847,-3.20500184015911,0.918677099478573));
#3758=CARTESIAN_POINT('',(10.4407265475797,-3.79245312032123,0.918677099478574));
#3759=CARTESIAN_POINT('',(10.976361083847,-3.79245312032123,0.918677099478574));
#3760=CARTESIAN_POINT('',(10.976361083847,-3.20500184015911,0.918677099478573));
#3761=CARTESIAN_POINT('',(10.4407265475797,-3.20500184015911,0.918677099478573));
#3762=CARTESIAN_POINT('',(10.976361083847,-3.79245312032123,1.55374845975451));
#3763=CARTESIAN_POINT('',(10.976361083847,-3.20500184015911,1.5537484597545));
#3764=CARTESIAN_POINT('',(10.4407265475797,-3.20500184015911,1.5537484597545));
#3765=CARTESIAN_POINT('',(10.4407265475797,-3.79245312032123,1.55374845975451));
#3766=CARTESIAN_POINT('',(10.4407265475797,-3.79245312032123,1.55374845975451));
#3767=CARTESIAN_POINT('',(10.976361083847,-3.79245312032123,1.55374845975451));
#3768=CARTESIAN_POINT('',(10.976361083847,-3.20500184015911,1.5537484597545));
#3769=CARTESIAN_POINT('',(10.4407265475797,-3.20500184015911,1.5537484597545));
#3770=CARTESIAN_POINT('',(10.4407265475797,-3.79245312032123,0.918677099478574));
#3771=CARTESIAN_POINT('',(10.4407265475797,-3.83072217424788,0.918677099478573));
#3772=CARTESIAN_POINT('',(10.4407265475797,-3.83072217424788,0.982184235506167));
#3773=CARTESIAN_POINT('',(10.976361083847,-3.79245312032123,0.918677099478574));
#3774=CARTESIAN_POINT('',(10.976361083847,-3.83072217424788,0.918677099478573));
#3775=CARTESIAN_POINT('',(10.976361083847,-3.83072217424788,0.982184235506167));
#3776=CARTESIAN_POINT('',(10.976361083847,-3.83072217424788,0.982184235506167));
#3777=CARTESIAN_POINT('',(11.0433154008804,-3.83072217424788,0.982184235506161));
#3778=CARTESIAN_POINT('',(11.0433154008804,-3.79245312032123,0.982184235506167));
#3779=CARTESIAN_POINT('',(11.0433154008804,-3.79245312032123,1.49024132372691));
#3780=CARTESIAN_POINT('',(11.0433154008804,-3.83072217424789,1.4902413237269));
#3781=CARTESIAN_POINT('',(10.976361083847,-3.83072217424789,1.49024132372691));
#3782=CARTESIAN_POINT('',(10.4407265475797,-3.79245312032123,1.55374845975451));
#3783=CARTESIAN_POINT('',(10.4407265475797,-3.83072217424788,1.5537484597545));
#3784=CARTESIAN_POINT('',(10.4407265475797,-3.83072217424789,1.49024132372691));
#3785=CARTESIAN_POINT('',(11.0433154008804,-3.20500184015911,0.982184235506167));
#3786=CARTESIAN_POINT('',(11.0433154008804,-3.16673278623246,0.982184235506164));
#3787=CARTESIAN_POINT('',(10.976361083847,-3.16673278623246,0.982184235506166));
#3788=CARTESIAN_POINT('',(10.976361083847,-3.16673278623246,1.49024132372691));
#3789=CARTESIAN_POINT('',(11.0433154008804,-3.16673278623246,1.49024132372691));
#3790=CARTESIAN_POINT('',(11.0433154008804,-3.20500184015911,1.49024132372691));
#3791=CARTESIAN_POINT('',(10.976361083847,-3.79245312032123,1.55374845975451));
#3792=CARTESIAN_POINT('',(11.0433154008804,-3.79245312032123,1.5537484597545));
#3793=CARTESIAN_POINT('',(11.0433154008804,-3.79245312032123,1.49024132372691));
#3794=CARTESIAN_POINT('',(11.0433154008804,-3.20500184015911,1.49024132372691));
#3795=CARTESIAN_POINT('',(11.0433154008804,-3.20500184015911,1.5537484597545));
#3796=CARTESIAN_POINT('',(10.976361083847,-3.20500184015911,1.5537484597545));
#3797=CARTESIAN_POINT('',(10.976361083847,-3.16673278623246,0.982184235506166));
#3798=CARTESIAN_POINT('',(10.976361083847,-3.16673278623246,0.918677099478574));
#3799=CARTESIAN_POINT('',(10.976361083847,-3.20500184015911,0.918677099478573));
#3800=CARTESIAN_POINT('',(10.4407265475797,-3.16673278623246,0.982184235506167));
#3801=CARTESIAN_POINT('',(10.3737722305463,-3.16673278623246,0.982184235506167));
#3802=CARTESIAN_POINT('',(10.3737722305463,-3.20500184015911,0.982184235506166));
#3803=CARTESIAN_POINT('',(10.3737722305463,-3.20500184015911,1.49024132372691));
#3804=CARTESIAN_POINT('',(10.3737722305463,-3.16673278623246,1.49024132372691));
#3805=CARTESIAN_POINT('',(10.4407265475797,-3.16673278623246,1.49024132372691));
#3806=CARTESIAN_POINT('',(10.976361083847,-3.20500184015911,1.5537484597545));
#3807=CARTESIAN_POINT('',(10.976361083847,-3.16673278623246,1.5537484597545));
#3808=CARTESIAN_POINT('',(10.976361083847,-3.16673278623246,1.49024132372691));
#3809=CARTESIAN_POINT('',(10.3737722305463,-3.79245312032123,0.982184235506167));
#3810=CARTESIAN_POINT('',(10.3737722305463,-3.79245312032123,0.918677099478574));
#3811=CARTESIAN_POINT('',(10.4407265475797,-3.79245312032123,0.918677099478574));
#3812=CARTESIAN_POINT('',(10.3737722305463,-3.20500184015911,0.982184235506166));
#3813=CARTESIAN_POINT('',(10.3737722305463,-3.20500184015911,0.918677099478574));
#3814=CARTESIAN_POINT('',(10.4407265475797,-3.20500184015911,0.918677099478573));
#3815=CARTESIAN_POINT('',(10.3737722305463,-3.79245312032123,1.49024132372691));
#3816=CARTESIAN_POINT('',(10.3737722305463,-3.79245312032123,1.5537484597545));
#3817=CARTESIAN_POINT('',(10.4407265475797,-3.79245312032123,1.55374845975451));
#3818=CARTESIAN_POINT('',(10.4407265475797,-3.20500184015911,1.5537484597545));
#3819=CARTESIAN_POINT('',(10.3737722305463,-3.20500184015911,1.5537484597545));
#3820=CARTESIAN_POINT('',(10.3737722305463,-3.20500184015911,1.49024132372691));
#3821=CARTESIAN_POINT('',(10.4407265475797,-3.83072217424788,0.982184235506167));
#3822=CARTESIAN_POINT('',(10.3737722305463,-3.83072217424789,0.982184235506166));
#3823=CARTESIAN_POINT('',(10.3737722305463,-3.79245312032123,0.982184235506167));
#3824=CARTESIAN_POINT('',(11.0433154008804,-3.79245312032123,0.982184235506167));
#3825=CARTESIAN_POINT('',(11.0433154008804,-3.79245312032123,0.918677099478573));
#3826=CARTESIAN_POINT('',(10.976361083847,-3.79245312032123,0.918677099478574));
#3827=CARTESIAN_POINT('',(10.976361083847,-3.83072217424789,1.49024132372691));
#3828=CARTESIAN_POINT('',(10.976361083847,-3.83072217424789,1.5537484597545));
#3829=CARTESIAN_POINT('',(10.976361083847,-3.79245312032123,1.55374845975451));
#3830=CARTESIAN_POINT('',(10.4407265475797,-3.83072217424789,1.49024132372691));
#3831=CARTESIAN_POINT('',(10.3737722305463,-3.83072217424789,1.49024132372691));
#3832=CARTESIAN_POINT('',(10.3737722305463,-3.79245312032123,1.49024132372691));
#3833=CARTESIAN_POINT('',(10.976361083847,-3.20500184015911,0.918677099478573));
#3834=CARTESIAN_POINT('',(11.0433154008804,-3.20500184015911,0.918677099478574));
#3835=CARTESIAN_POINT('',(11.0433154008804,-3.20500184015911,0.982184235506167));
#3836=CARTESIAN_POINT('',(10.4407265475797,-3.20500184015911,0.918677099478573));
#3837=CARTESIAN_POINT('',(10.4407265475797,-3.16673278623246,0.918677099478574));
#3838=CARTESIAN_POINT('',(10.4407265475797,-3.16673278623246,0.982184235506167));
#3839=CARTESIAN_POINT('',(10.4407265475797,-3.16673278623246,1.49024132372691));
#3840=CARTESIAN_POINT('',(10.4407265475797,-3.16673278623246,1.5537484597545));
#3841=CARTESIAN_POINT('',(10.4407265475797,-3.20500184015911,1.5537484597545));
#3842=CARTESIAN_POINT('',(10.5921550975323,-3.83072219595254,1.1139451681326));
#3843=CARTESIAN_POINT('',(10.8366903193376,-3.83072219595254,1.1139451681326));
#3844=CARTESIAN_POINT('',(10.8366903193376,-3.83072219595254,1.1139451681326));
#3845=CARTESIAN_POINT('',(10.8366903193376,-3.83072219595253,1.35848038993791));
#3846=CARTESIAN_POINT('',(10.8366903193376,-3.83072219595253,1.35848038993791));
#3847=CARTESIAN_POINT('',(10.5921550975323,-3.83072219595253,1.35848038993791));
#3848=CARTESIAN_POINT('',(10.5921550975323,-3.83072219595253,1.35848038993791));
#3849=CARTESIAN_POINT('',(10.5921550975323,-3.83072219595254,1.1139451681326));
#3850=CARTESIAN_POINT('',(10.5921550975323,-3.83072219595254,1.1139451681326));
#3851=CARTESIAN_POINT('',(10.5921550975323,-3.16673278623246,1.1139451681326));
#3852=CARTESIAN_POINT('',(10.8366903193376,-3.83072219595254,1.1139451681326));
#3853=CARTESIAN_POINT('',(10.8366903193376,-3.16673278623246,1.1139451681326));
#3854=CARTESIAN_POINT('',(10.8366903193376,-3.83072219595253,1.35848038993791));
#3855=CARTESIAN_POINT('',(10.8366903193376,-3.16673278623246,1.35848038993791));
#3856=CARTESIAN_POINT('',(10.5921550975323,-3.83072219595253,1.35848038993791));
#3857=CARTESIAN_POINT('',(10.5921550975323,-3.16673278623246,1.35848038993791));
#3858=CARTESIAN_POINT('',(10.5921550975323,-3.16673278623246,1.1139451681326));
#3859=CARTESIAN_POINT('',(10.8366903193376,-3.16673278623246,1.1139451681326));
#3860=CARTESIAN_POINT('',(10.8366903193376,-3.16673278623246,1.1139451681326));
#3861=CARTESIAN_POINT('',(10.8366903193376,-3.16673278623246,1.35848038993791));
#3862=CARTESIAN_POINT('',(10.8366903193376,-3.16673278623246,1.35848038993791));
#3863=CARTESIAN_POINT('',(10.5921550975323,-3.16673278623246,1.35848038993791));
#3864=CARTESIAN_POINT('',(10.5921550975323,-3.16673278623246,1.35848038993791));
#3865=CARTESIAN_POINT('',(10.5921550975323,-3.16673278623246,1.1139451681326));
#3866=CARTESIAN_POINT('',(10.0761841948605,-3.53912094704424,1.01340534867467));
#3867=CARTESIAN_POINT('',(10.0761841948605,-3.5398478525999,1.01748838388991));
#3868=CARTESIAN_POINT('',(10.0761841948605,-3.53994067675103,1.02660631228925));
#3869=CARTESIAN_POINT('',(10.0761841948605,-3.53417935280783,1.04036864879872));
#3870=CARTESIAN_POINT('',(10.0761841948605,-3.5250922542093,1.04883413001892));
#3871=CARTESIAN_POINT('',(10.0761841948605,-3.51676538833649,1.05282810347531));
#3872=CARTESIAN_POINT('',(10.0761841948605,-3.50867923091464,1.05503239401943));
#3873=CARTESIAN_POINT('',(10.0761841948605,-3.49741233521345,1.0551158986202));
#3874=CARTESIAN_POINT('',(10.0761841948605,-3.48361149464305,1.04939910353075));
#3875=CARTESIAN_POINT('',(10.0761841948605,-3.47344901889435,1.03834821653091));
#3876=CARTESIAN_POINT('',(10.0761841948605,-3.47043924746278,1.0300498818589));
#3877=CARTESIAN_POINT('',(10.0761841948605,-3.46967702955992,1.02576849686355));
#3878=CARTESIAN_POINT('',(10.0944975701775,-3.54218813712096,1.01285929472472));
#3879=CARTESIAN_POINT('',(10.0944975701775,-3.54297925442008,1.0173030078956));
#3880=CARTESIAN_POINT('',(10.0944975701775,-3.54308027826171,1.0272263752886));
#3881=CARTESIAN_POINT('',(10.0944975701775,-3.53681002347856,1.04220441803998));
#3882=CARTESIAN_POINT('',(10.0944975701775,-3.52692020925979,1.0514177038465));
#3883=CARTESIAN_POINT('',(10.0944975701775,-3.51785778349057,1.05576448792176));
#3884=CARTESIAN_POINT('',(10.0944975701775,-3.50905732933255,1.05816349611223));
#3885=CARTESIAN_POINT('',(10.0944975701775,-3.49679516401116,1.05825437715408));
#3886=CARTESIAN_POINT('',(10.0944975701775,-3.48177521591395,1.05203258471413));
#3887=CARTESIAN_POINT('',(10.0944975701775,-3.47071503030381,1.04000550938354));
#3888=CARTESIAN_POINT('',(10.0944975701775,-3.46743938847199,1.03097413514));
#3889=CARTESIAN_POINT('',(10.0944975701775,-3.4666098394832,1.02631455081349));
#3890=CARTESIAN_POINT('',(10.1219388382259,-3.5436495540404,1.01259911766969));
#3891=CARTESIAN_POINT('',(10.1219388382259,-3.54447126615952,1.01721468222692));
#3892=CARTESIAN_POINT('',(10.1219388382259,-3.5445761968886,1.02752181526319));
#3893=CARTESIAN_POINT('',(10.1219388382259,-3.53806345301227,1.04307910273909));
#3894=CARTESIAN_POINT('',(10.1219388382259,-3.5277911707496,1.05264869325693));
#3895=CARTESIAN_POINT('',(10.1219388382259,-3.51837827446797,1.05716358018688));
#3896=CARTESIAN_POINT('',(10.1219388382259,-3.50923748100601,1.05965536504126));
#3897=CARTESIAN_POINT('',(10.1219388382259,-3.49650110188437,1.05974976071883));
#3898=CARTESIAN_POINT('',(10.1219388382259,-3.48090028846036,1.05328735336627));
#3899=CARTESIAN_POINT('',(10.1219388382259,-3.46941237312124,1.04079515585301));
#3900=CARTESIAN_POINT('',(10.1219388382259,-3.46601005263841,1.03141451195038));
#3901=CARTESIAN_POINT('',(10.1219388382259,-3.46514842256376,1.02657472786852));
#3902=CARTESIAN_POINT('',(10.1554885312334,-3.54599058817832,1.01218234175884));
#3903=CARTESIAN_POINT('',(10.1554885312334,-3.5468613099381,1.01707319391998));
#3904=CARTESIAN_POINT('',(10.1554885312334,-3.54697249908446,1.02799507861265));
#3905=CARTESIAN_POINT('',(10.1554885312334,-3.54007131352686,1.04448025439765));
#3906=CARTESIAN_POINT('',(10.1554885312334,-3.52918635822372,1.05462060708584));
#3907=CARTESIAN_POINT('',(10.1554885312334,-3.51921204553655,1.05940477687154));
#3908=CARTESIAN_POINT('',(10.1554885312334,-3.5095260647852,1.06204518005278));
#3909=CARTESIAN_POINT('',(10.1554885312334,-3.49603004570025,1.06214520580216));
#3910=CARTESIAN_POINT('',(10.1554885312334,-3.47949874793499,1.05529735900584));
#3911=CARTESIAN_POINT('',(10.1554885312334,-3.46732565516016,1.04206008533162));
#3912=CARTESIAN_POINT('',(10.1554885312334,-3.46372040898064,1.03211994866248));
#3913=CARTESIAN_POINT('',(10.1554885312334,-3.46280738842584,1.02699150377937));
#3914=CARTESIAN_POINT('',(10.1780406610346,-3.54976075301931,1.01151113673018));
#3915=CARTESIAN_POINT('',(10.1780406610346,-3.55071040332656,1.01684533127091));
#3916=CARTESIAN_POINT('',(10.1780406610346,-3.55083167146511,1.02875725495675));
#3917=CARTESIAN_POINT('',(10.1780406610346,-3.54330491230063,1.04673676686557));
#3918=CARTESIAN_POINT('',(10.1780406610346,-3.53143326555254,1.05779631480698));
#3919=CARTESIAN_POINT('',(10.1780406610346,-3.52055480868438,1.06301415650655));
#3920=CARTESIAN_POINT('',(10.1780406610346,-3.50999082025388,1.06589390501882));
#3921=CARTESIAN_POINT('',(10.1780406610346,-3.49527142392933,1.06600299782896));
#3922=CARTESIAN_POINT('',(10.1780406610346,-3.47724160920881,1.05853441243867));
#3923=CARTESIAN_POINT('',(10.1780406610346,-3.46396505884826,1.04409721608906));
#3924=CARTESIAN_POINT('',(10.1780406610346,-3.46003300695725,1.03325603320155));
#3925=CARTESIAN_POINT('',(10.1780406610346,-3.45903722358485,1.02766270880803));
#3926=CARTESIAN_POINT('',(10.2005070226259,-3.55461605915906,1.01064674325293));
#3927=CARTESIAN_POINT('',(10.2005070226259,-3.55566735548904,1.01655188444147));
#3928=CARTESIAN_POINT('',(10.2005070226259,-3.55580160358861,1.02973880341396));
#3929=CARTESIAN_POINT('',(10.2005070226259,-3.54746921615522,1.04964275620607));
#3930=CARTESIAN_POINT('',(10.2005070226259,-3.53432688517109,1.06188606521493));
#3931=CARTESIAN_POINT('',(10.2005070226259,-3.52228405035705,1.0676623997112));
#3932=CARTESIAN_POINT('',(10.2005070226259,-3.51058934317682,1.07085038271831));
#3933=CARTESIAN_POINT('',(10.2005070226259,-3.49429445313429,1.0709711523006));
#3934=CARTESIAN_POINT('',(10.2005070226259,-3.47433481335832,1.0627031652837));
#3935=CARTESIAN_POINT('',(10.2005070226259,-3.4596372046046,1.04672068055049));
#3936=CARTESIAN_POINT('',(10.2005070226259,-3.45528428470267,1.03471910934555));
#3937=CARTESIAN_POINT('',(10.2005070226259,-3.45418191744509,1.02852710228528));
#3938=CARTESIAN_POINT('',(10.2259578869153,-3.55423224518357,1.01071966151238));
#3939=CARTESIAN_POINT('',(10.2259578869153,-3.55527547938374,1.01657951764339));
#3940=CARTESIAN_POINT('',(10.2259578869153,-3.55540869796806,1.02966530941752));
#3941=CARTESIAN_POINT('',(10.2259578869153,-3.54714020953932,1.0494166237513));
#3942=CARTESIAN_POINT('',(10.2259578869153,-3.53409866381937,1.06156604187168));
#3943=CARTESIAN_POINT('',(10.2259578869153,-3.52214818250713,1.06729807909687));
#3944=CARTESIAN_POINT('',(10.2259578869153,-3.51054315912455,1.07046161425603));
#3945=CARTESIAN_POINT('',(10.2259578869153,-3.4943732305367,1.07058145768647));
#3946=CARTESIAN_POINT('',(10.2259578869153,-3.47456665626867,1.06237687580346));
#3947=CARTESIAN_POINT('',(10.2259578869153,-3.45998175981711,1.0465169567664));
#3948=CARTESIAN_POINT('',(10.2259578869153,-3.45566222137414,1.03460742262291));
#3949=CARTESIAN_POINT('',(10.2259578869153,-3.45456830789659,1.02846290052311));
#3950=CARTESIAN_POINT('',(10.2727527069332,-3.53974098294862,1.01331590523541));
#3951=CARTESIAN_POINT('',(10.2727527069332,-3.54048074586743,1.0174711603781));
#3952=CARTESIAN_POINT('',(10.2727527069332,-3.54057521187397,1.02675036490973));
#3953=CARTESIAN_POINT('',(10.2727527069332,-3.5347119827609,1.04075612693278));
#3954=CARTESIAN_POINT('',(10.2727527069332,-3.52546415334156,1.04937134392731));
#3955=CARTESIAN_POINT('',(10.2727527069332,-3.51699000349555,1.0534359620042));
#3956=CARTESIAN_POINT('',(10.2727527069332,-3.50876081970445,1.05567924160787));
#3957=CARTESIAN_POINT('',(10.2727527069332,-3.4972946373581,1.05576422322167));
#3958=CARTESIAN_POINT('',(10.2727527069332,-3.48324969022182,1.04994631058));
#3959=CARTESIAN_POINT('',(10.2727527069332,-3.47290746259183,1.03869995765461));
#3960=CARTESIAN_POINT('',(10.2727527069332,-3.46984445491248,1.0302548436637));
#3961=CARTESIAN_POINT('',(10.2727527069332,-3.46906875504859,1.02589773036881));
#3962=CARTESIAN_POINT('',(10.2958898487314,-3.53999080106454,1.01327142994514));
#3963=CARTESIAN_POINT('',(10.2958898487314,-3.54073579393531,1.01745606177629));
#3964=CARTESIAN_POINT('',(10.2958898487314,-3.54083092779457,1.0268008681281));
#3965=CARTESIAN_POINT('',(10.2958898487314,-3.53492624701389,1.04090564763468));
#3966=CARTESIAN_POINT('',(10.2958898487314,-3.52561303758912,1.04958177221177));
#3967=CARTESIAN_POINT('',(10.2958898487314,-3.51707897747251,1.05367512619412));
#3968=CARTESIAN_POINT('',(10.2958898487314,-3.50879161526391,1.0559342652634));
#3969=CARTESIAN_POINT('',(10.2958898487314,-3.49724436967233,1.05601984767746));
#3970=CARTESIAN_POINT('',(10.2958898487314,-3.48310012802289,1.05016080374511));
#3971=CARTESIAN_POINT('',(10.2958898487314,-3.47268478324639,1.03883494171742));
#3972=CARTESIAN_POINT('',(10.2958898487314,-3.46960012081437,1.03033012273266));
#3973=CARTESIAN_POINT('',(10.2958898487314,-3.46881893693267,1.02594220565908));
#3974=CARTESIAN_POINT('',(10.319026976482,-3.53897773820915,1.01345178621909));
#3975=CARTESIAN_POINT('',(10.319026976482,-3.53970152256967,1.01751728965243));
#3976=CARTESIAN_POINT('',(10.319026976482,-3.53979394815143,1.02659606738967));
#3977=CARTESIAN_POINT('',(10.319026976482,-3.53405736224489,1.04029931102597));
#3978=CARTESIAN_POINT('',(10.319026976482,-3.52500928193113,1.048728443069));
#3979=CARTESIAN_POINT('',(10.319026976482,-3.51671817004737,1.05270526715786));
#3980=CARTESIAN_POINT('',(10.319026976482,-3.50866673305796,1.05490009289478));
#3981=CARTESIAN_POINT('',(10.319026976482,-3.49744821527851,1.05498323894257));
#3982=CARTESIAN_POINT('',(10.319026976482,-3.48370663291045,1.0492909906913));
#3983=CARTESIAN_POINT('',(10.319026976482,-3.47358779291284,1.03828755411264));
#3984=CARTESIAN_POINT('',(10.319026976482,-3.47059094487123,1.0300248509221));
#3985=CARTESIAN_POINT('',(10.319026976482,-3.46983199978806,1.02576184938513));
#3986=CARTESIAN_POINT('',(10.3658218701853,-3.55287197133678,1.01096090760953));
#3987=CARTESIAN_POINT('',(10.3658218701853,-3.55388673358534,1.01666083652558));
#3988=CARTESIAN_POINT('',(10.3658218701853,-3.55401631636757,1.02938949082275));
#3989=CARTESIAN_POINT('',(10.3658218701853,-3.54597349155527,1.04860175221351));
#3990=CARTESIAN_POINT('',(10.3658218701853,-3.5332878757488,1.06041958837011));
#3991=CARTESIAN_POINT('',(10.3658218701853,-3.52166354701624,1.0659951868144));
#3992=CARTESIAN_POINT('',(10.3658218701853,-3.51037524797426,1.06907238276042));
#3993=CARTESIAN_POINT('',(10.3658218701853,-3.49464662913656,1.06918895542351));
#3994=CARTESIAN_POINT('',(10.3658218701853,-3.47538061596589,1.06120829301927));
#3995=CARTESIAN_POINT('',(10.3658218701853,-3.46119377056163,1.04578122295056));
#3996=CARTESIAN_POINT('',(10.3658218701853,-3.45699212097764,1.03419672385647));
#3997=CARTESIAN_POINT('',(10.3658218701853,-3.45592806259072,1.0282198980763));
#3998=CARTESIAN_POINT('',(10.3912724769553,-3.55143236760163,1.01121353804127));
#3999=CARTESIAN_POINT('',(10.3912724769553,-3.55241701322511,1.01674430159634));
#4000=CARTESIAN_POINT('',(10.3912724769553,-3.55254275018427,1.02909518848083));
#4001=CARTESIAN_POINT('',(10.3912724769553,-3.54473862437731,1.04773725870229));
#4002=CARTESIAN_POINT('',(10.3912724769553,-3.53242949866551,1.05920435916571));
#4003=CARTESIAN_POINT('',(10.3912724769553,-3.52115016261535,1.06461448219136));
#4004=CARTESIAN_POINT('',(10.3912724769553,-3.51019688339739,1.06760035156635));
#4005=CARTESIAN_POINT('',(10.3912724769553,-3.49493506643085,1.06771346452724));
#4006=CARTESIAN_POINT('',(10.3912724769553,-3.47624083970188,1.05996965624107));
#4007=CARTESIAN_POINT('',(10.3912724769553,-3.46247503864035,1.04500043852729));
#4008=CARTESIAN_POINT('',(10.3912724769553,-3.45839808772876,1.03375975003154));
#4009=CARTESIAN_POINT('',(10.3912724769553,-3.45736560900253,1.02796030749694));
#4010=CARTESIAN_POINT('',(10.4137398054891,-3.5459752253333,1.01218507681667));
#4011=CARTESIAN_POINT('',(10.4137398054891,-3.54684562547132,1.01707412242541));
#4012=CARTESIAN_POINT('',(10.4137398054891,-3.54695677354733,1.02799197286064));
#4013=CARTESIAN_POINT('',(10.4137398054891,-3.54005813710649,1.04447105945452));
#4014=CARTESIAN_POINT('',(10.4137398054891,-3.52917720242005,1.05460766656266));
#4015=CARTESIAN_POINT('',(10.4137398054891,-3.51920657398212,1.05939006920164));
#4016=CARTESIAN_POINT('',(10.4137398054891,-3.50952417097776,1.06202949708728));
#4017=CARTESIAN_POINT('',(10.4137398054891,-3.49603313696792,1.06212948588977));
#4018=CARTESIAN_POINT('',(10.4137398054891,-3.47950794543003,1.05528416850826));
#4019=CARTESIAN_POINT('',(10.4137398054891,-3.46733934907607,1.04205178433539));
#4020=CARTESIAN_POINT('',(10.4137398054891,-3.46373543457983,1.03211531929177));
#4021=CARTESIAN_POINT('',(10.4137398054891,-3.46282275127086,1.02698876872155));
#4022=CARTESIAN_POINT('',(10.4362883285566,-3.54171839659213,1.01294292295277));
#4023=CARTESIAN_POINT('',(10.4362883285566,-3.54249967985502,1.01733139825141));
#4024=CARTESIAN_POINT('',(10.4362883285566,-3.54259944791307,1.02713141256573));
#4025=CARTESIAN_POINT('',(10.4362883285566,-3.53640713594921,1.04192326976008));
#4026=CARTESIAN_POINT('',(10.4362883285566,-3.52664025772415,1.05102202920434));
#4027=CARTESIAN_POINT('',(10.4362883285566,-3.51769048304145,1.05531478029092));
#4028=CARTESIAN_POINT('',(10.4362883285566,-3.50899942351441,1.05768396745045));
#4029=CARTESIAN_POINT('',(10.4362883285566,-3.49688968385495,1.05777371878946));
#4030=CARTESIAN_POINT('',(10.4362883285566,-3.48205644222198,1.05162926675443));
#4031=CARTESIAN_POINT('',(10.4362883285566,-3.47113374098499,1.039751694784));
#4032=CARTESIAN_POINT('',(10.4362883285566,-3.46789881723692,1.03083258563893));
#4033=CARTESIAN_POINT('',(10.4362883285566,-3.46707958001203,1.02623092258544));
#4034=CARTESIAN_POINT('',(10.4614640549622,-3.53936786628887,1.01336138947244));
#4035=CARTESIAN_POINT('',(10.4614640549622,-3.54009994110852,1.01747346049118));
#4036=CARTESIAN_POINT('',(10.4614640549622,-3.54019342536265,1.02665622947194));
#4037=CARTESIAN_POINT('',(10.4614640549622,-3.53439113075398,1.04051643447324));
#4038=CARTESIAN_POINT('',(10.4614640549622,-3.52523941081486,1.04904211650883));
#4039=CARTESIAN_POINT('',(10.4614640549622,-3.51685332986588,1.05306449242132));
#4040=CARTESIAN_POINT('',(10.4614640549622,-3.50870966912467,1.05528445839896));
#4041=CARTESIAN_POINT('',(10.4614640549622,-3.49736265083027,1.05536855682836));
#4042=CARTESIAN_POINT('',(10.4614640549622,-3.48346366795303,1.04961110773274));
#4043=CARTESIAN_POINT('',(10.4614640549622,-3.47322892350387,1.03848163424845));
#4044=CARTESIAN_POINT('',(10.4614640549622,-3.47019774859982,1.03012428739501));
#4045=CARTESIAN_POINT('',(10.4614640549622,-3.46943011031529,1.02581245606577));
#4046=CARTESIAN_POINT('',(10.4881283408558,-3.53690344043855,1.01380013289435));
#4047=CARTESIAN_POINT('',(10.4881283408558,-3.53758392240724,1.01762240639311));
#4048=CARTESIAN_POINT('',(10.4881283408558,-3.53767081837414,1.02615802125981));
#4049=CARTESIAN_POINT('',(10.4881283408558,-3.53227743951136,1.03904143062274));
#4050=CARTESIAN_POINT('',(10.4881283408558,-3.52377068551027,1.04696626663724));
#4051=CARTESIAN_POINT('',(10.4881283408558,-3.51597561221906,1.05070516627743));
#4052=CARTESIAN_POINT('',(10.4881283408558,-3.50840587461185,1.05276868052264));
#4053=CARTESIAN_POINT('',(10.4881283408558,-3.49785853554134,1.05284685212923));
#4054=CARTESIAN_POINT('',(10.4881283408558,-3.48493908116681,1.04749515829944));
#4055=CARTESIAN_POINT('',(10.4881283408558,-3.47542562862761,1.03715003260479));
#4056=CARTESIAN_POINT('',(10.4881283408558,-3.47260807526993,1.02938166837852));
#4057=CARTESIAN_POINT('',(10.4881283408558,-3.47189453616561,1.02537371264386));
#4058=CARTESIAN_POINT('',(10.5064418964387,-3.53411992846693,1.01429568343697));
#4059=CARTESIAN_POINT('',(10.5064418964387,-3.53474213750432,1.01779063734277));
#4060=CARTESIAN_POINT('',(10.5064418964387,-3.53482159215323,1.02559530661263));
#4061=CARTESIAN_POINT('',(10.5064418964387,-3.5298900741632,1.03737544790489));
#4062=CARTESIAN_POINT('',(10.5064418964387,-3.52211179426475,1.04462164224203));
#4063=CARTESIAN_POINT('',(10.5064418964387,-3.51498425044718,1.04804036199223));
#4064=CARTESIAN_POINT('',(10.5064418964387,-3.50806274573937,1.04992716762593));
#4065=CARTESIAN_POINT('',(10.5064418964387,-3.49841862584783,1.04999864502331));
#4066=CARTESIAN_POINT('',(10.5064418964387,-3.48660552625102,1.04510524237717));
#4067=CARTESIAN_POINT('',(10.5064418964387,-3.47790675623356,1.03564601936127));
#4068=CARTESIAN_POINT('',(10.5064418964387,-3.47533048346934,1.02854289738345));
#4069=CARTESIAN_POINT('',(10.5064418964387,-3.47467804813723,1.02487816210124));
#4070=CARTESIAN_POINT('',(10.515595506609,-3.53217131653586,1.01464259615358));
#4071=CARTESIAN_POINT('',(10.515595506609,-3.53275273130675,1.0179084082879));
#4072=CARTESIAN_POINT('',(10.515595506609,-3.53282697662258,1.02520137531776));
#4073=CARTESIAN_POINT('',(10.515595506609,-3.52821878672178,1.03620916809935));
#4074=CARTESIAN_POINT('',(10.515595506609,-3.52095047888105,1.04298027582545));
#4075=CARTESIAN_POINT('',(10.515595506609,-3.51429024251893,1.0461748519901));
#4076=CARTESIAN_POINT('',(10.515595506609,-3.50782253660012,1.0479379518477));
#4077=CARTESIAN_POINT('',(10.515595506609,-3.49881071995945,1.04800474292936));
#4078=CARTESIAN_POINT('',(10.515595506609,-3.48777212973851,1.04343216939316));
#4079=CARTESIAN_POINT('',(10.515595506609,-3.47964368242778,1.03459312712273));
#4080=CARTESIAN_POINT('',(10.515595506609,-3.47723631938911,1.02795571141655));
#4081=CARTESIAN_POINT('',(10.515595506609,-3.4766266600683,1.02453124938463));
#4082=CARTESIAN_POINT('',(10.0761841948605,-3.46267738480875,0.99047573042843));
#4083=CARTESIAN_POINT('',(10.515595506609,-3.47102800035578,0.996302361118491));
#4084=CARTESIAN_POINT('',(10.0761841948605,-3.46967702955992,1.02576849686355));
#4085=CARTESIAN_POINT('',(10.0761841948605,-3.46891481165706,1.02148711186819));
#4086=CARTESIAN_POINT('',(10.0761841948605,-3.46887571147719,1.01265990655876));
#4087=CARTESIAN_POINT('',(10.0761841948605,-3.47459986766055,0.998780711595978));
#4088=CARTESIAN_POINT('',(10.0761841948605,-3.4855797550336,0.988652186539512));
#4089=CARTESIAN_POINT('',(10.0761841948605,-3.49618320455133,0.984842098602899));
#4090=CARTESIAN_POINT('',(10.0761841948605,-3.50453327953431,0.984120235435519));
#4091=CARTESIAN_POINT('',(10.0761841948605,-3.51372693350846,0.984995018744504));
#4092=CARTESIAN_POINT('',(10.0761841948605,-3.5251773286276,0.989804195892904));
#4093=CARTESIAN_POINT('',(10.0761841948605,-3.53533435794992,1.00073257706872));
#4094=CARTESIAN_POINT('',(10.0761841948605,-3.53839404148858,1.00932231345943));
#4095=CARTESIAN_POINT('',(10.0761841948605,-3.53912094704424,1.01340534867467));
#4096=CARTESIAN_POINT('',(10.0944975701775,-3.4666098394832,1.02631455081349));
#4097=CARTESIAN_POINT('',(10.0944975701775,-3.4657802904944,1.02165496648699));
#4098=CARTESIAN_POINT('',(10.0944975701775,-3.46573773637103,1.0120480034245));
#4099=CARTESIAN_POINT('',(10.0944975701775,-3.47196754015261,0.996942779441335));
#4100=CARTESIAN_POINT('',(10.0944975701775,-3.48391734405151,0.985919543583104));
#4101=CARTESIAN_POINT('',(10.0944975701775,-3.49545745717688,0.981772888691921));
#4102=CARTESIAN_POINT('',(10.0944975701775,-3.50454514225029,0.980987259204205));
#4103=CARTESIAN_POINT('',(10.0944975701775,-3.51455092449312,0.981939317148088));
#4104=CARTESIAN_POINT('',(10.0944975701775,-3.52701279879016,0.987173316540419));
#4105=CARTESIAN_POINT('',(10.0944975701775,-3.5380670568598,0.999067064403824));
#4106=CARTESIAN_POINT('',(10.0944975701775,-3.54139701982184,1.00841558155383));
#4107=CARTESIAN_POINT('',(10.0944975701775,-3.54218813712096,1.01285929472472));
#4108=CARTESIAN_POINT('',(10.1219388382259,-3.46514842256376,1.02657472786852));
#4109=CARTESIAN_POINT('',(10.1219388382259,-3.46428679248911,1.02173494378666));
#4110=CARTESIAN_POINT('',(10.1219388382259,-3.46424259267332,1.01175645136184));
#4111=CARTESIAN_POINT('',(10.1219388382259,-3.47071332118952,0.996067064183922));
#4112=CARTESIAN_POINT('',(10.1219388382259,-3.4831252589588,0.984617527551693));
#4113=CARTESIAN_POINT('',(10.1219388382259,-3.49511166201397,0.980310509386757));
#4114=CARTESIAN_POINT('',(10.1219388382259,-3.50455079445097,0.979494497308755));
#4115=CARTESIAN_POINT('',(10.1219388382259,-3.51494352956041,0.980483374118131));
#4116=CARTESIAN_POINT('',(10.1219388382259,-3.52788734098794,0.985919787576602));
#4117=CARTESIAN_POINT('',(10.1219388382259,-3.53936909955122,0.99827350145951));
#4118=CARTESIAN_POINT('',(10.1219388382259,-3.54282784192128,1.00798355311248));
#4119=CARTESIAN_POINT('',(10.1219388382259,-3.5436495540404,1.01259911766969));
#4120=CARTESIAN_POINT('',(10.1554885312334,-3.46280738842584,1.02699150377937));
#4121=CARTESIAN_POINT('',(10.1554885312334,-3.46189436787105,1.02186305889625));
#4122=CARTESIAN_POINT('',(10.1554885312334,-3.46184753183141,1.01128941603291));
#4123=CARTESIAN_POINT('',(10.1554885312334,-3.46870419609322,0.994664261680792));
#4124=CARTESIAN_POINT('',(10.1554885312334,-3.4818564230657,0.982531836646451));
#4125=CARTESIAN_POINT('',(10.1554885312334,-3.49455773502002,0.977967933609475));
#4126=CARTESIAN_POINT('',(10.1554885312334,-3.50455984867402,0.977103251860213));
#4127=CARTESIAN_POINT('',(10.1554885312334,-3.51557244103187,0.978151108567719));
#4128=CARTESIAN_POINT('',(10.1554885312334,-3.52928826437457,0.983911767785578));
#4129=CARTESIAN_POINT('',(10.1554885312334,-3.54145483316298,0.997002298205674));
#4130=CARTESIAN_POINT('',(10.1554885312334,-3.54511986641854,1.00729148959772));
#4131=CARTESIAN_POINT('',(10.1554885312334,-3.54599058817832,1.01218234175884));
#4132=CARTESIAN_POINT('',(10.1780406610346,-3.45903722358485,1.02766270880803));
#4133=CARTESIAN_POINT('',(10.1780406610346,-3.45804144021244,1.02206938441451));
#4134=CARTESIAN_POINT('',(10.1780406610346,-3.45799035861383,1.01053726972794));
#4135=CARTESIAN_POINT('',(10.1780406610346,-3.46546856074875,0.992405090577523));
#4136=CARTESIAN_POINT('',(10.1780406610346,-3.47981300114557,0.979172894376962));
#4137=CARTESIAN_POINT('',(10.1780406610346,-3.49366565231039,0.974195286004811));
#4138=CARTESIAN_POINT('',(10.1780406610346,-3.50457443022703,0.973252223218521));
#4139=CARTESIAN_POINT('',(10.1780406610346,-3.51658528397996,0.974395065272319));
#4140=CARTESIAN_POINT('',(10.1780406610346,-3.53154440921741,0.980677912501909));
#4141=CARTESIAN_POINT('',(10.1780406610346,-3.54481384421002,0.994955063722521));
#4142=CARTESIAN_POINT('',(10.1780406610346,-3.54881110271207,1.00617694218946));
#4143=CARTESIAN_POINT('',(10.1780406610346,-3.54976075301931,1.01151113673018));
#4144=CARTESIAN_POINT('',(10.2005070226259,-3.45418191744509,1.02852710228528));
#4145=CARTESIAN_POINT('',(10.2005070226259,-3.45307955018752,1.02233509522501));
#4146=CARTESIAN_POINT('',(10.2005070226259,-3.45302300105912,1.00956863818886));
#4147=CARTESIAN_POINT('',(10.2005070226259,-3.46130163415096,0.989495677384444));
#4148=CARTESIAN_POINT('',(10.2005070226259,-3.47718143477824,0.974847170247677));
#4149=CARTESIAN_POINT('',(10.2005070226259,-3.4925168074084,0.969336782504141));
#4150=CARTESIAN_POINT('',(10.2005070226259,-3.50459320869081,0.968292778791836));
#4151=CARTESIAN_POINT('',(10.2005070226259,-3.51788964673116,0.969557945188063));
#4152=CARTESIAN_POINT('',(10.2005070226259,-3.53444992512178,0.9765132783079));
#4153=CARTESIAN_POINT('',(10.2005070226259,-3.54913965691263,0.992318587447669));
#4154=CARTESIAN_POINT('',(10.2005070226259,-3.55356476282909,1.00474160206439));
#4155=CARTESIAN_POINT('',(10.2005070226259,-3.55461605915906,1.01064674325293));
#4156=CARTESIAN_POINT('',(10.2259578869153,-3.45456830789659,1.02846290052311));
#4157=CARTESIAN_POINT('',(10.2259578869153,-3.45347439441905,1.02231837842332));
#4158=CARTESIAN_POINT('',(10.2259578869153,-3.45341827895184,1.00964982416762));
#4159=CARTESIAN_POINT('',(10.2259578869153,-3.46163342526769,0.989730797901905));
#4160=CARTESIAN_POINT('',(10.2259578869153,-3.47739144765767,0.975194626519219));
#4161=CARTESIAN_POINT('',(10.2259578869153,-3.49260921713329,0.969726496567334));
#4162=CARTESIAN_POINT('',(10.2259578869153,-3.50459300750101,0.968690499059557));
#4163=CARTESIAN_POINT('',(10.2259578869153,-3.51778747846854,0.969945963209699));
#4164=CARTESIAN_POINT('',(10.2259578869153,-3.53422076020731,0.976847957611551));
#4165=CARTESIAN_POINT('',(10.2259578869153,-3.54879784010247,0.992532059770695));
#4166=CARTESIAN_POINT('',(10.2259578869153,-3.55318901098341,1.00485980538137));
#4167=CARTESIAN_POINT('',(10.2259578869153,-3.55423224518357,1.01071966151238));
#4168=CARTESIAN_POINT('',(10.2727527069332,-3.46906875504859,1.02589773036881));
#4169=CARTESIAN_POINT('',(10.2727527069332,-3.4682930551847,1.02154061707393));
#4170=CARTESIAN_POINT('',(10.2727527069332,-3.46825326340851,1.01255727788531));
#4171=CARTESIAN_POINT('',(10.2727527069332,-3.47407866734568,0.998432590439498));
#4172=CARTESIAN_POINT('',(10.2727527069332,-3.48525276481678,0.988124914014948));
#4173=CARTESIAN_POINT('',(10.2727527069332,-3.49604376607348,0.984247433988906));
#4174=CARTESIAN_POINT('',(10.2727527069332,-3.50454153554786,0.98351280264716));
#4175=CARTESIAN_POINT('',(10.2727527069332,-3.51389780507344,0.984403058952034));
#4176=CARTESIAN_POINT('',(10.2727527069332,-3.52555073253951,0.989297299884223));
#4177=CARTESIAN_POINT('',(10.2727527069332,-3.53588741740779,1.00041898012656));
#4178=CARTESIAN_POINT('',(10.2727527069332,-3.53900122002981,1.00916065009272));
#4179=CARTESIAN_POINT('',(10.2727527069332,-3.53974098294862,1.01331590523541));
#4180=CARTESIAN_POINT('',(10.2958898487314,-3.46881893693267,1.02594220565908));
#4181=CARTESIAN_POINT('',(10.2958898487314,-3.46803775305096,1.0215542885855));
#4182=CARTESIAN_POINT('',(10.2958898487314,-3.46799767995616,1.01250743927593));
#4183=CARTESIAN_POINT('',(10.2958898487314,-3.47386426814574,0.998282893571494));
#4184=CARTESIAN_POINT('',(10.2958898487314,-3.48511736388986,0.987902344269422));
#4185=CARTESIAN_POINT('',(10.2958898487314,-3.49598465501835,0.983997451360461));
#4186=CARTESIAN_POINT('',(10.2958898487314,-3.50454250174861,0.983257626345803));
#4187=CARTESIAN_POINT('',(10.2958898487314,-3.51396491792597,0.984154176555923));
#4188=CARTESIAN_POINT('',(10.2958898487314,-3.52570022888188,0.98908301863441));
#4189=CARTESIAN_POINT('',(10.2958898487314,-3.53610999171064,1.00028332657214));
#4190=CARTESIAN_POINT('',(10.2958898487314,-3.53924580819377,1.00908679811399));
#4191=CARTESIAN_POINT('',(10.2958898487314,-3.53999080106454,1.01327142994514));
#4192=CARTESIAN_POINT('',(10.319026976482,-3.46983199978806,1.02576184938513));
#4193=CARTESIAN_POINT('',(10.319026976482,-3.46907305470489,1.02149884784816));
#4194=CARTESIAN_POINT('',(10.319026976482,-3.46903412241381,1.0127095448908));
#4195=CARTESIAN_POINT('',(10.319026976482,-3.47473370015185,0.998889944569319));
#4196=CARTESIAN_POINT('',(10.319026976482,-3.48566644196269,0.988804909486098));
#4197=CARTESIAN_POINT('',(10.319026976482,-3.49622436227126,0.985011181347331));
#4198=CARTESIAN_POINT('',(10.319026976482,-3.50453858360965,0.984292417724027));
#4199=CARTESIAN_POINT('',(10.319026976482,-3.51369276177039,0.985163444878735));
#4200=CARTESIAN_POINT('',(10.319026976482,-3.52509399105594,0.989951972328948));
#4201=CARTESIAN_POINT('',(10.319026976482,-3.53520740801308,1.00083342910044));
#4202=CARTESIAN_POINT('',(10.319026976482,-3.53825395384862,1.00938628278575));
#4203=CARTESIAN_POINT('',(10.319026976482,-3.53897773820915,1.01345178621909));
#4204=CARTESIAN_POINT('',(10.3658218701853,-3.45592806259072,1.0282198980763));
#4205=CARTESIAN_POINT('',(10.3658218701853,-3.45486400420381,1.02224307229612));
#4206=CARTESIAN_POINT('',(10.3658218701853,-3.45480942024014,1.0099202682695));
#4207=CARTESIAN_POINT('',(10.3658218701853,-3.46280035875269,0.990544872141473));
#4208=CARTESIAN_POINT('',(10.3658218701853,-3.47812831313797,0.976405422001327));
#4209=CARTESIAN_POINT('',(10.3658218701853,-3.49293075919341,0.971086528272079));
#4210=CARTESIAN_POINT('',(10.3658218701853,-3.50458748791058,0.970078805212083));
#4211=CARTESIAN_POINT('',(10.3658218701853,-3.51742185532822,0.971300005230038));
#4212=CARTESIAN_POINT('',(10.3658218701853,-3.53340663988168,0.978013630375442));
#4213=CARTESIAN_POINT('',(10.3658218701853,-3.54758588205903,0.993269681961094));
#4214=CARTESIAN_POINT('',(10.3658218701853,-3.55185720908822,1.00526097869348));
#4215=CARTESIAN_POINT('',(10.3658218701853,-3.55287197133678,1.01096090760953));
#4216=CARTESIAN_POINT('',(10.3912724769553,-3.45736560900253,1.02796030749694));
#4217=CARTESIAN_POINT('',(10.3912724769553,-3.45633313027631,1.02216086496233));
#4218=CARTESIAN_POINT('',(10.3912724769553,-3.456280166283,1.01020378331966));
#4219=CARTESIAN_POINT('',(10.3912724769553,-3.46403394569796,0.991403419955829));
#4220=CARTESIAN_POINT('',(10.3912724769553,-3.47890698933348,0.977683607537894));
#4221=CARTESIAN_POINT('',(10.3912724769553,-3.49327012094003,0.972522570615468));
#4222=CARTESIAN_POINT('',(10.3912724769553,-3.50458089539174,0.971544755267954));
#4223=CARTESIAN_POINT('',(10.3912724769553,-3.51703435798946,0.972729711896753));
#4224=CARTESIAN_POINT('',(10.3912724769553,-3.53254473805664,0.979244086693952));
#4225=CARTESIAN_POINT('',(10.3912724769553,-3.54630316154365,0.994047361497345));
#4226=CARTESIAN_POINT('',(10.3912724769553,-3.55044772197813,1.00568277448621));
#4227=CARTESIAN_POINT('',(10.3912724769553,-3.55143236760163,1.01121353804127));
#4228=CARTESIAN_POINT('',(10.4137398054891,-3.46282275127086,1.02698876872155));
#4229=CARTESIAN_POINT('',(10.4137398054891,-3.46191006796189,1.02186221815132));
#4230=CARTESIAN_POINT('',(10.4137398054891,-3.46186324922225,1.01129248091405));
#4231=CARTESIAN_POINT('',(10.4137398054891,-3.4687173808123,0.99467346745746));
#4232=CARTESIAN_POINT('',(10.4137398054891,-3.48186474969744,0.982545523822387));
#4233=CARTESIAN_POINT('',(10.4137398054891,-3.4945613701206,0.977983306571373));
#4234=CARTESIAN_POINT('',(10.4137398054891,-3.50455978925642,0.977118944212847));
#4235=CARTESIAN_POINT('',(10.4137398054891,-3.51556831385179,0.978166413869597));
#4236=CARTESIAN_POINT('',(10.4137398054891,-3.52927907092945,0.983924945251183));
#4237=CARTESIAN_POINT('',(10.4137398054891,-3.54144114570679,0.997010640373034));
#4238=CARTESIAN_POINT('',(10.4137398054891,-3.54510482519528,1.00729603120792));
#4239=CARTESIAN_POINT('',(10.4137398054891,-3.5459752253333,1.01218507681667));
#4240=CARTESIAN_POINT('',(10.4362883285566,-3.46707958001203,1.02623092258544));
#4241=CARTESIAN_POINT('',(10.4362883285566,-3.46626034278713,1.02162925953194));
#4242=CARTESIAN_POINT('',(10.4362883285566,-3.46621831763563,1.01214171646305));
#4243=CARTESIAN_POINT('',(10.4362883285566,-3.47237068142677,0.99722425897168));
#4244=CARTESIAN_POINT('',(10.4362883285566,-3.48417194249319,0.986338048180256));
#4245=CARTESIAN_POINT('',(10.4362883285566,-3.49556860547449,0.982242938558613));
#4246=CARTESIAN_POINT('',(10.4362883285566,-3.50454332547391,0.981467074890517));
#4247=CARTESIAN_POINT('',(10.4362883285566,-3.5144247301748,0.982407298214778));
#4248=CARTESIAN_POINT('',(10.4362883285566,-3.5267316963142,0.987576236029406));
#4249=CARTESIAN_POINT('',(10.4362883285566,-3.53764854369336,0.999322137868591));
#4250=CARTESIAN_POINT('',(10.4362883285566,-3.54093711332924,1.00855444765414));
#4251=CARTESIAN_POINT('',(10.4362883285566,-3.54171839659213,1.01294292295277));
#4252=CARTESIAN_POINT('',(10.4614640549622,-3.46943011031529,1.02581245606577));
#4253=CARTESIAN_POINT('',(10.4614640549622,-3.46866247203075,1.02150062473653));
#4254=CARTESIAN_POINT('',(10.4614640549622,-3.46862309379667,1.01261064627298));
#4255=CARTESIAN_POINT('',(10.4614640549622,-3.47438795633337,0.998632751799565));
#4256=CARTESIAN_POINT('',(10.4614640549622,-3.48544592528921,0.988432199477165));
#4257=CARTESIAN_POINT('',(10.4614640549622,-3.49612477941659,0.98459501675473));
#4258=CARTESIAN_POINT('',(10.4614640549622,-3.50453423452334,0.98386802018145));
#4259=CARTESIAN_POINT('',(10.4614640549622,-3.51379326758833,0.984749024361652));
#4260=CARTESIAN_POINT('',(10.4614640549622,-3.52532509022526,0.989592401147165));
#4261=CARTESIAN_POINT('',(10.4614640549622,-3.53555434951671,1.0005984976283));
#4262=CARTESIAN_POINT('',(10.4614640549622,-3.53863579146922,1.0092493184537));
#4263=CARTESIAN_POINT('',(10.4614640549622,-3.53936786628887,1.01336138947244));
#4264=CARTESIAN_POINT('',(10.4881283408558,-3.47189453616561,1.02537371264386));
#4265=CARTESIAN_POINT('',(10.4881283408558,-3.47118099706129,1.02136575690919));
#4266=CARTESIAN_POINT('',(10.4881283408558,-3.4711443940017,1.01310229819681));
#4267=CARTESIAN_POINT('',(10.4881283408558,-3.47650297881154,1.00010949350769));
#4268=CARTESIAN_POINT('',(10.4881283408558,-3.48678163924747,0.990627823410798));
#4269=CARTESIAN_POINT('',(10.4881283408558,-3.49670790290932,0.987061065501464));
#4270=CARTESIAN_POINT('',(10.4881283408558,-3.50452470306842,0.986385303890562));
#4271=CARTESIAN_POINT('',(10.4881283408558,-3.51313120732071,0.987204219447946));
#4272=CARTESIAN_POINT('',(10.4881283408558,-3.5238503266785,0.9917062600614));
#4273=CARTESIAN_POINT('',(10.4881283408558,-3.53335868062557,1.00193670372664));
#4274=CARTESIAN_POINT('',(10.4881283408558,-3.53622295846985,1.00997785939559));
#4275=CARTESIAN_POINT('',(10.4881283408558,-3.53690344043855,1.01380013289435));
#4276=CARTESIAN_POINT('',(10.5064418964387,-3.47467804813723,1.02487816210124));
#4277=CARTESIAN_POINT('',(10.5064418964387,-3.47402561280512,1.02121342681904));
#4278=CARTESIAN_POINT('',(10.5064418964387,-3.47399214424089,1.01365760766803));
#4279=CARTESIAN_POINT('',(10.5064418964387,-3.47889184775944,1.00177743909551));
#4280=CARTESIAN_POINT('',(10.5064418964387,-3.48829029725518,0.993107729837555));
#4281=CARTESIAN_POINT('',(10.5064418964387,-3.49736652740099,0.989846410497026));
#4282=CARTESIAN_POINT('',(10.5064418964387,-3.50451393751066,0.989228517590569));
#4283=CARTESIAN_POINT('',(10.5064418964387,-3.51238342556838,0.989977305485193));
#4284=CARTESIAN_POINT('',(10.5064418964387,-3.52218461537817,0.994093814790759));
#4285=CARTESIAN_POINT('',(10.5064418964387,-3.53087872342037,1.00344817654889));
#4286=CARTESIAN_POINT('',(10.5064418964387,-3.53349771942953,1.01080072953116));
#4287=CARTESIAN_POINT('',(10.5064418964387,-3.53411992846693,1.01429568343697));
#4288=CARTESIAN_POINT('',(10.515595506609,-3.4766266600683,1.02453124938463));
#4289=CARTESIAN_POINT('',(10.515595506609,-3.47601700074749,1.02110678735272));
#4290=CARTESIAN_POINT('',(10.515595506609,-3.47598572650293,1.01404635493124));
#4291=CARTESIAN_POINT('',(10.515595506609,-3.48056418780364,1.0029450930183));
#4292=CARTESIAN_POINT('',(10.515595506609,-3.48934644108487,0.994843801138975));
#4293=CARTESIAN_POINT('',(10.515595506609,-3.49782760087783,0.991796305645965));
#4294=CARTESIAN_POINT('',(10.515595506609,-3.50450640102635,0.991218924024922));
#4295=CARTESIAN_POINT('',(10.515595506609,-3.51185993709077,0.991918618687051));
#4296=CARTESIAN_POINT('',(10.515595506609,-3.52101852557987,0.995765234809475));
#4297=CARTESIAN_POINT('',(10.515595506609,-3.52914261657123,1.00450629090405));
#4298=CARTESIAN_POINT('',(10.515595506609,-3.53158990176497,1.01137678401925));
#4299=CARTESIAN_POINT('',(10.515595506609,-3.53217131653586,1.01464259615358));
#4300=CARTESIAN_POINT('',(10.0761841948613,-3.53912094704297,1.01340534867222));
#4301=CARTESIAN_POINT('',(10.5155955066078,-3.53217131653442,1.01464259615377));
#4302=CARTESIAN_POINT('',(10.0761841948605,-3.46967702955998,1.02576849686353));
#4303=CARTESIAN_POINT('',(10.5155955066077,-3.47662666007014,1.02453124938431));
#4304=CARTESIAN_POINT('',(10.0761841948613,-3.53912094704297,1.01340534867222));
#4305=CARTESIAN_POINT('',(10.076184194861,-3.54076280481931,1.02262767895211));
#4306=CARTESIAN_POINT('',(10.0761841948597,-3.53868259139573,1.03208523901323));
#4307=CARTESIAN_POINT('',(10.0761841948597,-3.52796220960124,1.04745009828298));
#4308=CARTESIAN_POINT('',(10.076184194861,-3.5198033444749,1.05266694330136));
#4309=CARTESIAN_POINT('',(10.076184194862,-3.50135823211357,1.05595073928553));
#4310=CARTESIAN_POINT('',(10.0761841948614,-3.4919006720545,1.05387052586258));
#4311=CARTESIAN_POINT('',(10.0761841948605,-3.47653581279036,1.04315014406827));
#4312=CARTESIAN_POINT('',(10.0761841948605,-3.47131896776978,1.0349912789424));
#4313=CARTESIAN_POINT('',(10.0761841948605,-3.46967702955998,1.02576849686353));
#4314=CARTESIAN_POINT('',(10.0761841948605,-3.53912094704424,1.01340534867467));
#4315=CARTESIAN_POINT('',(10.0944975701775,-3.54218813712096,1.01285929472472));
#4316=CARTESIAN_POINT('',(10.1219388382259,-3.5436495540404,1.01259911766969));
#4317=CARTESIAN_POINT('',(10.1554885312334,-3.54599058817832,1.01218234175884));
#4318=CARTESIAN_POINT('',(10.1780406610346,-3.54976075301931,1.01151113673018));
#4319=CARTESIAN_POINT('',(10.2005070226259,-3.55461605915906,1.01064674325293));
#4320=CARTESIAN_POINT('',(10.2259578869153,-3.55423224518357,1.01071966151238));
#4321=CARTESIAN_POINT('',(10.2727527069332,-3.53974098294862,1.01331590523541));
#4322=CARTESIAN_POINT('',(10.2958898487314,-3.53999080106454,1.01327142994514));
#4323=CARTESIAN_POINT('',(10.319026976482,-3.53897773820915,1.01345178621909));
#4324=CARTESIAN_POINT('',(10.3658218701853,-3.55287197133678,1.01096090760953));
#4325=CARTESIAN_POINT('',(10.3912724769553,-3.55143236760163,1.01121353804127));
#4326=CARTESIAN_POINT('',(10.4137398054891,-3.5459752253333,1.01218507681667));
#4327=CARTESIAN_POINT('',(10.4362883285566,-3.54171839659213,1.01294292295277));
#4328=CARTESIAN_POINT('',(10.4614640549622,-3.53936786628887,1.01336138947244));
#4329=CARTESIAN_POINT('',(10.4881283408558,-3.53690344043855,1.01380013289435));
#4330=CARTESIAN_POINT('',(10.5064418964387,-3.53411992846693,1.01429568343697));
#4331=CARTESIAN_POINT('',(10.515595506609,-3.53217131653586,1.01464259615358));
#4332=CARTESIAN_POINT('',(10.5155955066078,-3.53217131653442,1.01464259615377));
#4333=CARTESIAN_POINT('',(10.5155955066078,-3.53348455502319,1.02201906886597));
#4334=CARTESIAN_POINT('',(10.5155955066086,-3.53182069811544,1.02958369011071));
#4335=CARTESIAN_POINT('',(10.5155955066094,-3.52324601018292,1.0418732592566));
#4336=CARTESIAN_POINT('',(10.5155955066088,-3.51672014906899,1.04604594816655));
#4337=CARTESIAN_POINT('',(10.5155955066075,-3.5019668421335,1.04867248950263));
#4338=CARTESIAN_POINT('',(10.5155955066079,-3.49440222101699,1.04700863262233));
#4339=CARTESIAN_POINT('',(10.5155955066094,-3.48211265181409,1.03843394465108));
#4340=CARTESIAN_POINT('',(10.5155955066087,-3.47793996290683,1.03190808353799));
#4341=CARTESIAN_POINT('',(10.5155955066077,-3.47662666007014,1.02453124938431));
#4342=CARTESIAN_POINT('',(10.0761841948605,-3.46967702955992,1.02576849686355));
#4343=CARTESIAN_POINT('',(10.0944975701775,-3.4666098394832,1.02631455081349));
#4344=CARTESIAN_POINT('',(10.1219388382259,-3.46514842256376,1.02657472786852));
#4345=CARTESIAN_POINT('',(10.1554885312334,-3.46280738842584,1.02699150377937));
#4346=CARTESIAN_POINT('',(10.1780406610346,-3.45903722358485,1.02766270880803));
#4347=CARTESIAN_POINT('',(10.2005070226259,-3.45418191744509,1.02852710228528));
#4348=CARTESIAN_POINT('',(10.2259578869153,-3.45456830789659,1.02846290052311));
#4349=CARTESIAN_POINT('',(10.2727527069332,-3.46906875504859,1.02589773036881));
#4350=CARTESIAN_POINT('',(10.2958898487314,-3.46881893693267,1.02594220565908));
#4351=CARTESIAN_POINT('',(10.319026976482,-3.46983199978806,1.02576184938513));
#4352=CARTESIAN_POINT('',(10.3658218701853,-3.45592806259072,1.0282198980763));
#4353=CARTESIAN_POINT('',(10.3912724769553,-3.45736560900253,1.02796030749694));
#4354=CARTESIAN_POINT('',(10.4137398054891,-3.46282275127086,1.02698876872155));
#4355=CARTESIAN_POINT('',(10.4362883285566,-3.46707958001203,1.02623092258544));
#4356=CARTESIAN_POINT('',(10.4614640549622,-3.46943011031529,1.02581245606577));
#4357=CARTESIAN_POINT('',(10.4881283408558,-3.47189453616561,1.02537371264386));
#4358=CARTESIAN_POINT('',(10.5064418964387,-3.47467804813723,1.02487816210124));
#4359=CARTESIAN_POINT('',(10.515595506609,-3.4766266600683,1.02453124938463));
#4360=CARTESIAN_POINT('',(10.0761841948605,-3.46967702955998,1.02576849686353));
#4361=CARTESIAN_POINT('',(10.0761841948605,-3.4680351717847,1.01654616658606));
#4362=CARTESIAN_POINT('',(10.0761841948606,-3.47011538520963,1.00708860652428));
#4363=CARTESIAN_POINT('',(10.0761841948616,-3.48083576699955,0.991723747257196));
#4364=CARTESIAN_POINT('',(10.0761841948618,-3.48899463212426,0.986506902239566));
#4365=CARTESIAN_POINT('',(10.0761841948607,-3.50743974448412,0.983223106252128));
#4366=CARTESIAN_POINT('',(10.0761841948602,-3.51689730454536,0.985303319674613));
#4367=CARTESIAN_POINT('',(10.076184194861,-3.53226216381369,0.996023701467727));
#4368=CARTESIAN_POINT('',(10.0761841948617,-3.5374790088324,1.0041825665925));
#4369=CARTESIAN_POINT('',(10.0761841948613,-3.53912094704297,1.01340534867222));
#4370=CARTESIAN_POINT('',(10.5155955066077,-3.47662666007014,1.02453124938431));
#4371=CARTESIAN_POINT('',(10.5155955066066,-3.47531342156869,1.0171547766023));
#4372=CARTESIAN_POINT('',(10.5155955066073,-3.47697727844663,1.00959015548499));
#4373=CARTESIAN_POINT('',(10.5155955066079,-3.48555196641865,0.997300586283038));
#4374=CARTESIAN_POINT('',(10.5155955066076,-3.49207782753159,0.993127897373892));
#4375=CARTESIAN_POINT('',(10.5155955066088,-3.50683113446468,0.990501356035121));
#4376=CARTESIAN_POINT('',(10.5155955066093,-3.51439575558324,0.992165212914997));
#4377=CARTESIAN_POINT('',(10.5155955066083,-3.52668532473075,1.00073990084459));
#4378=CARTESIAN_POINT('',(10.5155955066078,-3.53085801371024,1.00726576206895));
#4379=CARTESIAN_POINT('',(10.5155955066078,-3.53217131653442,1.01464259615377));
#4380=CARTESIAN_POINT('',(11.3409034365662,-3.53912094704424,1.01340534867467));
#4381=CARTESIAN_POINT('',(11.3225900612492,-3.54218813712096,1.01285929472472));
#4382=CARTESIAN_POINT('',(11.2951487932008,-3.5436495540404,1.01259911766969));
#4383=CARTESIAN_POINT('',(11.2615991001933,-3.54599058817832,1.01218234175884));
#4384=CARTESIAN_POINT('',(11.2390469703921,-3.54976075301931,1.01151113673018));
#4385=CARTESIAN_POINT('',(11.2165806088008,-3.55461605915906,1.01064674325293));
#4386=CARTESIAN_POINT('',(11.1911297445115,-3.55423224518357,1.01071966151238));
#4387=CARTESIAN_POINT('',(11.1443349244936,-3.53974098294862,1.01331590523541));
#4388=CARTESIAN_POINT('',(11.1211977826954,-3.53999080106454,1.01327142994514));
#4389=CARTESIAN_POINT('',(11.0980606549448,-3.53897773820915,1.01345178621909));
#4390=CARTESIAN_POINT('',(11.0512657612414,-3.55287197133678,1.01096090760953));
#4391=CARTESIAN_POINT('',(11.0258151544714,-3.55143236760163,1.01121353804127));
#4392=CARTESIAN_POINT('',(11.0033478259376,-3.5459752253333,1.01218507681667));
#4393=CARTESIAN_POINT('',(10.9807993028701,-3.54171839659213,1.01294292295277));
#4394=CARTESIAN_POINT('',(10.9556235764646,-3.53936786628887,1.01336138947244));
#4395=CARTESIAN_POINT('',(10.928959290571,-3.53690344043855,1.01380013289435));
#4396=CARTESIAN_POINT('',(10.910645734988,-3.53411992846693,1.01429568343697));
#4397=CARTESIAN_POINT('',(10.9014921248178,-3.53217131653586,1.01464259615358));
#4398=CARTESIAN_POINT('',(11.3409034365662,-3.5398478525999,1.01748838388991));
#4399=CARTESIAN_POINT('',(11.3225900612492,-3.54297925442008,1.0173030078956));
#4400=CARTESIAN_POINT('',(11.2951487932008,-3.54447126615952,1.01721468222692));
#4401=CARTESIAN_POINT('',(11.2615991001933,-3.5468613099381,1.01707319391998));
#4402=CARTESIAN_POINT('',(11.2390469703921,-3.55071040332656,1.01684533127091));
#4403=CARTESIAN_POINT('',(11.2165806088008,-3.55566735548904,1.01655188444147));
#4404=CARTESIAN_POINT('',(11.1911297445115,-3.55527547938374,1.01657951764339));
#4405=CARTESIAN_POINT('',(11.1443349244936,-3.54048074586743,1.0174711603781));
#4406=CARTESIAN_POINT('',(11.1211977826954,-3.54073579393531,1.01745606177629));
#4407=CARTESIAN_POINT('',(11.0980606549448,-3.53970152256967,1.01751728965243));
#4408=CARTESIAN_POINT('',(11.0512657612414,-3.55388673358534,1.01666083652558));
#4409=CARTESIAN_POINT('',(11.0258151544714,-3.55241701322511,1.01674430159634));
#4410=CARTESIAN_POINT('',(11.0033478259376,-3.54684562547132,1.01707412242541));
#4411=CARTESIAN_POINT('',(10.9807993028701,-3.54249967985502,1.01733139825141));
#4412=CARTESIAN_POINT('',(10.9556235764646,-3.54009994110852,1.01747346049118));
#4413=CARTESIAN_POINT('',(10.928959290571,-3.53758392240724,1.01762240639311));
#4414=CARTESIAN_POINT('',(10.910645734988,-3.53474213750432,1.01779063734277));
#4415=CARTESIAN_POINT('',(10.9014921248178,-3.53275273130675,1.0179084082879));
#4416=CARTESIAN_POINT('',(11.3409034365662,-3.53994067675103,1.02660631228925));
#4417=CARTESIAN_POINT('',(11.3225900612492,-3.54308027826171,1.0272263752886));
#4418=CARTESIAN_POINT('',(11.2951487932008,-3.5445761968886,1.02752181526319));
#4419=CARTESIAN_POINT('',(11.2615991001933,-3.54697249908446,1.02799507861265));
#4420=CARTESIAN_POINT('',(11.2390469703921,-3.55083167146511,1.02875725495675));
#4421=CARTESIAN_POINT('',(11.2165806088008,-3.55580160358861,1.02973880341396));
#4422=CARTESIAN_POINT('',(11.1911297445115,-3.55540869796806,1.02966530941752));
#4423=CARTESIAN_POINT('',(11.1443349244936,-3.54057521187397,1.02675036490973));
#4424=CARTESIAN_POINT('',(11.1211977826954,-3.54083092779457,1.0268008681281));
#4425=CARTESIAN_POINT('',(11.0980606549448,-3.53979394815143,1.02659606738967));
#4426=CARTESIAN_POINT('',(11.0512657612414,-3.55401631636757,1.02938949082275));
#4427=CARTESIAN_POINT('',(11.0258151544714,-3.55254275018427,1.02909518848083));
#4428=CARTESIAN_POINT('',(11.0033478259376,-3.54695677354733,1.02799197286064));
#4429=CARTESIAN_POINT('',(10.9807993028701,-3.54259944791307,1.02713141256573));
#4430=CARTESIAN_POINT('',(10.9556235764646,-3.54019342536265,1.02665622947194));
#4431=CARTESIAN_POINT('',(10.928959290571,-3.53767081837414,1.02615802125981));
#4432=CARTESIAN_POINT('',(10.910645734988,-3.53482159215323,1.02559530661263));
#4433=CARTESIAN_POINT('',(10.9014921248178,-3.53282697662258,1.02520137531776));
#4434=CARTESIAN_POINT('',(11.3409034365662,-3.53417935280783,1.04036864879872));
#4435=CARTESIAN_POINT('',(11.3225900612492,-3.53681002347856,1.04220441803998));
#4436=CARTESIAN_POINT('',(11.2951487932008,-3.53806345301227,1.04307910273909));
#4437=CARTESIAN_POINT('',(11.2615991001933,-3.54007131352686,1.04448025439765));
#4438=CARTESIAN_POINT('',(11.2390469703921,-3.54330491230063,1.04673676686557));
#4439=CARTESIAN_POINT('',(11.2165806088008,-3.54746921615522,1.04964275620607));
#4440=CARTESIAN_POINT('',(11.1911297445115,-3.54714020953932,1.0494166237513));
#4441=CARTESIAN_POINT('',(11.1443349244936,-3.5347119827609,1.04075612693278));
#4442=CARTESIAN_POINT('',(11.1211977826954,-3.53492624701389,1.04090564763468));
#4443=CARTESIAN_POINT('',(11.0980606549448,-3.53405736224489,1.04029931102597));
#4444=CARTESIAN_POINT('',(11.0512657612414,-3.54597349155527,1.04860175221351));
#4445=CARTESIAN_POINT('',(11.0258151544714,-3.54473862437731,1.04773725870229));
#4446=CARTESIAN_POINT('',(11.0033478259376,-3.54005813710649,1.04447105945452));
#4447=CARTESIAN_POINT('',(10.9807993028701,-3.53640713594921,1.04192326976008));
#4448=CARTESIAN_POINT('',(10.9556235764646,-3.53439113075398,1.04051643447324));
#4449=CARTESIAN_POINT('',(10.928959290571,-3.53227743951136,1.03904143062274));
#4450=CARTESIAN_POINT('',(10.910645734988,-3.5298900741632,1.03737544790489));
#4451=CARTESIAN_POINT('',(10.9014921248178,-3.52821878672178,1.03620916809935));
#4452=CARTESIAN_POINT('',(11.3409034365662,-3.5250922542093,1.04883413001892));
#4453=CARTESIAN_POINT('',(11.3225900612492,-3.52692020925979,1.0514177038465));
#4454=CARTESIAN_POINT('',(11.2951487932008,-3.5277911707496,1.05264869325693));
#4455=CARTESIAN_POINT('',(11.2615991001933,-3.52918635822372,1.05462060708584));
#4456=CARTESIAN_POINT('',(11.2390469703921,-3.53143326555254,1.05779631480698));
#4457=CARTESIAN_POINT('',(11.2165806088008,-3.53432688517109,1.06188606521493));
#4458=CARTESIAN_POINT('',(11.1911297445115,-3.53409866381937,1.06156604187168));
#4459=CARTESIAN_POINT('',(11.1443349244936,-3.52546415334156,1.04937134392731));
#4460=CARTESIAN_POINT('',(11.1211977826954,-3.52561303758912,1.04958177221177));
#4461=CARTESIAN_POINT('',(11.0980606549448,-3.52500928193113,1.048728443069));
#4462=CARTESIAN_POINT('',(11.0512657612414,-3.5332878757488,1.06041958837011));
#4463=CARTESIAN_POINT('',(11.0258151544714,-3.53242949866551,1.05920435916571));
#4464=CARTESIAN_POINT('',(11.0033478259376,-3.52917720242005,1.05460766656266));
#4465=CARTESIAN_POINT('',(10.9807993028701,-3.52664025772415,1.05102202920434));
#4466=CARTESIAN_POINT('',(10.9556235764646,-3.52523941081486,1.04904211650883));
#4467=CARTESIAN_POINT('',(10.928959290571,-3.52377068551027,1.04696626663724));
#4468=CARTESIAN_POINT('',(10.910645734988,-3.52211179426475,1.04462164224203));
#4469=CARTESIAN_POINT('',(10.9014921248178,-3.52095047888105,1.04298027582545));
#4470=CARTESIAN_POINT('',(11.3409034365662,-3.51676538833649,1.05282810347531));
#4471=CARTESIAN_POINT('',(11.3225900612492,-3.51785778349057,1.05576448792176));
#4472=CARTESIAN_POINT('',(11.2951487932008,-3.51837827446797,1.05716358018688));
#4473=CARTESIAN_POINT('',(11.2615991001933,-3.51921204553655,1.05940477687154));
#4474=CARTESIAN_POINT('',(11.2390469703921,-3.52055480868438,1.06301415650655));
#4475=CARTESIAN_POINT('',(11.2165806088008,-3.52228405035705,1.0676623997112));
#4476=CARTESIAN_POINT('',(11.1911297445115,-3.52214818250713,1.06729807909687));
#4477=CARTESIAN_POINT('',(11.1443349244936,-3.51699000349555,1.0534359620042));
#4478=CARTESIAN_POINT('',(11.1211977826954,-3.51707897747251,1.05367512619412));
#4479=CARTESIAN_POINT('',(11.0980606549448,-3.51671817004737,1.05270526715786));
#4480=CARTESIAN_POINT('',(11.0512657612414,-3.52166354701624,1.0659951868144));
#4481=CARTESIAN_POINT('',(11.0258151544714,-3.52115016261535,1.06461448219136));
#4482=CARTESIAN_POINT('',(11.0033478259376,-3.51920657398212,1.05939006920164));
#4483=CARTESIAN_POINT('',(10.9807993028701,-3.51769048304145,1.05531478029092));
#4484=CARTESIAN_POINT('',(10.9556235764646,-3.51685332986588,1.05306449242132));
#4485=CARTESIAN_POINT('',(10.928959290571,-3.51597561221906,1.05070516627743));
#4486=CARTESIAN_POINT('',(10.910645734988,-3.51498425044718,1.04804036199223));
#4487=CARTESIAN_POINT('',(10.9014921248178,-3.51429024251893,1.0461748519901));
#4488=CARTESIAN_POINT('',(11.3409034365662,-3.50867923091464,1.05503239401943));
#4489=CARTESIAN_POINT('',(11.3225900612492,-3.50905732933255,1.05816349611223));
#4490=CARTESIAN_POINT('',(11.2951487932008,-3.50923748100601,1.05965536504126));
#4491=CARTESIAN_POINT('',(11.2615991001933,-3.5095260647852,1.06204518005278));
#4492=CARTESIAN_POINT('',(11.2390469703921,-3.50999082025388,1.06589390501882));
#4493=CARTESIAN_POINT('',(11.2165806088008,-3.51058934317682,1.07085038271831));
#4494=CARTESIAN_POINT('',(11.1911297445115,-3.51054315912455,1.07046161425603));
#4495=CARTESIAN_POINT('',(11.1443349244936,-3.50876081970445,1.05567924160787));
#4496=CARTESIAN_POINT('',(11.1211977826954,-3.50879161526391,1.0559342652634));
#4497=CARTESIAN_POINT('',(11.0980606549448,-3.50866673305796,1.05490009289478));
#4498=CARTESIAN_POINT('',(11.0512657612414,-3.51037524797426,1.06907238276042));
#4499=CARTESIAN_POINT('',(11.0258151544714,-3.51019688339739,1.06760035156635));
#4500=CARTESIAN_POINT('',(11.0033478259376,-3.50952417097776,1.06202949708728));
#4501=CARTESIAN_POINT('',(10.9807993028701,-3.50899942351441,1.05768396745045));
#4502=CARTESIAN_POINT('',(10.9556235764646,-3.50870966912467,1.05528445839896));
#4503=CARTESIAN_POINT('',(10.928959290571,-3.50840587461185,1.05276868052264));
#4504=CARTESIAN_POINT('',(10.910645734988,-3.50806274573937,1.04992716762593));
#4505=CARTESIAN_POINT('',(10.9014921248178,-3.50782253660012,1.0479379518477));
#4506=CARTESIAN_POINT('',(11.3409034365662,-3.49741233521345,1.0551158986202));
#4507=CARTESIAN_POINT('',(11.3225900612492,-3.49679516401116,1.05825437715408));
#4508=CARTESIAN_POINT('',(11.2951487932008,-3.49650110188437,1.05974976071883));
#4509=CARTESIAN_POINT('',(11.2615991001933,-3.49603004570025,1.06214520580216));
#4510=CARTESIAN_POINT('',(11.2390469703921,-3.49527142392933,1.06600299782896));
#4511=CARTESIAN_POINT('',(11.2165806088008,-3.49429445313429,1.0709711523006));
#4512=CARTESIAN_POINT('',(11.1911297445115,-3.4943732305367,1.07058145768647));
#4513=CARTESIAN_POINT('',(11.1443349244936,-3.4972946373581,1.05576422322167));
#4514=CARTESIAN_POINT('',(11.1211977826954,-3.49724436967233,1.05601984767746));
#4515=CARTESIAN_POINT('',(11.0980606549448,-3.49744821527851,1.05498323894257));
#4516=CARTESIAN_POINT('',(11.0512657612414,-3.49464662913656,1.06918895542351));
#4517=CARTESIAN_POINT('',(11.0258151544714,-3.49493506643085,1.06771346452724));
#4518=CARTESIAN_POINT('',(11.0033478259376,-3.49603313696792,1.06212948588977));
#4519=CARTESIAN_POINT('',(10.9807993028701,-3.49688968385495,1.05777371878946));
#4520=CARTESIAN_POINT('',(10.9556235764646,-3.49736265083027,1.05536855682836));
#4521=CARTESIAN_POINT('',(10.928959290571,-3.49785853554134,1.05284685212923));
#4522=CARTESIAN_POINT('',(10.910645734988,-3.49841862584783,1.04999864502331));
#4523=CARTESIAN_POINT('',(10.9014921248178,-3.49881071995945,1.04800474292936));
#4524=CARTESIAN_POINT('',(11.3409034365662,-3.48361149464305,1.04939910353075));
#4525=CARTESIAN_POINT('',(11.3225900612492,-3.48177521591395,1.05203258471413));
#4526=CARTESIAN_POINT('',(11.2951487932008,-3.48090028846036,1.05328735336627));
#4527=CARTESIAN_POINT('',(11.2615991001933,-3.47949874793499,1.05529735900584));
#4528=CARTESIAN_POINT('',(11.2390469703921,-3.47724160920881,1.05853441243867));
#4529=CARTESIAN_POINT('',(11.2165806088008,-3.47433481335832,1.0627031652837));
#4530=CARTESIAN_POINT('',(11.1911297445115,-3.47456665626867,1.06237687580346));
#4531=CARTESIAN_POINT('',(11.1443349244936,-3.48324969022182,1.04994631058));
#4532=CARTESIAN_POINT('',(11.1211977826954,-3.48310012802289,1.05016080374511));
#4533=CARTESIAN_POINT('',(11.0980606549448,-3.48370663291045,1.0492909906913));
#4534=CARTESIAN_POINT('',(11.0512657612414,-3.47538061596589,1.06120829301927));
#4535=CARTESIAN_POINT('',(11.0258151544714,-3.47624083970188,1.05996965624107));
#4536=CARTESIAN_POINT('',(11.0033478259376,-3.47950794543003,1.05528416850826));
#4537=CARTESIAN_POINT('',(10.9807993028701,-3.48205644222198,1.05162926675443));
#4538=CARTESIAN_POINT('',(10.9556235764646,-3.48346366795303,1.04961110773274));
#4539=CARTESIAN_POINT('',(10.928959290571,-3.48493908116681,1.04749515829944));
#4540=CARTESIAN_POINT('',(10.910645734988,-3.48660552625102,1.04510524237717));
#4541=CARTESIAN_POINT('',(10.9014921248178,-3.48777212973851,1.04343216939316));
#4542=CARTESIAN_POINT('',(11.3409034365662,-3.47344901889435,1.03834821653091));
#4543=CARTESIAN_POINT('',(11.3225900612492,-3.47071503030381,1.04000550938354));
#4544=CARTESIAN_POINT('',(11.2951487932008,-3.46941237312124,1.04079515585301));
#4545=CARTESIAN_POINT('',(11.2615991001933,-3.46732565516016,1.04206008533162));
#4546=CARTESIAN_POINT('',(11.2390469703921,-3.46396505884826,1.04409721608906));
#4547=CARTESIAN_POINT('',(11.2165806088008,-3.4596372046046,1.04672068055049));
#4548=CARTESIAN_POINT('',(11.1911297445115,-3.45998175981711,1.0465169567664));
#4549=CARTESIAN_POINT('',(11.1443349244936,-3.47290746259183,1.03869995765461));
#4550=CARTESIAN_POINT('',(11.1211977826954,-3.47268478324639,1.03883494171742));
#4551=CARTESIAN_POINT('',(11.0980606549448,-3.47358779291284,1.03828755411264));
#4552=CARTESIAN_POINT('',(11.0512657612414,-3.46119377056163,1.04578122295056));
#4553=CARTESIAN_POINT('',(11.0258151544714,-3.46247503864035,1.04500043852729));
#4554=CARTESIAN_POINT('',(11.0033478259376,-3.46733934907607,1.04205178433539));
#4555=CARTESIAN_POINT('',(10.9807993028701,-3.47113374098499,1.039751694784));
#4556=CARTESIAN_POINT('',(10.9556235764646,-3.47322892350387,1.03848163424845));
#4557=CARTESIAN_POINT('',(10.928959290571,-3.47542562862761,1.03715003260479));
#4558=CARTESIAN_POINT('',(10.910645734988,-3.47790675623356,1.03564601936127));
#4559=CARTESIAN_POINT('',(10.9014921248178,-3.47964368242778,1.03459312712273));
#4560=CARTESIAN_POINT('',(11.3409034365662,-3.47043924746278,1.0300498818589));
#4561=CARTESIAN_POINT('',(11.3225900612492,-3.46743938847199,1.03097413514));
#4562=CARTESIAN_POINT('',(11.2951487932008,-3.46601005263841,1.03141451195038));
#4563=CARTESIAN_POINT('',(11.2615991001933,-3.46372040898064,1.03211994866248));
#4564=CARTESIAN_POINT('',(11.2390469703921,-3.46003300695725,1.03325603320155));
#4565=CARTESIAN_POINT('',(11.2165806088008,-3.45528428470267,1.03471910934555));
#4566=CARTESIAN_POINT('',(11.1911297445115,-3.45566222137414,1.03460742262291));
#4567=CARTESIAN_POINT('',(11.1443349244936,-3.46984445491248,1.0302548436637));
#4568=CARTESIAN_POINT('',(11.1211977826954,-3.46960012081437,1.03033012273266));
#4569=CARTESIAN_POINT('',(11.0980606549448,-3.47059094487123,1.0300248509221));
#4570=CARTESIAN_POINT('',(11.0512657612414,-3.45699212097764,1.03419672385647));
#4571=CARTESIAN_POINT('',(11.0258151544714,-3.45839808772876,1.03375975003154));
#4572=CARTESIAN_POINT('',(11.0033478259376,-3.46373543457983,1.03211531929177));
#4573=CARTESIAN_POINT('',(10.9807993028701,-3.46789881723692,1.03083258563893));
#4574=CARTESIAN_POINT('',(10.9556235764646,-3.47019774859982,1.03012428739501));
#4575=CARTESIAN_POINT('',(10.928959290571,-3.47260807526993,1.02938166837852));
#4576=CARTESIAN_POINT('',(10.910645734988,-3.47533048346934,1.02854289738345));
#4577=CARTESIAN_POINT('',(10.9014921248178,-3.47723631938911,1.02795571141655));
#4578=CARTESIAN_POINT('',(11.3409034365662,-3.46967702955992,1.02576849686355));
#4579=CARTESIAN_POINT('',(11.3225900612492,-3.4666098394832,1.02631455081349));
#4580=CARTESIAN_POINT('',(11.2951487932008,-3.46514842256376,1.02657472786852));
#4581=CARTESIAN_POINT('',(11.2615991001933,-3.46280738842584,1.02699150377937));
#4582=CARTESIAN_POINT('',(11.2390469703921,-3.45903722358485,1.02766270880803));
#4583=CARTESIAN_POINT('',(11.2165806088008,-3.45418191744509,1.02852710228528));
#4584=CARTESIAN_POINT('',(11.1911297445115,-3.45456830789659,1.02846290052311));
#4585=CARTESIAN_POINT('',(11.1443349244936,-3.46906875504859,1.02589773036881));
#4586=CARTESIAN_POINT('',(11.1211977826954,-3.46881893693267,1.02594220565908));
#4587=CARTESIAN_POINT('',(11.0980606549448,-3.46983199978806,1.02576184938513));
#4588=CARTESIAN_POINT('',(11.0512657612414,-3.45592806259072,1.0282198980763));
#4589=CARTESIAN_POINT('',(11.0258151544714,-3.45736560900253,1.02796030749694));
#4590=CARTESIAN_POINT('',(11.0033478259376,-3.46282275127086,1.02698876872155));
#4591=CARTESIAN_POINT('',(10.9807993028701,-3.46707958001203,1.02623092258544));
#4592=CARTESIAN_POINT('',(10.9556235764646,-3.46943011031529,1.02581245606577));
#4593=CARTESIAN_POINT('',(10.928959290571,-3.47189453616561,1.02537371264386));
#4594=CARTESIAN_POINT('',(10.910645734988,-3.47467804813723,1.02487816210124));
#4595=CARTESIAN_POINT('',(10.9014921248178,-3.4766266600683,1.02453124938463));
#4596=CARTESIAN_POINT('',(11.3409034365662,-3.46267738480875,0.99047573042843));
#4597=CARTESIAN_POINT('',(10.9014921248178,-3.47102800035578,0.996302361118491));
#4598=CARTESIAN_POINT('',(11.3409034365662,-3.46967702955992,1.02576849686355));
#4599=CARTESIAN_POINT('',(11.3225900612492,-3.4666098394832,1.02631455081349));
#4600=CARTESIAN_POINT('',(11.2951487932008,-3.46514842256376,1.02657472786852));
#4601=CARTESIAN_POINT('',(11.2615991001933,-3.46280738842584,1.02699150377937));
#4602=CARTESIAN_POINT('',(11.2390469703921,-3.45903722358485,1.02766270880803));
#4603=CARTESIAN_POINT('',(11.2165806088008,-3.45418191744509,1.02852710228528));
#4604=CARTESIAN_POINT('',(11.1911297445115,-3.45456830789659,1.02846290052311));
#4605=CARTESIAN_POINT('',(11.1443349244936,-3.46906875504859,1.02589773036881));
#4606=CARTESIAN_POINT('',(11.1211977826954,-3.46881893693267,1.02594220565908));
#4607=CARTESIAN_POINT('',(11.0980606549448,-3.46983199978806,1.02576184938513));
#4608=CARTESIAN_POINT('',(11.0512657612414,-3.45592806259072,1.0282198980763));
#4609=CARTESIAN_POINT('',(11.0258151544714,-3.45736560900253,1.02796030749694));
#4610=CARTESIAN_POINT('',(11.0033478259376,-3.46282275127086,1.02698876872155));
#4611=CARTESIAN_POINT('',(10.9807993028701,-3.46707958001203,1.02623092258544));
#4612=CARTESIAN_POINT('',(10.9556235764646,-3.46943011031529,1.02581245606577));
#4613=CARTESIAN_POINT('',(10.928959290571,-3.47189453616561,1.02537371264386));
#4614=CARTESIAN_POINT('',(10.910645734988,-3.47467804813723,1.02487816210124));
#4615=CARTESIAN_POINT('',(10.9014921248178,-3.4766266600683,1.02453124938463));
#4616=CARTESIAN_POINT('',(11.3409034365662,-3.46891481165706,1.02148711186819));
#4617=CARTESIAN_POINT('',(11.3225900612492,-3.4657802904944,1.02165496648699));
#4618=CARTESIAN_POINT('',(11.2951487932008,-3.46428679248911,1.02173494378666));
#4619=CARTESIAN_POINT('',(11.2615991001933,-3.46189436787105,1.02186305889625));
#4620=CARTESIAN_POINT('',(11.2390469703921,-3.45804144021244,1.02206938441451));
#4621=CARTESIAN_POINT('',(11.2165806088008,-3.45307955018752,1.02233509522501));
#4622=CARTESIAN_POINT('',(11.1911297445115,-3.45347439441905,1.02231837842332));
#4623=CARTESIAN_POINT('',(11.1443349244936,-3.4682930551847,1.02154061707393));
#4624=CARTESIAN_POINT('',(11.1211977826954,-3.46803775305096,1.0215542885855));
#4625=CARTESIAN_POINT('',(11.0980606549448,-3.46907305470489,1.02149884784816));
#4626=CARTESIAN_POINT('',(11.0512657612414,-3.45486400420381,1.02224307229612));
#4627=CARTESIAN_POINT('',(11.0258151544714,-3.45633313027631,1.02216086496233));
#4628=CARTESIAN_POINT('',(11.0033478259376,-3.46191006796189,1.02186221815132));
#4629=CARTESIAN_POINT('',(10.9807993028701,-3.46626034278713,1.02162925953194));
#4630=CARTESIAN_POINT('',(10.9556235764646,-3.46866247203075,1.02150062473653));
#4631=CARTESIAN_POINT('',(10.928959290571,-3.47118099706129,1.02136575690919));
#4632=CARTESIAN_POINT('',(10.910645734988,-3.47402561280512,1.02121342681904));
#4633=CARTESIAN_POINT('',(10.9014921248178,-3.47601700074749,1.02110678735272));
#4634=CARTESIAN_POINT('',(11.3409034365662,-3.46887571147719,1.01265990655876));
#4635=CARTESIAN_POINT('',(11.3225900612492,-3.46573773637103,1.0120480034245));
#4636=CARTESIAN_POINT('',(11.2951487932008,-3.46424259267332,1.01175645136184));
#4637=CARTESIAN_POINT('',(11.2615991001933,-3.46184753183141,1.01128941603291));
#4638=CARTESIAN_POINT('',(11.2390469703921,-3.45799035861383,1.01053726972794));
#4639=CARTESIAN_POINT('',(11.2165806088008,-3.45302300105912,1.00956863818886));
#4640=CARTESIAN_POINT('',(11.1911297445115,-3.45341827895184,1.00964982416762));
#4641=CARTESIAN_POINT('',(11.1443349244936,-3.46825326340851,1.01255727788531));
#4642=CARTESIAN_POINT('',(11.1211977826954,-3.46799767995616,1.01250743927593));
#4643=CARTESIAN_POINT('',(11.0980606549448,-3.46903412241381,1.0127095448908));
#4644=CARTESIAN_POINT('',(11.0512657612414,-3.45480942024014,1.0099202682695));
#4645=CARTESIAN_POINT('',(11.0258151544714,-3.456280166283,1.01020378331966));
#4646=CARTESIAN_POINT('',(11.0033478259376,-3.46186324922225,1.01129248091405));
#4647=CARTESIAN_POINT('',(10.9807993028701,-3.46621831763563,1.01214171646305));
#4648=CARTESIAN_POINT('',(10.9556235764646,-3.46862309379667,1.01261064627298));
#4649=CARTESIAN_POINT('',(10.928959290571,-3.4711443940017,1.01310229819681));
#4650=CARTESIAN_POINT('',(10.910645734988,-3.47399214424089,1.01365760766803));
#4651=CARTESIAN_POINT('',(10.9014921248178,-3.47598572650293,1.01404635493124));
#4652=CARTESIAN_POINT('',(11.3409034365662,-3.47459986766055,0.998780711595978));
#4653=CARTESIAN_POINT('',(11.3225900612492,-3.47196754015261,0.996942779441335));
#4654=CARTESIAN_POINT('',(11.2951487932008,-3.47071332118952,0.996067064183922));
#4655=CARTESIAN_POINT('',(11.2615991001933,-3.46870419609322,0.994664261680792));
#4656=CARTESIAN_POINT('',(11.2390469703921,-3.46546856074875,0.992405090577523));
#4657=CARTESIAN_POINT('',(11.2165806088008,-3.46130163415096,0.989495677384444));
#4658=CARTESIAN_POINT('',(11.1911297445115,-3.46163342526769,0.989730797901905));
#4659=CARTESIAN_POINT('',(11.1443349244936,-3.47407866734568,0.998432590439498));
#4660=CARTESIAN_POINT('',(11.1211977826954,-3.47386426814574,0.998282893571494));
#4661=CARTESIAN_POINT('',(11.0980606549448,-3.47473370015185,0.998889944569319));
#4662=CARTESIAN_POINT('',(11.0512657612414,-3.46280035875269,0.990544872141473));
#4663=CARTESIAN_POINT('',(11.0258151544714,-3.46403394569796,0.991403419955829));
#4664=CARTESIAN_POINT('',(11.0033478259376,-3.4687173808123,0.99467346745746));
#4665=CARTESIAN_POINT('',(10.9807993028701,-3.47237068142677,0.99722425897168));
#4666=CARTESIAN_POINT('',(10.9556235764646,-3.47438795633337,0.998632751799565));
#4667=CARTESIAN_POINT('',(10.928959290571,-3.47650297881154,1.00010949350769));
#4668=CARTESIAN_POINT('',(10.910645734988,-3.47889184775944,1.00177743909551));
#4669=CARTESIAN_POINT('',(10.9014921248178,-3.48056418780364,1.0029450930183));
#4670=CARTESIAN_POINT('',(11.3409034365662,-3.4855797550336,0.988652186539512));
#4671=CARTESIAN_POINT('',(11.3225900612492,-3.48391734405151,0.985919543583104));
#4672=CARTESIAN_POINT('',(11.2951487932008,-3.4831252589588,0.984617527551693));
#4673=CARTESIAN_POINT('',(11.2615991001933,-3.4818564230657,0.982531836646451));
#4674=CARTESIAN_POINT('',(11.2390469703921,-3.47981300114557,0.979172894376962));
#4675=CARTESIAN_POINT('',(11.2165806088008,-3.47718143477824,0.974847170247677));
#4676=CARTESIAN_POINT('',(11.1911297445115,-3.47739144765767,0.975194626519219));
#4677=CARTESIAN_POINT('',(11.1443349244936,-3.48525276481678,0.988124914014948));
#4678=CARTESIAN_POINT('',(11.1211977826954,-3.48511736388986,0.987902344269422));
#4679=CARTESIAN_POINT('',(11.0980606549448,-3.48566644196269,0.988804909486098));
#4680=CARTESIAN_POINT('',(11.0512657612414,-3.47812831313797,0.976405422001327));
#4681=CARTESIAN_POINT('',(11.0258151544714,-3.47890698933348,0.977683607537894));
#4682=CARTESIAN_POINT('',(11.0033478259376,-3.48186474969744,0.982545523822387));
#4683=CARTESIAN_POINT('',(10.9807993028701,-3.48417194249319,0.986338048180256));
#4684=CARTESIAN_POINT('',(10.9556235764646,-3.48544592528921,0.988432199477165));
#4685=CARTESIAN_POINT('',(10.928959290571,-3.48678163924747,0.990627823410798));
#4686=CARTESIAN_POINT('',(10.910645734988,-3.48829029725518,0.993107729837555));
#4687=CARTESIAN_POINT('',(10.9014921248178,-3.48934644108487,0.994843801138975));
#4688=CARTESIAN_POINT('',(11.3409034365662,-3.49618320455133,0.984842098602899));
#4689=CARTESIAN_POINT('',(11.3225900612492,-3.49545745717688,0.981772888691921));
#4690=CARTESIAN_POINT('',(11.2951487932008,-3.49511166201397,0.980310509386757));
#4691=CARTESIAN_POINT('',(11.2615991001933,-3.49455773502002,0.977967933609475));
#4692=CARTESIAN_POINT('',(11.2390469703921,-3.49366565231039,0.974195286004811));
#4693=CARTESIAN_POINT('',(11.2165806088008,-3.4925168074084,0.969336782504141));
#4694=CARTESIAN_POINT('',(11.1911297445115,-3.49260921713329,0.969726496567334));
#4695=CARTESIAN_POINT('',(11.1443349244936,-3.49604376607348,0.984247433988906));
#4696=CARTESIAN_POINT('',(11.1211977826954,-3.49598465501835,0.983997451360461));
#4697=CARTESIAN_POINT('',(11.0980606549448,-3.49622436227126,0.985011181347331));
#4698=CARTESIAN_POINT('',(11.0512657612414,-3.49293075919341,0.971086528272079));
#4699=CARTESIAN_POINT('',(11.0258151544714,-3.49327012094003,0.972522570615468));
#4700=CARTESIAN_POINT('',(11.0033478259376,-3.4945613701206,0.977983306571373));
#4701=CARTESIAN_POINT('',(10.9807993028701,-3.49556860547449,0.982242938558613));
#4702=CARTESIAN_POINT('',(10.9556235764646,-3.49612477941659,0.98459501675473));
#4703=CARTESIAN_POINT('',(10.928959290571,-3.49670790290932,0.987061065501464));
#4704=CARTESIAN_POINT('',(10.910645734988,-3.49736652740099,0.989846410497026));
#4705=CARTESIAN_POINT('',(10.9014921248178,-3.49782760087783,0.991796305645965));
#4706=CARTESIAN_POINT('',(11.3409034365662,-3.50453327953431,0.984120235435519));
#4707=CARTESIAN_POINT('',(11.3225900612492,-3.50454514225029,0.980987259204205));
#4708=CARTESIAN_POINT('',(11.2951487932008,-3.50455079445097,0.979494497308755));
#4709=CARTESIAN_POINT('',(11.2615991001933,-3.50455984867402,0.977103251860213));
#4710=CARTESIAN_POINT('',(11.2390469703921,-3.50457443022703,0.973252223218521));
#4711=CARTESIAN_POINT('',(11.2165806088008,-3.50459320869081,0.968292778791836));
#4712=CARTESIAN_POINT('',(11.1911297445115,-3.50459300750101,0.968690499059557));
#4713=CARTESIAN_POINT('',(11.1443349244936,-3.50454153554786,0.98351280264716));
#4714=CARTESIAN_POINT('',(11.1211977826954,-3.50454250174861,0.983257626345803));
#4715=CARTESIAN_POINT('',(11.0980606549448,-3.50453858360965,0.984292417724027));
#4716=CARTESIAN_POINT('',(11.0512657612414,-3.50458748791058,0.970078805212083));
#4717=CARTESIAN_POINT('',(11.0258151544714,-3.50458089539174,0.971544755267954));
#4718=CARTESIAN_POINT('',(11.0033478259376,-3.50455978925642,0.977118944212847));
#4719=CARTESIAN_POINT('',(10.9807993028701,-3.50454332547391,0.981467074890517));
#4720=CARTESIAN_POINT('',(10.9556235764646,-3.50453423452334,0.98386802018145));
#4721=CARTESIAN_POINT('',(10.928959290571,-3.50452470306842,0.986385303890562));
#4722=CARTESIAN_POINT('',(10.910645734988,-3.50451393751066,0.989228517590569));
#4723=CARTESIAN_POINT('',(10.9014921248178,-3.50450640102635,0.991218924024922));
#4724=CARTESIAN_POINT('',(11.3409034365662,-3.51372693350846,0.984995018744504));
#4725=CARTESIAN_POINT('',(11.3225900612492,-3.51455092449312,0.981939317148088));
#4726=CARTESIAN_POINT('',(11.2951487932008,-3.51494352956041,0.980483374118131));
#4727=CARTESIAN_POINT('',(11.2615991001933,-3.51557244103187,0.978151108567719));
#4728=CARTESIAN_POINT('',(11.2390469703921,-3.51658528397996,0.974395065272319));
#4729=CARTESIAN_POINT('',(11.2165806088008,-3.51788964673116,0.969557945188063));
#4730=CARTESIAN_POINT('',(11.1911297445115,-3.51778747846854,0.969945963209699));
#4731=CARTESIAN_POINT('',(11.1443349244936,-3.51389780507344,0.984403058952034));
#4732=CARTESIAN_POINT('',(11.1211977826954,-3.51396491792597,0.984154176555923));
#4733=CARTESIAN_POINT('',(11.0980606549448,-3.51369276177039,0.985163444878735));
#4734=CARTESIAN_POINT('',(11.0512657612414,-3.51742185532822,0.971300005230038));
#4735=CARTESIAN_POINT('',(11.0258151544714,-3.51703435798946,0.972729711896753));
#4736=CARTESIAN_POINT('',(11.0033478259376,-3.51556831385179,0.978166413869597));
#4737=CARTESIAN_POINT('',(10.9807993028701,-3.5144247301748,0.982407298214778));
#4738=CARTESIAN_POINT('',(10.9556235764646,-3.51379326758833,0.984749024361652));
#4739=CARTESIAN_POINT('',(10.928959290571,-3.51313120732071,0.987204219447946));
#4740=CARTESIAN_POINT('',(10.910645734988,-3.51238342556838,0.989977305485193));
#4741=CARTESIAN_POINT('',(10.9014921248178,-3.51185993709077,0.991918618687051));
#4742=CARTESIAN_POINT('',(11.3409034365662,-3.5251773286276,0.989804195892904));
#4743=CARTESIAN_POINT('',(11.3225900612492,-3.52701279879016,0.987173316540419));
#4744=CARTESIAN_POINT('',(11.2951487932008,-3.52788734098794,0.985919787576602));
#4745=CARTESIAN_POINT('',(11.2615991001933,-3.52928826437457,0.983911767785578));
#4746=CARTESIAN_POINT('',(11.2390469703921,-3.53154440921741,0.980677912501909));
#4747=CARTESIAN_POINT('',(11.2165806088008,-3.53444992512178,0.9765132783079));
#4748=CARTESIAN_POINT('',(11.1911297445115,-3.53422076020731,0.976847957611551));
#4749=CARTESIAN_POINT('',(11.1443349244936,-3.52555073253951,0.989297299884223));
#4750=CARTESIAN_POINT('',(11.1211977826954,-3.52570022888188,0.98908301863441));
#4751=CARTESIAN_POINT('',(11.0980606549448,-3.52509399105594,0.989951972328948));
#4752=CARTESIAN_POINT('',(11.0512657612414,-3.53340663988168,0.978013630375442));
#4753=CARTESIAN_POINT('',(11.0258151544714,-3.53254473805664,0.979244086693952));
#4754=CARTESIAN_POINT('',(11.0033478259376,-3.52927907092945,0.983924945251183));
#4755=CARTESIAN_POINT('',(10.9807993028701,-3.5267316963142,0.987576236029406));
#4756=CARTESIAN_POINT('',(10.9556235764646,-3.52532509022526,0.989592401147165));
#4757=CARTESIAN_POINT('',(10.928959290571,-3.5238503266785,0.9917062600614));
#4758=CARTESIAN_POINT('',(10.910645734988,-3.52218461537817,0.994093814790759));
#4759=CARTESIAN_POINT('',(10.9014921248178,-3.52101852557987,0.995765234809475));
#4760=CARTESIAN_POINT('',(11.3409034365662,-3.53533435794992,1.00073257706872));
#4761=CARTESIAN_POINT('',(11.3225900612492,-3.5380670568598,0.999067064403824));
#4762=CARTESIAN_POINT('',(11.2951487932008,-3.53936909955122,0.99827350145951));
#4763=CARTESIAN_POINT('',(11.2615991001933,-3.54145483316298,0.997002298205674));
#4764=CARTESIAN_POINT('',(11.2390469703921,-3.54481384421002,0.994955063722521));
#4765=CARTESIAN_POINT('',(11.2165806088008,-3.54913965691263,0.992318587447669));
#4766=CARTESIAN_POINT('',(11.1911297445115,-3.54879784010247,0.992532059770695));
#4767=CARTESIAN_POINT('',(11.1443349244936,-3.53588741740779,1.00041898012656));
#4768=CARTESIAN_POINT('',(11.1211977826954,-3.53610999171064,1.00028332657214));
#4769=CARTESIAN_POINT('',(11.0980606549448,-3.53520740801308,1.00083342910044));
#4770=CARTESIAN_POINT('',(11.0512657612414,-3.54758588205903,0.993269681961094));
#4771=CARTESIAN_POINT('',(11.0258151544714,-3.54630316154365,0.994047361497345));
#4772=CARTESIAN_POINT('',(11.0033478259376,-3.54144114570679,0.997010640373034));
#4773=CARTESIAN_POINT('',(10.9807993028701,-3.53764854369336,0.999322137868591));
#4774=CARTESIAN_POINT('',(10.9556235764646,-3.53555434951671,1.0005984976283));
#4775=CARTESIAN_POINT('',(10.928959290571,-3.53335868062557,1.00193670372664));
#4776=CARTESIAN_POINT('',(10.910645734988,-3.53087872342037,1.00344817654889));
#4777=CARTESIAN_POINT('',(10.9014921248178,-3.52914261657123,1.00450629090405));
#4778=CARTESIAN_POINT('',(11.3409034365662,-3.53839404148858,1.00932231345943));
#4779=CARTESIAN_POINT('',(11.3225900612492,-3.54139701982184,1.00841558155383));
#4780=CARTESIAN_POINT('',(11.2951487932008,-3.54282784192128,1.00798355311248));
#4781=CARTESIAN_POINT('',(11.2615991001933,-3.54511986641854,1.00729148959772));
#4782=CARTESIAN_POINT('',(11.2390469703921,-3.54881110271207,1.00617694218946));
#4783=CARTESIAN_POINT('',(11.2165806088008,-3.55356476282909,1.00474160206439));
#4784=CARTESIAN_POINT('',(11.1911297445115,-3.55318901098341,1.00485980538137));
#4785=CARTESIAN_POINT('',(11.1443349244936,-3.53900122002981,1.00916065009272));
#4786=CARTESIAN_POINT('',(11.1211977826954,-3.53924580819377,1.00908679811399));
#4787=CARTESIAN_POINT('',(11.0980606549448,-3.53825395384862,1.00938628278575));
#4788=CARTESIAN_POINT('',(11.0512657612414,-3.55185720908822,1.00526097869348));
#4789=CARTESIAN_POINT('',(11.0258151544714,-3.55044772197813,1.00568277448621));
#4790=CARTESIAN_POINT('',(11.0033478259376,-3.54510482519528,1.00729603120792));
#4791=CARTESIAN_POINT('',(10.9807993028701,-3.54093711332924,1.00855444765414));
#4792=CARTESIAN_POINT('',(10.9556235764646,-3.53863579146922,1.0092493184537));
#4793=CARTESIAN_POINT('',(10.928959290571,-3.53622295846985,1.00997785939559));
#4794=CARTESIAN_POINT('',(10.910645734988,-3.53349771942953,1.01080072953116));
#4795=CARTESIAN_POINT('',(10.9014921248178,-3.53158990176497,1.01137678401925));
#4796=CARTESIAN_POINT('',(11.3409034365662,-3.53912094704424,1.01340534867467));
#4797=CARTESIAN_POINT('',(11.3225900612492,-3.54218813712096,1.01285929472472));
#4798=CARTESIAN_POINT('',(11.2951487932008,-3.5436495540404,1.01259911766969));
#4799=CARTESIAN_POINT('',(11.2615991001933,-3.54599058817832,1.01218234175884));
#4800=CARTESIAN_POINT('',(11.2390469703921,-3.54976075301931,1.01151113673018));
#4801=CARTESIAN_POINT('',(11.2165806088008,-3.55461605915906,1.01064674325293));
#4802=CARTESIAN_POINT('',(11.1911297445115,-3.55423224518357,1.01071966151238));
#4803=CARTESIAN_POINT('',(11.1443349244936,-3.53974098294862,1.01331590523541));
#4804=CARTESIAN_POINT('',(11.1211977826954,-3.53999080106454,1.01327142994514));
#4805=CARTESIAN_POINT('',(11.0980606549448,-3.53897773820915,1.01345178621909));
#4806=CARTESIAN_POINT('',(11.0512657612414,-3.55287197133678,1.01096090760953));
#4807=CARTESIAN_POINT('',(11.0258151544714,-3.55143236760163,1.01121353804127));
#4808=CARTESIAN_POINT('',(11.0033478259376,-3.5459752253333,1.01218507681667));
#4809=CARTESIAN_POINT('',(10.9807993028701,-3.54171839659213,1.01294292295277));
#4810=CARTESIAN_POINT('',(10.9556235764646,-3.53936786628887,1.01336138947244));
#4811=CARTESIAN_POINT('',(10.928959290571,-3.53690344043855,1.01380013289435));
#4812=CARTESIAN_POINT('',(10.910645734988,-3.53411992846693,1.01429568343697));
#4813=CARTESIAN_POINT('',(10.9014921248178,-3.53217131653586,1.01464259615358));
#4814=CARTESIAN_POINT('',(11.3409034365654,-3.53912094704297,1.01340534867222));
#4815=CARTESIAN_POINT('',(10.901492124819,-3.53217131653442,1.01464259615377));
#4816=CARTESIAN_POINT('',(11.3409034365662,-3.46967702955998,1.02576849686353));
#4817=CARTESIAN_POINT('',(10.9014921248191,-3.47662666007014,1.02453124938431));
#4818=CARTESIAN_POINT('',(11.3409034365654,-3.53912094704297,1.01340534867222));
#4819=CARTESIAN_POINT('',(11.3409034365658,-3.54076280481931,1.02262767895211));
#4820=CARTESIAN_POINT('',(11.340903436567,-3.53868259139573,1.03208523901323));
#4821=CARTESIAN_POINT('',(11.3409034365671,-3.52796220960124,1.04745009828298));
#4822=CARTESIAN_POINT('',(11.3409034365657,-3.5198033444749,1.05266694330136));
#4823=CARTESIAN_POINT('',(11.3409034365647,-3.50135823211357,1.05595073928553));
#4824=CARTESIAN_POINT('',(11.3409034365654,-3.4919006720545,1.05387052586258));
#4825=CARTESIAN_POINT('',(11.3409034365663,-3.47653581279036,1.04315014406827));
#4826=CARTESIAN_POINT('',(11.3409034365662,-3.47131896776978,1.0349912789424));
#4827=CARTESIAN_POINT('',(11.3409034365662,-3.46967702955998,1.02576849686353));
#4828=CARTESIAN_POINT('',(11.3409034365662,-3.53912094704424,1.01340534867467));
#4829=CARTESIAN_POINT('',(11.3225900612492,-3.54218813712096,1.01285929472472));
#4830=CARTESIAN_POINT('',(11.2951487932008,-3.5436495540404,1.01259911766969));
#4831=CARTESIAN_POINT('',(11.2615991001933,-3.54599058817832,1.01218234175884));
#4832=CARTESIAN_POINT('',(11.2390469703921,-3.54976075301931,1.01151113673018));
#4833=CARTESIAN_POINT('',(11.2165806088008,-3.55461605915906,1.01064674325293));
#4834=CARTESIAN_POINT('',(11.1911297445115,-3.55423224518357,1.01071966151238));
#4835=CARTESIAN_POINT('',(11.1443349244936,-3.53974098294862,1.01331590523541));
#4836=CARTESIAN_POINT('',(11.1211977826954,-3.53999080106454,1.01327142994514));
#4837=CARTESIAN_POINT('',(11.0980606549448,-3.53897773820915,1.01345178621909));
#4838=CARTESIAN_POINT('',(11.0512657612414,-3.55287197133678,1.01096090760953));
#4839=CARTESIAN_POINT('',(11.0258151544714,-3.55143236760163,1.01121353804127));
#4840=CARTESIAN_POINT('',(11.0033478259376,-3.5459752253333,1.01218507681667));
#4841=CARTESIAN_POINT('',(10.9807993028701,-3.54171839659213,1.01294292295277));
#4842=CARTESIAN_POINT('',(10.9556235764646,-3.53936786628887,1.01336138947244));
#4843=CARTESIAN_POINT('',(10.928959290571,-3.53690344043855,1.01380013289435));
#4844=CARTESIAN_POINT('',(10.910645734988,-3.53411992846693,1.01429568343697));
#4845=CARTESIAN_POINT('',(10.9014921248178,-3.53217131653586,1.01464259615358));
#4846=CARTESIAN_POINT('',(10.901492124819,-3.53217131653442,1.01464259615377));
#4847=CARTESIAN_POINT('',(10.9014921248189,-3.53348455502319,1.02201906886597));
#4848=CARTESIAN_POINT('',(10.9014921248182,-3.53182069811544,1.02958369011071));
#4849=CARTESIAN_POINT('',(10.9014921248173,-3.52324601018292,1.0418732592566));
#4850=CARTESIAN_POINT('',(10.901492124818,-3.51672014906899,1.04604594816655));
#4851=CARTESIAN_POINT('',(10.9014921248192,-3.5019668421335,1.04867248950263));
#4852=CARTESIAN_POINT('',(10.9014921248189,-3.49440222101699,1.04700863262233));
#4853=CARTESIAN_POINT('',(10.9014921248173,-3.48211265181409,1.03843394465108));
#4854=CARTESIAN_POINT('',(10.9014921248181,-3.47793996290683,1.03190808353799));
#4855=CARTESIAN_POINT('',(10.9014921248191,-3.47662666007014,1.02453124938431));
#4856=CARTESIAN_POINT('',(11.3409034365662,-3.46967702955992,1.02576849686355));
#4857=CARTESIAN_POINT('',(11.3225900612492,-3.4666098394832,1.02631455081349));
#4858=CARTESIAN_POINT('',(11.2951487932008,-3.46514842256376,1.02657472786852));
#4859=CARTESIAN_POINT('',(11.2615991001933,-3.46280738842584,1.02699150377937));
#4860=CARTESIAN_POINT('',(11.2390469703921,-3.45903722358485,1.02766270880803));
#4861=CARTESIAN_POINT('',(11.2165806088008,-3.45418191744509,1.02852710228528));
#4862=CARTESIAN_POINT('',(11.1911297445115,-3.45456830789659,1.02846290052311));
#4863=CARTESIAN_POINT('',(11.1443349244936,-3.46906875504859,1.02589773036881));
#4864=CARTESIAN_POINT('',(11.1211977826954,-3.46881893693267,1.02594220565908));
#4865=CARTESIAN_POINT('',(11.0980606549448,-3.46983199978806,1.02576184938513));
#4866=CARTESIAN_POINT('',(11.0512657612414,-3.45592806259072,1.0282198980763));
#4867=CARTESIAN_POINT('',(11.0258151544714,-3.45736560900253,1.02796030749694));
#4868=CARTESIAN_POINT('',(11.0033478259376,-3.46282275127086,1.02698876872155));
#4869=CARTESIAN_POINT('',(10.9807993028701,-3.46707958001203,1.02623092258544));
#4870=CARTESIAN_POINT('',(10.9556235764646,-3.46943011031529,1.02581245606577));
#4871=CARTESIAN_POINT('',(10.928959290571,-3.47189453616561,1.02537371264386));
#4872=CARTESIAN_POINT('',(10.910645734988,-3.47467804813723,1.02487816210124));
#4873=CARTESIAN_POINT('',(10.9014921248178,-3.4766266600683,1.02453124938463));
#4874=CARTESIAN_POINT('',(11.3409034365662,-3.46967702955998,1.02576849686353));
#4875=CARTESIAN_POINT('',(11.3409034365662,-3.4680351717847,1.01654616658606));
#4876=CARTESIAN_POINT('',(11.3409034365662,-3.47011538520963,1.00708860652428));
#4877=CARTESIAN_POINT('',(11.3409034365652,-3.48083576699955,0.991723747257196));
#4878=CARTESIAN_POINT('',(11.3409034365649,-3.48899463212426,0.986506902239566));
#4879=CARTESIAN_POINT('',(11.3409034365661,-3.50743974448412,0.983223106252128));
#4880=CARTESIAN_POINT('',(11.3409034365666,-3.51689730454536,0.985303319674613));
#4881=CARTESIAN_POINT('',(11.3409034365658,-3.53226216381369,0.996023701467727));
#4882=CARTESIAN_POINT('',(11.3409034365651,-3.5374790088324,1.0041825665925));
#4883=CARTESIAN_POINT('',(11.3409034365654,-3.53912094704297,1.01340534867222));
#4884=CARTESIAN_POINT('',(10.9014921248191,-3.47662666007014,1.02453124938431));
#4885=CARTESIAN_POINT('',(10.9014921248201,-3.47531342156869,1.0171547766023));
#4886=CARTESIAN_POINT('',(10.9014921248195,-3.47697727844663,1.00959015548499));
#4887=CARTESIAN_POINT('',(10.9014921248188,-3.48555196641865,0.997300586283038));
#4888=CARTESIAN_POINT('',(10.9014921248192,-3.49207782753159,0.993127897373892));
#4889=CARTESIAN_POINT('',(10.9014921248179,-3.50683113446468,0.990501356035121));
#4890=CARTESIAN_POINT('',(10.9014921248175,-3.51439575558324,0.992165212914997));
#4891=CARTESIAN_POINT('',(10.9014921248184,-3.52668532473075,1.00073990084459));
#4892=CARTESIAN_POINT('',(10.901492124819,-3.53085801371024,1.00726576206895));
#4893=CARTESIAN_POINT('',(10.901492124819,-3.53217131653442,1.01464259615377));
#4894=CARTESIAN_POINT('',(10.5089633424258,-3.70188710829269,1.55071450061389));
#4895=CARTESIAN_POINT('',(10.7086932313006,-3.50215721941791,1.5491849867017));
#4896=CARTESIAN_POINT('',(10.5089633424258,-3.70188710829269,1.54765547278951));
#4897=CARTESIAN_POINT('',(10.7086932313006,-3.50215721941791,1.5491849867017));
#4898=CARTESIAN_POINT('',(10.8136269624358,-3.59303710482664,1.55071450061389));
#4899=CARTESIAN_POINT('',(10.8136269624358,-3.59303710482664,1.54765547278951));
#4900=CARTESIAN_POINT('',(10.6037595001654,-3.4112773340092,1.55071450061389));
#4901=CARTESIAN_POINT('',(10.6037595001654,-3.4112773340092,1.54765547278951));
#4902=CARTESIAN_POINT('',(10.7086932313006,-3.50215721941792,1.55071450061389));
#4903=CARTESIAN_POINT('',(10.8136269624358,-3.59303710482664,1.55071450061389));
#4904=CARTESIAN_POINT('',(10.6037595001654,-3.41127733400919,1.55071450061389));
#4905=CARTESIAN_POINT('',(10.8136269624358,-3.59303710482664,1.55071450061389));
#4906=CARTESIAN_POINT('',(10.8136269624358,-3.59303710482664,1.54765547278951));
#4907=CARTESIAN_POINT('',(10.7086932313006,-3.50215721941792,1.54765547278951));
#4908=CARTESIAN_POINT('',(10.8136269624358,-3.59303710482664,1.54765547278951));
#4909=CARTESIAN_POINT('',(10.6037595001654,-3.41127733400919,1.54765547278951));
#4910=CARTESIAN_POINT('',(10.6037595001654,-3.41127733400919,1.55071450061389));
#4911=CARTESIAN_POINT('',(10.6037595001654,-3.41127733400919,1.54765547278951));
#4912=CARTESIAN_POINT('',(10.7086932313006,-3.50215721941791,1.55071450061389));
#4913=CARTESIAN_POINT('',(10.6037595001654,-3.4112773340092,1.55071450061389));
#4914=CARTESIAN_POINT('',(10.8136269624358,-3.59303710482663,1.55071450061389));
#4915=CARTESIAN_POINT('',(10.7086932313006,-3.50215721941791,1.54765547278951));
#4916=CARTESIAN_POINT('',(10.6037595001654,-3.4112773340092,1.54765547278951));
#4917=CARTESIAN_POINT('',(10.8136269624358,-3.59303710482663,1.54765547278951));
#4918=CARTESIAN_POINT('',(10.7086932313006,-3.50215721941792,1.48469630134773));
#4919=CARTESIAN_POINT('',(10.9007049948422,-3.66689834893396,1.48469630134773));
#4920=CARTESIAN_POINT('',(10.9007049948422,-3.66689834893396,1.68613356127308));
#4921=CARTESIAN_POINT('',(10.9007049948422,-3.66689834893396,1.88757082119843));
#4922=CARTESIAN_POINT('',(10.7086932313006,-3.50215721941792,1.88757082119843));
#4923=CARTESIAN_POINT('',(10.7086932313006,-3.50215721941792,1.48469630134773));
#4924=CARTESIAN_POINT('',(11.0670004927627,-3.47668132440981,1.48469630134773));
#4925=CARTESIAN_POINT('',(11.0670004927627,-3.47668132440981,1.68613356127308));
#4926=CARTESIAN_POINT('',(11.0670004927627,-3.47668132440981,1.88757082119843));
#4927=CARTESIAN_POINT('',(10.7086932313006,-3.50215721941792,1.88757082119843));
#4928=CARTESIAN_POINT('',(10.7086932313006,-3.50215721941792,1.48469630134773));
#4929=CARTESIAN_POINT('',(10.8749887292211,-3.31194019489377,1.48469630134773));
#4930=CARTESIAN_POINT('',(10.8749887292211,-3.31194019489377,1.68613356127308));
#4931=CARTESIAN_POINT('',(10.8749887292211,-3.31194019489377,1.88757082119843));
#4932=CARTESIAN_POINT('',(10.7086932313006,-3.50215721941792,1.88757082119843));
#4933=CARTESIAN_POINT('',(10.7086932313006,-3.50215721941792,1.48469630134773));
#4934=CARTESIAN_POINT('',(10.6829769656796,-3.14719906537773,1.48469630134773));
#4935=CARTESIAN_POINT('',(10.6829769656796,-3.14719906537773,1.68613356127308));
#4936=CARTESIAN_POINT('',(10.6829769656796,-3.14719906537773,1.88757082119843));
#4937=CARTESIAN_POINT('',(10.7086932313006,-3.50215721941792,1.88757082119843));
#4938=CARTESIAN_POINT('',(10.7086932313006,-3.50215721941792,1.48469630134773));
#4939=CARTESIAN_POINT('',(10.5166814677591,-3.33741608990187,1.48469630134773));
#4940=CARTESIAN_POINT('',(10.5166814677591,-3.33741608990187,1.68613356127308));
#4941=CARTESIAN_POINT('',(10.5166814677591,-3.33741608990187,1.88757082119843));
#4942=CARTESIAN_POINT('',(10.7086932313006,-3.50215721941792,1.88757082119843));
#4943=CARTESIAN_POINT('',(10.7086932313006,-3.50215721941792,1.51833609201944));
#4944=CARTESIAN_POINT('',(10.7086932313006,-3.50215721941792,1.51833609201944));
#4945=CARTESIAN_POINT('',(10.7086932313006,-3.50215721941792,1.51833609201944));
#4946=CARTESIAN_POINT('',(10.7086932313006,-3.50215721941792,1.51833609201944));
#4947=CARTESIAN_POINT('',(10.7086932313006,-3.50215721941792,1.51833609201944));
#4948=CARTESIAN_POINT('',(10.8686392512233,-3.63938676982494,1.51833609201944));
#4949=CARTESIAN_POINT('',(11.0071635922994,-3.48093576956839,1.51833609201944));
#4950=CARTESIAN_POINT('',(10.8472175723767,-3.34370621916137,1.51833609201944));
#4951=CARTESIAN_POINT('',(10.687271552454,-3.20647666875436,1.51833609201944));
#4952=CARTESIAN_POINT('',(10.5487472113779,-3.3649276690109,1.51833609201944));
#4953=CARTESIAN_POINT('',(10.8686392512233,-3.63938676982494,1.68613356127308));
#4954=CARTESIAN_POINT('',(11.0071635922994,-3.48093576956839,1.68613356127308));
#4955=CARTESIAN_POINT('',(10.8472175723767,-3.34370621916137,1.68613356127308));
#4956=CARTESIAN_POINT('',(10.687271552454,-3.20647666875435,1.68613356127308));
#4957=CARTESIAN_POINT('',(10.5487472113779,-3.3649276690109,1.68613356127308));
#4958=CARTESIAN_POINT('',(10.8686392512233,-3.63938676982494,1.85393103052672));
#4959=CARTESIAN_POINT('',(11.0071635922994,-3.48093576956839,1.85393103052672));
#4960=CARTESIAN_POINT('',(10.8472175723767,-3.34370621916137,1.85393103052672));
#4961=CARTESIAN_POINT('',(10.687271552454,-3.20647666875435,1.85393103052672));
#4962=CARTESIAN_POINT('',(10.5487472113779,-3.3649276690109,1.85393103052672));
#4963=CARTESIAN_POINT('',(10.7086932313006,-3.50215721941792,1.85393103052672));
#4964=CARTESIAN_POINT('',(10.7086932313006,-3.50215721941792,1.85393103052672));
#4965=CARTESIAN_POINT('',(10.7086932313006,-3.50215721941792,1.85393103052672));
#4966=CARTESIAN_POINT('',(10.7086932313006,-3.50215721941792,1.85393103052672));
#4967=CARTESIAN_POINT('',(10.7086932313006,-3.50215721941792,1.85393103052672));
#4968=CARTESIAN_POINT('',(10.9007049948422,-3.66689834893396,1.68613356127308));
#4969=CARTESIAN_POINT('',(10.900371100496,-3.6666118762163,1.67425930182676));
#4970=CARTESIAN_POINT('',(10.7343647782256,-3.85649812731354,1.67425930182676));
#4971=CARTESIAN_POINT('',(10.5426869090302,-3.69204347051516,1.67425930182676));
#4972=CARTESIAN_POINT('',(10.3510090398348,-3.52758881371678,1.67425930182676));
#4973=CARTESIAN_POINT('',(10.5170153621053,-3.33770256261953,1.67425930182676));
#4974=CARTESIAN_POINT('',(10.9010394708175,-3.6671853206744,1.68613356127308));
#4975=CARTESIAN_POINT('',(10.7344542935157,-3.85773369481809,1.68613356127308));
#4976=CARTESIAN_POINT('',(10.5421080539989,-3.6927055935616,1.68613356127308));
#4977=CARTESIAN_POINT('',(10.349761814482,-3.52767749230512,1.68613356127308));
#4978=CARTESIAN_POINT('',(10.5163469917838,-3.33712911816143,1.68613356127308));
#4979=CARTESIAN_POINT('',(10.889701105947,-3.65745729671806,1.68613356127308));
#4980=CARTESIAN_POINT('',(10.7329357386244,-3.8367732859867,1.68613356127308));
#4981=CARTESIAN_POINT('',(10.551927863978,-3.68147320868656,1.68613356127308));
#4982=CARTESIAN_POINT('',(10.3709199893317,-3.52617313138641,1.68613356127308));
#4983=CARTESIAN_POINT('',(10.5276853566543,-3.34685714211777,1.68613356127308));
#4984=CARTESIAN_POINT('',(10.868325145385,-3.63911727513492,1.67562269850732));
#4985=CARTESIAN_POINT('',(10.8689539751624,-3.63965679482832,1.6861335612742));
#4986=CARTESIAN_POINT('',(10.8789927361347,-3.648269792236,1.68613356127308));
#4987=CARTESIAN_POINT('',(10.73007284174,-3.7972571055087,1.67562269850732));
#4988=CARTESIAN_POINT('',(10.7301570613382,-3.79841957729094,1.6861335612742));
#4989=CARTESIAN_POINT('',(10.7315015593982,-3.81697750310743,1.68613356127308));
#4990=CARTESIAN_POINT('',(10.5704409276556,-3.66029704979169,1.67562269850732));
#4991=CARTESIAN_POINT('',(10.5698963174765,-3.66092000188053,1.6861335612742));
#4992=CARTESIAN_POINT('',(10.5612020545641,-3.67086493028934,1.68613356127308));
#4993=CARTESIAN_POINT('',(10.4108090135712,-3.52333699407469,1.67562269850732));
#4994=CARTESIAN_POINT('',(10.4096355736147,-3.52342042647013,1.68613356127421));
#4995=CARTESIAN_POINT('',(10.39090254973,-3.52475235747125,1.68613356127308));
#4996=CARTESIAN_POINT('',(10.5490613172162,-3.36519716370091,1.67562269850732));
#4997=CARTESIAN_POINT('',(10.5484324874389,-3.36465764400752,1.6861335612742));
#4998=CARTESIAN_POINT('',(10.5383937264665,-3.35604464659983,1.68613356127308));
#4999=CARTESIAN_POINT('',(10.5177712303037,-3.69129466743673,1.54779709881935));
#5000=CARTESIAN_POINT('',(10.850183751182,-3.62355242787364,1.54995824545947));
#5001=CARTESIAN_POINT('',(10.850183751182,-3.62355242787364,1.54779709881935));
#5002=CARTESIAN_POINT('',(10.7276431525191,-3.76372043213446,1.54995824545947));
#5003=CARTESIAN_POINT('',(10.7276431525191,-3.76372043213446,1.54779709881935));
#5004=CARTESIAN_POINT('',(10.5861526326377,-3.64232522367873,1.54995824545947));
#5005=CARTESIAN_POINT('',(10.5861526326377,-3.64232522367873,1.54779709881935));
#5006=CARTESIAN_POINT('',(10.4446621127563,-3.52093001522301,1.54995824545947));
#5007=CARTESIAN_POINT('',(10.4446621127563,-3.52093001522301,1.54779709881935));
#5008=CARTESIAN_POINT('',(10.5672027114192,-3.38076201096219,1.54995824545947));
#5009=CARTESIAN_POINT('',(10.5672027114192,-3.38076201096219,1.54779709881935));
#5010=CARTESIAN_POINT('',(10.8021479217506,-3.5823389279723,1.54995824545947));
#5011=CARTESIAN_POINT('',(10.8021479217506,-3.5823389279723,1.54779709881935));
#5012=CARTESIAN_POINT('',(10.8830861621726,-3.48975776097847,1.54995824545947));
#5013=CARTESIAN_POINT('',(10.8830861621726,-3.48975776097847,1.54779709881935));
#5014=CARTESIAN_POINT('',(10.7896314717227,-3.40957605242408,1.54995824545947));
#5015=CARTESIAN_POINT('',(10.7896314717227,-3.40957605242408,1.54779709881935));
#5016=CARTESIAN_POINT('',(10.6961767812727,-3.3293943438697,1.54995824545947));
#5017=CARTESIAN_POINT('',(10.6961767812727,-3.3293943438697,1.54779709881935));
#5018=CARTESIAN_POINT('',(10.6152385408507,-3.42197551086353,1.54995824545947));
#5019=CARTESIAN_POINT('',(10.6152385408507,-3.42197551086353,1.54779709881935));
#5020=CARTESIAN_POINT('',(10.7086932313006,-3.50215721941792,1.48469630134773));
#5021=CARTESIAN_POINT('',(10.5166814677591,-3.33741608990187,1.48469630134773));
#5022=CARTESIAN_POINT('',(10.5166814677591,-3.33741608990187,1.68613356127308));
#5023=CARTESIAN_POINT('',(10.5166814677591,-3.33741608990187,1.88757082119843));
#5024=CARTESIAN_POINT('',(10.7086932313006,-3.50215721941792,1.88757082119843));
#5025=CARTESIAN_POINT('',(10.7086932313006,-3.50215721941792,1.48469630134773));
#5026=CARTESIAN_POINT('',(10.3503859698386,-3.52763311442602,1.48469630134773));
#5027=CARTESIAN_POINT('',(10.3503859698386,-3.52763311442602,1.68613356127308));
#5028=CARTESIAN_POINT('',(10.3503859698386,-3.52763311442602,1.88757082119843));
#5029=CARTESIAN_POINT('',(10.7086932313006,-3.50215721941792,1.88757082119843));
#5030=CARTESIAN_POINT('',(10.7086932313006,-3.50215721941792,1.48469630134773));
#5031=CARTESIAN_POINT('',(10.5423977333801,-3.69237424394206,1.48469630134773));
#5032=CARTESIAN_POINT('',(10.5423977333801,-3.69237424394206,1.68613356127308));
#5033=CARTESIAN_POINT('',(10.5423977333801,-3.69237424394206,1.88757082119843));
#5034=CARTESIAN_POINT('',(10.7086932313006,-3.50215721941792,1.88757082119843));
#5035=CARTESIAN_POINT('',(10.7086932313006,-3.50215721941792,1.48469630134773));
#5036=CARTESIAN_POINT('',(10.7344094969217,-3.8571153734581,1.48469630134773));
#5037=CARTESIAN_POINT('',(10.7344094969217,-3.8571153734581,1.68613356127308));
#5038=CARTESIAN_POINT('',(10.7344094969217,-3.8571153734581,1.88757082119843));
#5039=CARTESIAN_POINT('',(10.7086932313006,-3.50215721941792,1.88757082119843));
#5040=CARTESIAN_POINT('',(10.7086932313006,-3.50215721941792,1.48469630134773));
#5041=CARTESIAN_POINT('',(10.9007049948422,-3.66689834893396,1.48469630134773));
#5042=CARTESIAN_POINT('',(10.9007049948422,-3.66689834893396,1.68613356127308));
#5043=CARTESIAN_POINT('',(10.9007049948422,-3.66689834893396,1.88757082119843));
#5044=CARTESIAN_POINT('',(10.7086932313006,-3.50215721941792,1.88757082119843));
#5045=CARTESIAN_POINT('',(10.7086932313006,-3.50215721941792,1.51833609201944));
#5046=CARTESIAN_POINT('',(10.7086932313006,-3.50215721941792,1.51833609201944));
#5047=CARTESIAN_POINT('',(10.7086932313006,-3.50215721941792,1.51833609201944));
#5048=CARTESIAN_POINT('',(10.7086932313006,-3.50215721941792,1.51833609201944));
#5049=CARTESIAN_POINT('',(10.7086932313006,-3.50215721941792,1.51833609201944));
#5050=CARTESIAN_POINT('',(10.5487472113779,-3.3649276690109,1.51833609201944));
#5051=CARTESIAN_POINT('',(10.4102228703018,-3.52337866926744,1.51833609201944));
#5052=CARTESIAN_POINT('',(10.5701688902245,-3.66060821967446,1.51833609201944));
#5053=CARTESIAN_POINT('',(10.7301149101472,-3.79783777008148,1.51833609201944));
#5054=CARTESIAN_POINT('',(10.8686392512233,-3.63938676982494,1.51833609201944));
#5055=CARTESIAN_POINT('',(10.5487472113779,-3.3649276690109,1.68613356127308));
#5056=CARTESIAN_POINT('',(10.4102228703018,-3.52337866926744,1.68613356127308));
#5057=CARTESIAN_POINT('',(10.5701688902245,-3.66060821967446,1.68613356127308));
#5058=CARTESIAN_POINT('',(10.7301149101472,-3.79783777008148,1.68613356127308));
#5059=CARTESIAN_POINT('',(10.8686392512233,-3.63938676982494,1.68613356127308));
#5060=CARTESIAN_POINT('',(10.5487472113779,-3.3649276690109,1.85393103052672));
#5061=CARTESIAN_POINT('',(10.4102228703018,-3.52337866926744,1.85393103052672));
#5062=CARTESIAN_POINT('',(10.5701688902245,-3.66060821967446,1.85393103052672));
#5063=CARTESIAN_POINT('',(10.7301149101472,-3.79783777008148,1.85393103052672));
#5064=CARTESIAN_POINT('',(10.8686392512233,-3.63938676982494,1.85393103052672));
#5065=CARTESIAN_POINT('',(10.7086932313006,-3.50215721941792,1.85393103052672));
#5066=CARTESIAN_POINT('',(10.7086932313006,-3.50215721941792,1.85393103052672));
#5067=CARTESIAN_POINT('',(10.7086932313006,-3.50215721941792,1.85393103052672));
#5068=CARTESIAN_POINT('',(10.7086932313006,-3.50215721941792,1.85393103052672));
#5069=CARTESIAN_POINT('',(10.7086932313006,-3.50215721941792,1.85393103052672));
#5070=CARTESIAN_POINT('',(10.5166814677591,-3.33741608990187,1.68613356127308));
#5071=CARTESIAN_POINT('',(10.5170153621053,-3.33770256261953,1.67425930182676));
#5072=CARTESIAN_POINT('',(10.6830216843757,-3.14781631152229,1.67425930182676));
#5073=CARTESIAN_POINT('',(10.874699553571,-3.31227096832067,1.67425930182676));
#5074=CARTESIAN_POINT('',(11.0663774227664,-3.47672562511905,1.67425930182676));
#5075=CARTESIAN_POINT('',(10.900371100496,-3.6666118762163,1.67425930182676));
#5076=CARTESIAN_POINT('',(10.5163469917838,-3.33712911816143,1.68613356127308));
#5077=CARTESIAN_POINT('',(10.6829321690856,-3.14658074401775,1.68613356127308));
#5078=CARTESIAN_POINT('',(10.8752784086024,-3.31160884527423,1.68613356127308));
#5079=CARTESIAN_POINT('',(11.0676246481192,-3.47663694653071,1.68613356127308));
#5080=CARTESIAN_POINT('',(10.9010394708175,-3.6671853206744,1.68613356127308));
#5081=CARTESIAN_POINT('',(10.5276853566543,-3.34685714211777,1.68613356127308));
#5082=CARTESIAN_POINT('',(10.6844507239769,-3.16754115284913,1.68613356127308));
#5083=CARTESIAN_POINT('',(10.8654585986232,-3.32284123014928,1.68613356127308));
#5084=CARTESIAN_POINT('',(11.0464664732696,-3.47814130744942,1.68613356127308));
#5085=CARTESIAN_POINT('',(10.889701105947,-3.65745729671806,1.68613356127308));
#5086=CARTESIAN_POINT('',(10.5490613172162,-3.36519716370091,1.67562269850732));
#5087=CARTESIAN_POINT('',(10.5484324874389,-3.36465764400752,1.6861335612742));
#5088=CARTESIAN_POINT('',(10.5383937264665,-3.35604464659983,1.68613356127308));
#5089=CARTESIAN_POINT('',(10.6873136208613,-3.20705733332714,1.67562269850732));
#5090=CARTESIAN_POINT('',(10.687229401263,-3.2058948615449,1.68613356127421));
#5091=CARTESIAN_POINT('',(10.6858849032031,-3.1873369357284,1.68613356127308));
#5092=CARTESIAN_POINT('',(10.8469455349457,-3.34401738904414,1.67562269850732));
#5093=CARTESIAN_POINT('',(10.8474901451248,-3.3433944369553,1.6861335612742));
#5094=CARTESIAN_POINT('',(10.8561844080372,-3.33344950854649,1.68613356127308));
#5095=CARTESIAN_POINT('',(11.0065774490301,-3.48097744476115,1.67562269850732));
#5096=CARTESIAN_POINT('',(11.0077508889865,-3.4808940123657,1.68613356127421));
#5097=CARTESIAN_POINT('',(11.0264839128713,-3.47956208136458,1.68613356127308));
#5098=CARTESIAN_POINT('',(10.868325145385,-3.63911727513492,1.67562269850732));
#5099=CARTESIAN_POINT('',(10.8689539751624,-3.63965679482832,1.6861335612742));
#5100=CARTESIAN_POINT('',(10.8789927361347,-3.648269792236,1.68613356127308));
#5101=CARTESIAN_POINT('',(10.5672027114192,-3.38076201096219,1.54995824545947));
#5102=CARTESIAN_POINT('',(10.5672027114192,-3.38076201096219,1.54779709881935));
#5103=CARTESIAN_POINT('',(10.6897433100822,-3.24059400670137,1.54995824545947));
#5104=CARTESIAN_POINT('',(10.6897433100822,-3.24059400670137,1.54779709881935));
#5105=CARTESIAN_POINT('',(10.8312338299636,-3.3619892151571,1.54995824545947));
#5106=CARTESIAN_POINT('',(10.8312338299636,-3.3619892151571,1.54779709881935));
#5107=CARTESIAN_POINT('',(10.972724349845,-3.48338442361282,1.54995824545947));
#5108=CARTESIAN_POINT('',(10.972724349845,-3.48338442361282,1.54779709881935));
#5109=CARTESIAN_POINT('',(10.850183751182,-3.62355242787364,1.54995824545947));
#5110=CARTESIAN_POINT('',(10.850183751182,-3.62355242787364,1.54779709881935));
#5111=CARTESIAN_POINT('',(10.6152385408507,-3.42197551086353,1.54995824545947));
#5112=CARTESIAN_POINT('',(10.6152385408507,-3.42197551086353,1.54779709881935));
#5113=CARTESIAN_POINT('',(10.5343003004286,-3.51455667785736,1.54995824545947));
#5114=CARTESIAN_POINT('',(10.5343003004286,-3.51455667785736,1.54779709881935));
#5115=CARTESIAN_POINT('',(10.6277549908786,-3.59473838641175,1.54995824545947));
#5116=CARTESIAN_POINT('',(10.6277549908786,-3.59473838641175,1.54779709881935));
#5117=CARTESIAN_POINT('',(10.7212096813286,-3.67492009496613,1.54995824545947));
#5118=CARTESIAN_POINT('',(10.7212096813286,-3.67492009496613,1.54779709881935));
#5119=CARTESIAN_POINT('',(10.8021479217506,-3.5823389279723,1.54995824545947));
#5120=CARTESIAN_POINT('',(10.8021479217506,-3.5823389279723,1.54779709881935));
#5121=CARTESIAN_POINT('',(10.850183751182,-3.62355242787364,1.54995824545947));
#5122=CARTESIAN_POINT('',(10.8021479217507,-3.58233892797224,1.54995824545947));
#5123=CARTESIAN_POINT('',(10.850183751182,-3.62355242787364,1.54779709881935));
#5124=CARTESIAN_POINT('',(10.8021479217506,-3.5823389279723,1.54779709881935));
#5125=CARTESIAN_POINT('',(10.900371100496,-3.6666118762163,1.67425930182676));
#5126=CARTESIAN_POINT('',(10.889701105947,-3.65745729671806,1.68613356127308));
#5127=CARTESIAN_POINT('',(10.8683251453849,-3.63911727513507,1.67562269850732));
#5128=CARTESIAN_POINT('',(10.8789927361347,-3.648269792236,1.68613356127308));
#5129=CARTESIAN_POINT('',(10.5672027114192,-3.38076201096219,1.54995824545947));
#5130=CARTESIAN_POINT('',(10.5170153621053,-3.33770256261953,1.67425930182676));
#5131=CARTESIAN_POINT('',(10.6152385408507,-3.42197551086353,1.54995824545947));
#5132=CARTESIAN_POINT('',(10.5490613172162,-3.36519716370091,1.67562269850732));
#5133=CARTESIAN_POINT('',(10.5276853566543,-3.34685714211777,1.68613356127308));
#5134=CARTESIAN_POINT('',(10.5383937264665,-3.35604464659983,1.68613356127308));
#5135=CARTESIAN_POINT('',(10.5672027114192,-3.38076201096219,1.54779709881935));
#5136=CARTESIAN_POINT('',(10.6152385408507,-3.42197551086353,1.54779709881935));
#5137=CARTESIAN_POINT('',(10.900371100496,-3.6666118762163,1.67425930182676));
#5138=CARTESIAN_POINT('',(10.7343647782256,-3.85649812731354,1.67425930182676));
#5139=CARTESIAN_POINT('',(10.5426869090302,-3.69204347051516,1.67425930182676));
#5140=CARTESIAN_POINT('',(10.3510090398348,-3.52758881371678,1.67425930182676));
#5141=CARTESIAN_POINT('',(10.5170153621053,-3.33770256261953,1.67425930182676));
#5142=CARTESIAN_POINT('',(10.868325145385,-3.63911727513492,1.67562269850732));
#5143=CARTESIAN_POINT('',(10.73007284174,-3.7972571055087,1.67562269850732));
#5144=CARTESIAN_POINT('',(10.5704409276556,-3.66029704979169,1.67562269850732));
#5145=CARTESIAN_POINT('',(10.4108090135712,-3.52333699407469,1.67562269850732));
#5146=CARTESIAN_POINT('',(10.5490613172162,-3.36519716370091,1.67562269850732));
#5147=CARTESIAN_POINT('',(10.889701105947,-3.65745729671806,1.68613356127308));
#5148=CARTESIAN_POINT('',(10.8789927361347,-3.648269792236,1.68613356127308));
#5149=CARTESIAN_POINT('',(10.900371100496,-3.6666118762163,1.67425930182676));
#5150=CARTESIAN_POINT('',(10.9010394708175,-3.6671853206744,1.68613356127308));
#5151=CARTESIAN_POINT('',(10.889701105947,-3.65745729671806,1.68613356127308));
#5152=CARTESIAN_POINT('',(10.889701105947,-3.65745729671806,1.68613356127308));
#5153=CARTESIAN_POINT('',(10.7329357386244,-3.8367732859867,1.68613356127308));
#5154=CARTESIAN_POINT('',(10.551927863978,-3.68147320868656,1.68613356127308));
#5155=CARTESIAN_POINT('',(10.3709199893317,-3.52617313138641,1.68613356127308));
#5156=CARTESIAN_POINT('',(10.5276853566543,-3.34685714211777,1.68613356127308));
#5157=CARTESIAN_POINT('',(10.8683251453849,-3.63911727513507,1.67562269850732));
#5158=CARTESIAN_POINT('',(10.8689539751623,-3.63965679482839,1.6861335612742));
#5159=CARTESIAN_POINT('',(10.8789927361347,-3.648269792236,1.68613356127308));
#5160=CARTESIAN_POINT('',(10.8789927361347,-3.648269792236,1.68613356127308));
#5161=CARTESIAN_POINT('',(10.7315015593982,-3.81697750310743,1.68613356127308));
#5162=CARTESIAN_POINT('',(10.5612020545641,-3.67086493028934,1.68613356127308));
#5163=CARTESIAN_POINT('',(10.39090254973,-3.52475235747125,1.68613356127308));
#5164=CARTESIAN_POINT('',(10.5383937264665,-3.35604464659983,1.68613356127308));
#5165=CARTESIAN_POINT('',(10.850183751182,-3.62355242787364,1.54995824545947));
#5166=CARTESIAN_POINT('',(10.972724349845,-3.48338442361282,1.54995824545947));
#5167=CARTESIAN_POINT('',(10.8312338299636,-3.3619892151571,1.54995824545947));
#5168=CARTESIAN_POINT('',(10.6897433100822,-3.24059400670137,1.54995824545947));
#5169=CARTESIAN_POINT('',(10.5672027114192,-3.38076201096219,1.54995824545947));
#5170=CARTESIAN_POINT('',(10.8021479217506,-3.5823389279723,1.54995824545947));
#5171=CARTESIAN_POINT('',(10.8830861621726,-3.48975776097847,1.54995824545947));
#5172=CARTESIAN_POINT('',(10.7896314717227,-3.40957605242408,1.54995824545947));
#5173=CARTESIAN_POINT('',(10.6961767812727,-3.3293943438697,1.54995824545947));
#5174=CARTESIAN_POINT('',(10.6152385408507,-3.42197551086353,1.54995824545947));
#5175=CARTESIAN_POINT('',(10.850183751182,-3.62355242787364,1.54995824545947));
#5176=CARTESIAN_POINT('',(10.8963458433777,-3.66315830966375,1.60274663014372));
#5177=CARTESIAN_POINT('',(10.900371100496,-3.6666118762163,1.67425930182676));
#5178=CARTESIAN_POINT('',(10.8021479217507,-3.58233892797224,1.54995824545947));
#5179=CARTESIAN_POINT('',(10.8635831872633,-3.63504879764885,1.59636106706187));
#5180=CARTESIAN_POINT('',(10.8683251453849,-3.63911727513507,1.67562269850732));
#5181=CARTESIAN_POINT('',(10.8021479217506,-3.5823389279723,1.54779709881935));
#5182=CARTESIAN_POINT('',(10.7212096813286,-3.67492009496613,1.54779709881935));
#5183=CARTESIAN_POINT('',(10.6277549908786,-3.59473838641175,1.54779709881935));
#5184=CARTESIAN_POINT('',(10.5343003004286,-3.51455667785736,1.54779709881935));
#5185=CARTESIAN_POINT('',(10.6152385408507,-3.42197551086353,1.54779709881935));
#5186=CARTESIAN_POINT('',(10.850183751182,-3.62355242787364,1.54995824545947));
#5187=CARTESIAN_POINT('',(10.850183751182,-3.62355242787364,1.54779709881935));
#5188=CARTESIAN_POINT('',(10.850183751182,-3.62355242787364,1.54779709881935));
#5189=CARTESIAN_POINT('',(10.972724349845,-3.48338442361282,1.54779709881935));
#5190=CARTESIAN_POINT('',(10.8312338299636,-3.3619892151571,1.54779709881935));
#5191=CARTESIAN_POINT('',(10.6897433100822,-3.24059400670137,1.54779709881935));
#5192=CARTESIAN_POINT('',(10.5672027114192,-3.38076201096219,1.54779709881935));
#5193=CARTESIAN_POINT('',(10.8021479217507,-3.58233892797224,1.54995824545947));
#5194=CARTESIAN_POINT('',(10.8021479217506,-3.5823389279723,1.54779709881935));
#5195=CARTESIAN_POINT('',(10.5672027114192,-3.38076201096219,1.54995824545947));
#5196=CARTESIAN_POINT('',(10.5210406192236,-3.34115612917208,1.60274663014372));
#5197=CARTESIAN_POINT('',(10.5170153621053,-3.33770256261954,1.67425930182676));
#5198=CARTESIAN_POINT('',(10.5170153621053,-3.33770256261953,1.67425930182676));
#5199=CARTESIAN_POINT('',(10.6830216843757,-3.14781631152229,1.67425930182676));
#5200=CARTESIAN_POINT('',(10.874699553571,-3.31227096832067,1.67425930182676));
#5201=CARTESIAN_POINT('',(11.0663774227664,-3.47672562511905,1.67425930182676));
#5202=CARTESIAN_POINT('',(10.900371100496,-3.6666118762163,1.67425930182676));
#5203=CARTESIAN_POINT('',(10.5672027114192,-3.38076201096219,1.54995824545947));
#5204=CARTESIAN_POINT('',(10.4446621127563,-3.52093001522301,1.54995824545947));
#5205=CARTESIAN_POINT('',(10.5861526326377,-3.64232522367873,1.54995824545947));
#5206=CARTESIAN_POINT('',(10.7276431525191,-3.76372043213446,1.54995824545947));
#5207=CARTESIAN_POINT('',(10.850183751182,-3.62355242787364,1.54995824545947));
#5208=CARTESIAN_POINT('',(10.6152385408507,-3.42197551086353,1.54995824545947));
#5209=CARTESIAN_POINT('',(10.5538032753381,-3.36926564118687,1.59636106706186));
#5210=CARTESIAN_POINT('',(10.5490613172165,-3.36519716370061,1.67562269850732));
#5211=CARTESIAN_POINT('',(10.5490613172162,-3.36519716370091,1.67562269850732));
#5212=CARTESIAN_POINT('',(10.6873136208613,-3.20705733332714,1.67562269850732));
#5213=CARTESIAN_POINT('',(10.8469455349457,-3.34401738904414,1.67562269850732));
#5214=CARTESIAN_POINT('',(11.0065774490301,-3.48097744476115,1.67562269850732));
#5215=CARTESIAN_POINT('',(10.868325145385,-3.63911727513492,1.67562269850732));
#5216=CARTESIAN_POINT('',(10.6152385408507,-3.42197551086353,1.54995824545947));
#5217=CARTESIAN_POINT('',(10.5343003004286,-3.51455667785736,1.54995824545947));
#5218=CARTESIAN_POINT('',(10.6277549908786,-3.59473838641175,1.54995824545947));
#5219=CARTESIAN_POINT('',(10.7212096813286,-3.67492009496613,1.54995824545947));
#5220=CARTESIAN_POINT('',(10.8021479217506,-3.5823389279723,1.54995824545947));
#5221=CARTESIAN_POINT('',(10.5276853566543,-3.34685714211777,1.68613356127308));
#5222=CARTESIAN_POINT('',(10.5383937264665,-3.35604464659983,1.68613356127308));
#5223=CARTESIAN_POINT('',(10.5276853566543,-3.34685714211777,1.68613356127308));
#5224=CARTESIAN_POINT('',(10.6844507239769,-3.16754115284913,1.68613356127308));
#5225=CARTESIAN_POINT('',(10.8654585986232,-3.32284123014928,1.68613356127308));
#5226=CARTESIAN_POINT('',(11.0464664732696,-3.47814130744942,1.68613356127308));
#5227=CARTESIAN_POINT('',(10.889701105947,-3.65745729671806,1.68613356127308));
#5228=CARTESIAN_POINT('',(10.5383937264665,-3.35604464659983,1.68613356127308));
#5229=CARTESIAN_POINT('',(10.6858849032031,-3.1873369357284,1.68613356127308));
#5230=CARTESIAN_POINT('',(10.8561844080372,-3.33344950854649,1.68613356127308));
#5231=CARTESIAN_POINT('',(11.0264839128713,-3.47956208136458,1.68613356127308));
#5232=CARTESIAN_POINT('',(10.8789927361347,-3.648269792236,1.68613356127308));
#5233=CARTESIAN_POINT('',(10.5170153621053,-3.33770256261953,1.67425930182676));
#5234=CARTESIAN_POINT('',(10.5163469917838,-3.33712911816143,1.68613356127308));
#5235=CARTESIAN_POINT('',(10.5276853566543,-3.34685714211777,1.68613356127308));
#5236=CARTESIAN_POINT('',(10.5490613172162,-3.36519716370091,1.67562269850732));
#5237=CARTESIAN_POINT('',(10.5484324874389,-3.36465764400752,1.6861335612742));
#5238=CARTESIAN_POINT('',(10.5383937264665,-3.35604464659983,1.68613356127308));
#5239=CARTESIAN_POINT('',(10.5672027114192,-3.38076201096219,1.54995824545947));
#5240=CARTESIAN_POINT('',(10.5672027114192,-3.38076201096219,1.54779709881935));
#5241=CARTESIAN_POINT('',(10.5672027114192,-3.38076201096219,1.54779709881935));
#5242=CARTESIAN_POINT('',(10.4446621127563,-3.52093001522301,1.54779709881935));
#5243=CARTESIAN_POINT('',(10.5861526326377,-3.64232522367873,1.54779709881935));
#5244=CARTESIAN_POINT('',(10.7276431525191,-3.76372043213446,1.54779709881935));
#5245=CARTESIAN_POINT('',(10.850183751182,-3.62355242787364,1.54779709881935));
#5246=CARTESIAN_POINT('',(10.6152385408507,-3.42197551086353,1.54995824545947));
#5247=CARTESIAN_POINT('',(10.6152385408507,-3.42197551086353,1.54779709881935));
#5248=CARTESIAN_POINT('',(10.6152385408507,-3.42197551086353,1.54779709881935));
#5249=CARTESIAN_POINT('',(10.6961767812727,-3.3293943438697,1.54779709881935));
#5250=CARTESIAN_POINT('',(10.7896314717227,-3.40957605242408,1.54779709881935));
#5251=CARTESIAN_POINT('',(10.8830861621726,-3.48975776097847,1.54779709881935));
#5252=CARTESIAN_POINT('',(10.8021479217506,-3.5823389279723,1.54779709881935));
#5253=CARTESIAN_POINT('',(11.6852381907777,-3.28768073912039,0.918677099478573));
#5254=CARTESIAN_POINT('',(11.6852381907777,-3.75125195915846,0.918677099478574));
#5255=CARTESIAN_POINT('',(11.1001664493586,-3.51946634913942,0.918677099478573));
#5256=CARTESIAN_POINT('',(12.2703099321967,-3.51946634913942,0.918677099478573));
#5257=CARTESIAN_POINT('',(11.3927023200682,-3.28768073912039,0.918677099478573));
#5258=CARTESIAN_POINT('',(11.3927023200682,-3.75125195915846,0.918677099478574));
#5259=CARTESIAN_POINT('',(11.9777740614872,-3.28768073912039,0.918677099478573));
#5260=CARTESIAN_POINT('',(11.9777740614872,-3.75125195915846,0.918677099478574));
#5261=CARTESIAN_POINT('',(12.2703099321967,-3.50358956513253,0.918677099478573));
#5262=CARTESIAN_POINT('',(11.1001664493586,-3.50358956513253,0.918677099478573));
#5263=CARTESIAN_POINT('',(11.1001664493586,-3.53534313314632,0.918677099478573));
#5264=CARTESIAN_POINT('',(12.2703099321967,-3.53534313314632,0.918677099478573));
#5265=CARTESIAN_POINT('',(12.2703099321967,-3.50358956513253,0.918677099478573));
#5266=CARTESIAN_POINT('',(11.3768255360613,-3.75125195915846,0.918677099478574));
#5267=CARTESIAN_POINT('',(11.3768255360613,-3.28768073912039,0.918677099478573));
#5268=CARTESIAN_POINT('',(11.408579104075,-3.28768073912039,0.918677099478573));
#5269=CARTESIAN_POINT('',(11.408579104075,-3.75125195915846,0.918677099478574));
#5270=CARTESIAN_POINT('',(11.3768255360613,-3.75125195915846,0.918677099478574));
#5271=CARTESIAN_POINT('',(11.6693614067708,-3.75125195915846,0.918677099478574));
#5272=CARTESIAN_POINT('',(11.6693614067708,-3.28768073912039,0.918677099478573));
#5273=CARTESIAN_POINT('',(11.7011149747846,-3.28768073912039,0.918677099478573));
#5274=CARTESIAN_POINT('',(11.7011149747846,-3.75125195915846,0.918677099478574));
#5275=CARTESIAN_POINT('',(11.6693614067708,-3.75125195915846,0.918677099478574));
#5276=CARTESIAN_POINT('',(11.9618972774803,-3.75125195915846,0.918677099478574));
#5277=CARTESIAN_POINT('',(11.9618972774803,-3.28768073912039,0.918677099478573));
#5278=CARTESIAN_POINT('',(11.9936508454941,-3.28768073912039,0.918677099478573));
#5279=CARTESIAN_POINT('',(11.9936508454941,-3.75125195915846,0.918677099478574));
#5280=CARTESIAN_POINT('',(11.9618972774803,-3.75125195915846,0.918677099478574));
#5281=CARTESIAN_POINT('',(9.35102024356127,-3.76994434706322,1.10747869051338));
#5282=CARTESIAN_POINT('',(9.31926667554747,-3.51572911643603,1.10747869051338));
#5283=CARTESIAN_POINT('',(9.052133659249,-3.46712567120201,1.11700476091752));
#5284=CARTESIAN_POINT('',(9.64355611427078,-3.76994434706322,1.10747869051338));
#5285=CARTESIAN_POINT('',(9.61180254625698,-3.51572911643603,1.10747869051338));
#5286=CARTESIAN_POINT('',(9.65308218467492,-3.75872816739383,1.11700476091752));
#5287=CARTESIAN_POINT('',(9.93609198498029,-3.76994434706322,1.10747869051338));
#5288=CARTESIAN_POINT('',(9.90433841696649,-3.51572911643603,1.10747869051338));
#5289=CARTESIAN_POINT('',(9.94561805538443,-3.75872816739383,1.11700476091752));
#5290=CARTESIAN_POINT('',(9.94561805538443,-3.46712567120201,1.11700476091752));
#5291=CARTESIAN_POINT('',(9.35102024356127,-3.2241266202442,1.08191627358392));
#5292=CARTESIAN_POINT('',(9.35102024356127,-3.47834185087139,1.10747869051338));
#5293=CARTESIAN_POINT('',(9.31926667554747,-3.2241266202442,1.10747869051338));
#5294=CARTESIAN_POINT('',(9.36054631396541,-3.75872816739383,1.11700476091752));
#5295=CARTESIAN_POINT('',(9.64355611427078,-3.2241266202442,1.08191627358392));
#5296=CARTESIAN_POINT('',(9.64355611427078,-3.47834185087139,1.10747869051338));
#5297=CARTESIAN_POINT('',(9.61180254625698,-3.2241266202442,1.10747869051338));
#5298=CARTESIAN_POINT('',(9.052133659249,-3.75872816739383,1.11700476091752));
#5299=CARTESIAN_POINT('',(9.93609198498029,-3.2241266202442,1.08191627358392));
#5300=CARTESIAN_POINT('',(9.93609198498029,-3.47834185087139,1.10747869051338));
#5301=CARTESIAN_POINT('',(9.90433841696649,-3.2241266202442,1.10747869051338));
#5302=CARTESIAN_POINT('',(9.65308218467492,-3.46712567120201,1.11700476091752));
#5303=CARTESIAN_POINT('',(9.36054631396541,-3.46712567120201,1.11700476091752));
#5304=CARTESIAN_POINT('',(9.90433841696649,-3.51572911643603,1.08191627358392));
#5305=CARTESIAN_POINT('',(9.31926667554747,-3.51572911643603,1.08191627358392));
#5306=CARTESIAN_POINT('',(9.61180254625698,-3.51572911643603,1.08191627358392));
#5307=CARTESIAN_POINT('',(10.2127510716829,-3.51572911643603,1.08191627358392));
#5308=CARTESIAN_POINT('',(9.04260758884486,-3.47834185087139,1.10747869051338));
#5309=CARTESIAN_POINT('',(9.64355611427077,-3.47834185087139,1.10747869051338));
#5310=CARTESIAN_POINT('',(9.93609198498029,-3.47834185087139,1.10747869051338));
#5311=CARTESIAN_POINT('',(9.35102024356127,-3.47834185087139,1.10747869051338));
#5312=CARTESIAN_POINT('',(9.90433841696649,-3.51572911643603,1.10747869051338));
#5313=CARTESIAN_POINT('',(10.2127510716829,-3.51572911643603,1.10747869051338));
#5314=CARTESIAN_POINT('',(9.61180254625698,-3.51572911643603,1.10747869051338));
#5315=CARTESIAN_POINT('',(9.31926667554746,-3.51572911643603,1.10747869051338));
#5316=CARTESIAN_POINT('',(10.2032250012788,-3.64283673174962,1.10747869051339));
#5317=CARTESIAN_POINT('',(10.0744215283316,-3.23456141378068,1.1065586713569));
#5318=CARTESIAN_POINT('',(9.05213365924899,-3.35123423555781,1.10747869051339));
#5319=CARTESIAN_POINT('',(9.18093713219616,-3.75950955352674,1.1065586713569));
#5320=CARTESIAN_POINT('',(9.36054631396541,-3.64283673174963,1.10747869051338));
#5321=CARTESIAN_POINT('',(9.30974060514333,-3.3512342355578,1.10747869051338));
#5322=CARTESIAN_POINT('',(9.18093713219616,-3.23456141378068,1.1065586713569));
#5323=CARTESIAN_POINT('',(9.48141139490912,-3.75950955352674,1.1065586713569));
#5324=CARTESIAN_POINT('',(9.65308218467491,-3.64283673174963,1.10747869051339));
#5325=CARTESIAN_POINT('',(9.60227647585284,-3.3512342355578,1.10747869051338));
#5326=CARTESIAN_POINT('',(9.48141139490913,-3.23456141378068,1.1065586713569));
#5327=CARTESIAN_POINT('',(9.77394726561864,-3.75950955352674,1.1065586713569));
#5328=CARTESIAN_POINT('',(9.94561805538443,-3.64283673174962,1.10747869051338));
#5329=CARTESIAN_POINT('',(9.89481234656235,-3.3512342355578,1.10747869051338));
#5330=CARTESIAN_POINT('',(9.77394726561863,-3.23456141378068,1.1065586713569));
#5331=CARTESIAN_POINT('',(10.0744215283316,-3.75950955352674,1.1065586713569));
#5332=CARTESIAN_POINT('',(9.18093713219617,-3.46790705733491,1.1065586713569));
#5333=CARTESIAN_POINT('',(9.18093713219616,-3.52616390997251,1.1065586713569));
#5334=CARTESIAN_POINT('',(9.48141139490912,-3.46790705733491,1.1065586713569));
#5335=CARTESIAN_POINT('',(9.48141139490912,-3.52616390997251,1.1065586713569));
#5336=CARTESIAN_POINT('',(10.0744215283316,-3.46790705733491,1.1065586713569));
#5337=CARTESIAN_POINT('',(10.0744215283316,-3.52616390997251,1.1065586713569));
#5338=CARTESIAN_POINT('',(9.77394726561863,-3.46790705733491,1.1065586713569));
#5339=CARTESIAN_POINT('',(9.77394726561864,-3.52616390997251,1.1065586713569));
#5340=CARTESIAN_POINT('',(10.2032250012788,-3.35123423555779,1.10747869051339));
#5341=CARTESIAN_POINT('',(9.05213365924899,-3.64283673174962,1.10747869051338));
#5342=CARTESIAN_POINT('',(9.3605463139654,-3.35123423555779,1.10747869051339));
#5343=CARTESIAN_POINT('',(9.30974060514333,-3.64283673174963,1.10747869051338));
#5344=CARTESIAN_POINT('',(9.65308218467491,-3.3512342355578,1.10747869051339));
#5345=CARTESIAN_POINT('',(9.60227647585284,-3.64283673174963,1.10747869051338));
#5346=CARTESIAN_POINT('',(9.94561805538443,-3.3512342355578,1.10747869051338));
#5347=CARTESIAN_POINT('',(9.89481234656235,-3.64283673174963,1.10747869051339));
#5348=CARTESIAN_POINT('',(9.04260758884486,-3.76994434706322,0.918677099478574));
#5349=CARTESIAN_POINT('',(10.2127510716829,-3.76994434706322,1.10747869051338));
#5350=CARTESIAN_POINT('',(10.2127510716829,-3.2241266202442,1.10747869051338));
#5351=CARTESIAN_POINT('',(9.04260758884486,-3.2241266202442,1.10747869051338));
#5352=CARTESIAN_POINT('',(9.04260758884486,-3.76994434706322,1.10747869051338));
#5353=CARTESIAN_POINT('',(9.35102024356127,-3.2241266202442,1.08191627358392));
#5354=CARTESIAN_POINT('',(9.31926667554747,-3.2241266202442,1.08191627358392));
#5355=CARTESIAN_POINT('',(9.31926667554747,-3.76994434706322,1.08191627358392));
#5356=CARTESIAN_POINT('',(9.35102024356127,-3.76994434706322,1.08191627358392));
#5357=CARTESIAN_POINT('',(9.64355611427078,-3.2241266202442,1.08191627358392));
#5358=CARTESIAN_POINT('',(9.61180254625698,-3.2241266202442,1.08191627358392));
#5359=CARTESIAN_POINT('',(9.61180254625698,-3.76994434706322,1.08191627358392));
#5360=CARTESIAN_POINT('',(9.64355611427078,-3.76994434706322,1.08191627358392));
#5361=CARTESIAN_POINT('',(9.93609198498029,-3.2241266202442,1.08191627358392));
#5362=CARTESIAN_POINT('',(9.90433841696649,-3.2241266202442,1.08191627358392));
#5363=CARTESIAN_POINT('',(9.90433841696649,-3.76994434706322,1.08191627358392));
#5364=CARTESIAN_POINT('',(9.93609198498029,-3.76994434706322,1.08191627358392));
#5365=CARTESIAN_POINT('',(10.2127510716829,-3.47834185087139,1.08191627358392));
#5366=CARTESIAN_POINT('',(10.2127510716829,-3.51572911643603,1.08191627358392));
#5367=CARTESIAN_POINT('',(9.04260758884486,-3.51572911643603,1.08191627358392));
#5368=CARTESIAN_POINT('',(9.04260758884486,-3.47834185087139,1.08191627358392));
#5369=CARTESIAN_POINT('',(9.35102024356127,-3.51572911643603,1.08191627358392));
#5370=CARTESIAN_POINT('',(9.35102024356127,-3.47834185087139,1.08191627358392));
#5371=CARTESIAN_POINT('',(9.31926667554747,-3.47834185087139,1.08191627358392));
#5372=CARTESIAN_POINT('',(9.31926667554747,-3.51572911643603,1.08191627358392));
#5373=CARTESIAN_POINT('',(9.64355611427078,-3.51572911643603,1.08191627358392));
#5374=CARTESIAN_POINT('',(9.64355611427078,-3.47834185087139,1.08191627358392));
#5375=CARTESIAN_POINT('',(9.61180254625698,-3.47834185087139,1.08191627358392));
#5376=CARTESIAN_POINT('',(9.61180254625698,-3.51572911643603,1.08191627358392));
#5377=CARTESIAN_POINT('',(9.93609198498029,-3.51572911643603,1.08191627358392));
#5378=CARTESIAN_POINT('',(9.93609198498029,-3.47834185087139,1.08191627358392));
#5379=CARTESIAN_POINT('',(9.90433841696649,-3.47834185087139,1.08191627358392));
#5380=CARTESIAN_POINT('',(9.90433841696649,-3.51572911643603,1.08191627358392));
#5381=CARTESIAN_POINT('',(9.90433841696649,-3.2241266202442,1.10747869051338));
#5382=CARTESIAN_POINT('',(9.64355611427078,-3.2241266202442,1.10747869051338));
#5383=CARTESIAN_POINT('',(9.31926667554747,-3.2241266202442,1.10747869051338));
#5384=CARTESIAN_POINT('',(9.04260758884486,-3.2241266202442,1.10747869051338));
#5385=CARTESIAN_POINT('',(10.2127510716829,-3.2241266202442,1.10747869051338));
#5386=CARTESIAN_POINT('',(9.93609198498029,-3.2241266202442,1.10747869051338));
#5387=CARTESIAN_POINT('',(9.61180254625698,-3.2241266202442,1.10747869051338));
#5388=CARTESIAN_POINT('',(9.35102024356127,-3.2241266202442,1.10747869051338));
#5389=CARTESIAN_POINT('',(9.35102024356127,-3.76994434706322,1.10747869051338));
#5390=CARTESIAN_POINT('',(9.61180254625698,-3.76994434706322,1.10747869051338));
#5391=CARTESIAN_POINT('',(9.64355611427078,-3.76994434706322,1.10747869051338));
#5392=CARTESIAN_POINT('',(9.90433841696649,-3.76994434706322,1.10747869051338));
#5393=CARTESIAN_POINT('',(9.04260758884486,-3.76994434706322,1.10747869051338));
#5394=CARTESIAN_POINT('',(9.31926667554747,-3.76994434706322,1.10747869051338));
#5395=CARTESIAN_POINT('',(9.93609198498029,-3.76994434706322,1.10747869051338));
#5396=CARTESIAN_POINT('',(10.2127510716829,-3.76994434706322,1.10747869051338));
#5397=CARTESIAN_POINT('',(9.35102024356127,-3.51572911643603,1.10747869051338));
#5398=CARTESIAN_POINT('',(9.31926667554747,-3.51572911643603,1.10747869051338));
#5399=CARTESIAN_POINT('',(9.052133659249,-3.52694529610542,1.11700476091752));
#5400=CARTESIAN_POINT('',(9.052133659249,-3.75872816739383,1.11700476091752));
#5401=CARTESIAN_POINT('',(9.30974060514333,-3.52694529610542,1.11700476091752));
#5402=CARTESIAN_POINT('',(9.30974060514333,-3.75872816739383,1.11700476091752));
#5403=CARTESIAN_POINT('',(9.64355611427078,-3.51572911643603,1.10747869051338));
#5404=CARTESIAN_POINT('',(9.61180254625698,-3.51572911643603,1.10747869051338));
#5405=CARTESIAN_POINT('',(9.60227647585284,-3.52694529610542,1.11700476091752));
#5406=CARTESIAN_POINT('',(9.36054631396541,-3.52694529610542,1.11700476091752));
#5407=CARTESIAN_POINT('',(9.36054631396541,-3.75872816739383,1.11700476091752));
#5408=CARTESIAN_POINT('',(9.60227647585284,-3.75872816739383,1.11700476091752));
#5409=CARTESIAN_POINT('',(9.93609198498029,-3.51572911643603,1.10747869051338));
#5410=CARTESIAN_POINT('',(9.90433841696649,-3.51572911643603,1.10747869051338));
#5411=CARTESIAN_POINT('',(9.94561805538443,-3.52694529610542,1.11700476091752));
#5412=CARTESIAN_POINT('',(9.94561805538443,-3.75872816739383,1.11700476091752));
#5413=CARTESIAN_POINT('',(10.2032250012788,-3.52694529610542,1.11700476091752));
#5414=CARTESIAN_POINT('',(10.2032250012788,-3.75872816739383,1.11700476091752));
#5415=CARTESIAN_POINT('',(9.89481234656235,-3.23534279991359,1.11700476091752));
#5416=CARTESIAN_POINT('',(9.65308218467492,-3.23534279991359,1.11700476091752));
#5417=CARTESIAN_POINT('',(9.89481234656235,-3.46712567120201,1.11700476091752));
#5418=CARTESIAN_POINT('',(9.65308218467492,-3.46712567120201,1.11700476091752));
#5419=CARTESIAN_POINT('',(10.2127510716829,-3.47834185087139,1.10747869051338));
#5420=CARTESIAN_POINT('',(10.2127510716829,-3.51572911643603,1.10747869051338));
#5421=CARTESIAN_POINT('',(9.04260758884486,-3.51572911643603,1.10747869051338));
#5422=CARTESIAN_POINT('',(9.04260758884486,-3.47834185087139,1.10747869051338));
#5423=CARTESIAN_POINT('',(9.35102024356127,-3.47834185087139,1.10747869051338));
#5424=CARTESIAN_POINT('',(9.31926667554747,-3.47834185087139,1.10747869051338));
#5425=CARTESIAN_POINT('',(9.30974060514333,-3.23534279991359,1.11700476091752));
#5426=CARTESIAN_POINT('',(9.052133659249,-3.23534279991359,1.11700476091752));
#5427=CARTESIAN_POINT('',(9.052133659249,-3.46712567120201,1.11700476091752));
#5428=CARTESIAN_POINT('',(9.30974060514333,-3.46712567120201,1.11700476091752));
#5429=CARTESIAN_POINT('',(9.64355611427078,-3.47834185087139,1.10747869051338));
#5430=CARTESIAN_POINT('',(9.61180254625698,-3.47834185087139,1.10747869051338));
#5431=CARTESIAN_POINT('',(9.36054631396541,-3.23534279991359,1.11700476091752));
#5432=CARTESIAN_POINT('',(9.36054631396541,-3.46712567120201,1.11700476091752));
#5433=CARTESIAN_POINT('',(9.60227647585284,-3.23534279991359,1.11700476091752));
#5434=CARTESIAN_POINT('',(9.60227647585284,-3.46712567120201,1.11700476091752));
#5435=CARTESIAN_POINT('',(9.93609198498029,-3.47834185087139,1.10747869051338));
#5436=CARTESIAN_POINT('',(9.90433841696649,-3.47834185087139,1.10747869051338));
#5437=CARTESIAN_POINT('',(9.94561805538443,-3.23534279991359,1.11700476091752));
#5438=CARTESIAN_POINT('',(9.94561805538443,-3.46712567120201,1.11700476091752));
#5439=CARTESIAN_POINT('',(10.2032250012788,-3.46712567120201,1.11700476091752));
#5440=CARTESIAN_POINT('',(10.2032250012788,-3.23534279991359,1.11700476091752));
#5441=CARTESIAN_POINT('',(9.89481234656235,-3.75872816739383,1.11700476091752));
#5442=CARTESIAN_POINT('',(9.89481234656235,-3.52694529610542,1.11700476091752));
#5443=CARTESIAN_POINT('',(9.65308218467492,-3.75872816739383,1.11700476091752));
#5444=CARTESIAN_POINT('',(9.65308218467492,-3.52694529610542,1.11700476091752));
#5445=CARTESIAN_POINT('',(10.2127510716829,-3.2241266202442,0.918677099478573));
#5446=CARTESIAN_POINT('',(10.2127510716829,-3.76994434706322,0.918677099478574));
#5447=CARTESIAN_POINT('',(9.04260758884486,-3.2241266202442,0.918677099478573));
#5448=CARTESIAN_POINT('',(9.04260758884486,-3.76994434706322,0.918677099478574));
#5449=CARTESIAN_POINT('',(9.052133659249,-3.52694529610542,1.11700476091752));
#5450=CARTESIAN_POINT('',(9.052133659249,-3.75872816739383,1.11700476091752));
#5451=CARTESIAN_POINT('',(9.65308218467492,-3.23534279991359,1.11700476091752));
#5452=CARTESIAN_POINT('',(9.65308218467492,-3.46712567120201,1.11700476091752));
#5453=CARTESIAN_POINT('',(10.2127510716829,-3.47834185087139,1.10747869051338));
#5454=CARTESIAN_POINT('',(10.2127510716829,-3.2241266202442,1.10747869051338));
#5455=CARTESIAN_POINT('',(9.60227647585284,-3.52694529610542,1.11700476091752));
#5456=CARTESIAN_POINT('',(9.36054631396541,-3.52694529610542,1.11700476091752));
#5457=CARTESIAN_POINT('',(9.35102024356127,-3.76994434706322,1.08191627358392));
#5458=CARTESIAN_POINT('',(9.35102024356127,-3.51572911643603,1.08191627358392));
#5459=CARTESIAN_POINT('',(9.31926667554747,-3.2241266202442,1.08191627358392));
#5460=CARTESIAN_POINT('',(9.31926667554747,-3.47834185087139,1.08191627358392));
#5461=CARTESIAN_POINT('',(9.35102024356127,-3.2241266202442,1.08191627358392));
#5462=CARTESIAN_POINT('',(9.31926667554747,-3.2241266202442,1.08191627358392));
#5463=CARTESIAN_POINT('',(9.35102024356127,-3.2241266202442,1.10747869051338));
#5464=CARTESIAN_POINT('',(9.35102024356127,-3.2241266202442,1.08191627358392));
#5465=CARTESIAN_POINT('',(9.31926667554747,-3.2241266202442,1.10747869051338));
#5466=CARTESIAN_POINT('',(9.31926667554747,-3.2241266202442,1.08191627358392));
#5467=CARTESIAN_POINT('',(9.31926667554747,-3.76994434706322,1.08191627358392));
#5468=CARTESIAN_POINT('',(9.35102024356127,-3.76994434706322,1.08191627358392));
#5469=CARTESIAN_POINT('',(9.35102024356127,-3.76994434706322,1.10747869051338));
#5470=CARTESIAN_POINT('',(9.35102024356127,-3.76994434706322,1.08191627358392));
#5471=CARTESIAN_POINT('',(9.31926667554747,-3.76994434706322,1.10747869051338));
#5472=CARTESIAN_POINT('',(9.31926667554747,-3.76994434706322,1.08191627358392));
#5473=CARTESIAN_POINT('',(9.35102024356127,-3.76994434706322,1.10747869051338));
#5474=CARTESIAN_POINT('',(9.61180254625698,-3.76994434706322,1.10747869051338));
#5475=CARTESIAN_POINT('',(9.93609198498029,-3.76994434706322,1.10747869051338));
#5476=CARTESIAN_POINT('',(10.2127510716829,-3.76994434706322,1.10747869051338));
#5477=CARTESIAN_POINT('',(9.04260758884486,-3.51572911643603,1.10747869051338));
#5478=CARTESIAN_POINT('',(9.04260758884486,-3.76994434706322,1.10747869051338));
#5479=CARTESIAN_POINT('',(9.94561805538443,-3.52694529610542,1.11700476091752));
#5480=CARTESIAN_POINT('',(9.94561805538443,-3.75872816739383,1.11700476091752));
#5481=CARTESIAN_POINT('',(9.64355611427078,-3.76994434706322,1.08191627358392));
#5482=CARTESIAN_POINT('',(9.64355611427078,-3.51572911643603,1.08191627358392));
#5483=CARTESIAN_POINT('',(9.61180254625698,-3.2241266202442,1.08191627358392));
#5484=CARTESIAN_POINT('',(9.61180254625698,-3.47834185087139,1.08191627358392));
#5485=CARTESIAN_POINT('',(9.64355611427078,-3.2241266202442,1.08191627358392));
#5486=CARTESIAN_POINT('',(9.61180254625698,-3.2241266202442,1.08191627358392));
#5487=CARTESIAN_POINT('',(9.64355611427078,-3.2241266202442,1.10747869051338));
#5488=CARTESIAN_POINT('',(9.64355611427078,-3.2241266202442,1.08191627358392));
#5489=CARTESIAN_POINT('',(9.61180254625698,-3.2241266202442,1.10747869051338));
#5490=CARTESIAN_POINT('',(9.61180254625698,-3.2241266202442,1.08191627358392));
#5491=CARTESIAN_POINT('',(9.61180254625698,-3.76994434706322,1.08191627358392));
#5492=CARTESIAN_POINT('',(9.64355611427078,-3.76994434706322,1.08191627358392));
#5493=CARTESIAN_POINT('',(9.64355611427078,-3.76994434706322,1.10747869051338));
#5494=CARTESIAN_POINT('',(9.64355611427078,-3.76994434706322,1.08191627358392));
#5495=CARTESIAN_POINT('',(9.61180254625698,-3.76994434706322,1.10747869051338));
#5496=CARTESIAN_POINT('',(9.61180254625698,-3.76994434706322,1.08191627358392));
#5497=CARTESIAN_POINT('',(10.2032250012788,-3.52694529610542,1.11700476091752));
#5498=CARTESIAN_POINT('',(9.94561805538443,-3.52694529610542,1.11700476091752));
#5499=CARTESIAN_POINT('',(10.2032250012788,-3.75872816739383,1.11700476091752));
#5500=CARTESIAN_POINT('',(10.2032250012788,-3.52694529610542,1.11700476091752));
#5501=CARTESIAN_POINT('',(9.89481234656235,-3.46712567120201,1.11700476091752));
#5502=CARTESIAN_POINT('',(9.89481234656235,-3.23534279991359,1.11700476091752));
#5503=CARTESIAN_POINT('',(9.65308218467492,-3.46712567120201,1.11700476091752));
#5504=CARTESIAN_POINT('',(9.89481234656235,-3.46712567120201,1.11700476091752));
#5505=CARTESIAN_POINT('',(9.93609198498029,-3.76994434706322,1.08191627358392));
#5506=CARTESIAN_POINT('',(9.93609198498029,-3.51572911643603,1.08191627358392));
#5507=CARTESIAN_POINT('',(9.90433841696649,-3.2241266202442,1.08191627358392));
#5508=CARTESIAN_POINT('',(9.90433841696649,-3.47834185087139,1.08191627358392));
#5509=CARTESIAN_POINT('',(9.93609198498029,-3.2241266202442,1.08191627358392));
#5510=CARTESIAN_POINT('',(9.90433841696649,-3.2241266202442,1.08191627358392));
#5511=CARTESIAN_POINT('',(9.93609198498029,-3.2241266202442,1.10747869051338));
#5512=CARTESIAN_POINT('',(9.93609198498029,-3.2241266202442,1.08191627358392));
#5513=CARTESIAN_POINT('',(9.90433841696649,-3.2241266202442,1.10747869051338));
#5514=CARTESIAN_POINT('',(9.90433841696649,-3.2241266202442,1.08191627358392));
#5515=CARTESIAN_POINT('',(9.90433841696649,-3.76994434706322,1.08191627358392));
#5516=CARTESIAN_POINT('',(9.93609198498029,-3.76994434706322,1.08191627358392));
#5517=CARTESIAN_POINT('',(9.93609198498029,-3.76994434706322,1.10747869051338));
#5518=CARTESIAN_POINT('',(9.93609198498029,-3.76994434706322,1.08191627358392));
#5519=CARTESIAN_POINT('',(9.90433841696649,-3.76994434706322,1.10747869051338));
#5520=CARTESIAN_POINT('',(9.90433841696649,-3.76994434706322,1.08191627358392));
#5521=CARTESIAN_POINT('',(9.90433841696649,-3.2241266202442,1.10747869051338));
#5522=CARTESIAN_POINT('',(9.64355611427078,-3.2241266202442,1.10747869051338));
#5523=CARTESIAN_POINT('',(9.31926667554747,-3.2241266202442,1.10747869051338));
#5524=CARTESIAN_POINT('',(9.04260758884486,-3.2241266202442,1.10747869051338));
#5525=CARTESIAN_POINT('',(10.2127510716829,-3.2241266202442,1.10747869051338));
#5526=CARTESIAN_POINT('',(9.93609198498029,-3.2241266202442,1.10747869051338));
#5527=CARTESIAN_POINT('',(9.61180254625698,-3.2241266202442,1.10747869051338));
#5528=CARTESIAN_POINT('',(9.35102024356127,-3.2241266202442,1.10747869051338));
#5529=CARTESIAN_POINT('',(9.04260758884486,-3.47834185087139,1.08191627358392));
#5530=CARTESIAN_POINT('',(9.31926667554747,-3.47834185087139,1.08191627358392));
#5531=CARTESIAN_POINT('',(10.2127510716829,-3.51572911643603,1.08191627358392));
#5532=CARTESIAN_POINT('',(9.93609198498029,-3.51572911643603,1.08191627358392));
#5533=CARTESIAN_POINT('',(10.2127510716829,-3.47834185087139,1.08191627358392));
#5534=CARTESIAN_POINT('',(10.2127510716829,-3.51572911643603,1.08191627358392));
#5535=CARTESIAN_POINT('',(10.2127510716829,-3.47834185087139,1.10747869051338));
#5536=CARTESIAN_POINT('',(10.2127510716829,-3.47834185087139,1.08191627358392));
#5537=CARTESIAN_POINT('',(10.2127510716829,-3.51572911643603,1.10747869051338));
#5538=CARTESIAN_POINT('',(10.2127510716829,-3.51572911643603,1.08191627358392));
#5539=CARTESIAN_POINT('',(9.04260758884486,-3.51572911643603,1.08191627358392));
#5540=CARTESIAN_POINT('',(9.04260758884486,-3.47834185087139,1.08191627358392));
#5541=CARTESIAN_POINT('',(9.04260758884486,-3.47834185087139,1.10747869051338));
#5542=CARTESIAN_POINT('',(9.04260758884486,-3.47834185087139,1.08191627358392));
#5543=CARTESIAN_POINT('',(9.04260758884486,-3.51572911643603,1.10747869051338));
#5544=CARTESIAN_POINT('',(9.04260758884486,-3.51572911643603,1.08191627358392));
#5545=CARTESIAN_POINT('',(9.35102024356127,-3.47834185087139,1.08191627358392));
#5546=CARTESIAN_POINT('',(9.35102024356127,-3.47834185087139,1.10747869051338));
#5547=CARTESIAN_POINT('',(9.35102024356127,-3.51572911643603,1.10747869051338));
#5548=CARTESIAN_POINT('',(9.35102024356127,-3.51572911643603,1.08191627358392));
#5549=CARTESIAN_POINT('',(9.31926667554747,-3.47834185087139,1.10747869051338));
#5550=CARTESIAN_POINT('',(9.31926667554747,-3.47834185087139,1.08191627358392));
#5551=CARTESIAN_POINT('',(9.31926667554747,-3.51572911643603,1.08191627358392));
#5552=CARTESIAN_POINT('',(9.31926667554747,-3.51572911643603,1.10747869051338));
#5553=CARTESIAN_POINT('',(9.60227647585284,-3.75872816739383,1.11700476091752));
#5554=CARTESIAN_POINT('',(9.60227647585284,-3.52694529610542,1.11700476091752));
#5555=CARTESIAN_POINT('',(9.35102024356127,-3.51572911643603,1.10747869051338));
#5556=CARTESIAN_POINT('',(9.35102024356127,-3.76994434706322,1.10747869051338));
#5557=CARTESIAN_POINT('',(9.64355611427078,-3.47834185087139,1.08191627358392));
#5558=CARTESIAN_POINT('',(9.64355611427078,-3.47834185087139,1.10747869051338));
#5559=CARTESIAN_POINT('',(9.64355611427078,-3.51572911643603,1.10747869051338));
#5560=CARTESIAN_POINT('',(9.64355611427078,-3.51572911643603,1.08191627358392));
#5561=CARTESIAN_POINT('',(9.61180254625698,-3.47834185087139,1.10747869051338));
#5562=CARTESIAN_POINT('',(9.61180254625698,-3.47834185087139,1.08191627358392));
#5563=CARTESIAN_POINT('',(9.61180254625698,-3.51572911643603,1.08191627358392));
#5564=CARTESIAN_POINT('',(9.61180254625698,-3.51572911643603,1.10747869051338));
#5565=CARTESIAN_POINT('',(9.04260758884486,-3.2241266202442,1.10747869051338));
#5566=CARTESIAN_POINT('',(9.04260758884486,-3.47834185087139,1.10747869051338));
#5567=CARTESIAN_POINT('',(9.35102024356127,-3.2241266202442,1.10747869051338));
#5568=CARTESIAN_POINT('',(9.35102024356127,-3.47834185087139,1.10747869051338));
#5569=CARTESIAN_POINT('',(9.93609198498029,-3.47834185087139,1.08191627358392));
#5570=CARTESIAN_POINT('',(9.93609198498029,-3.47834185087139,1.10747869051338));
#5571=CARTESIAN_POINT('',(9.93609198498029,-3.51572911643603,1.10747869051338));
#5572=CARTESIAN_POINT('',(9.93609198498029,-3.51572911643603,1.08191627358392));
#5573=CARTESIAN_POINT('',(9.90433841696649,-3.47834185087139,1.10747869051338));
#5574=CARTESIAN_POINT('',(9.90433841696649,-3.47834185087139,1.08191627358392));
#5575=CARTESIAN_POINT('',(9.90433841696649,-3.51572911643603,1.08191627358392));
#5576=CARTESIAN_POINT('',(9.90433841696649,-3.51572911643603,1.10747869051338));
#5577=CARTESIAN_POINT('',(9.30974060514333,-3.52694529610542,1.11700476091752));
#5578=CARTESIAN_POINT('',(9.052133659249,-3.52694529610542,1.11700476091752));
#5579=CARTESIAN_POINT('',(9.30974060514333,-3.75872816739383,1.11700476091752));
#5580=CARTESIAN_POINT('',(9.30974060514333,-3.52694529610542,1.11700476091752));
#5581=CARTESIAN_POINT('',(9.052133659249,-3.75872816739383,1.11700476091752));
#5582=CARTESIAN_POINT('',(9.30974060514333,-3.75872816739383,1.11700476091752));
#5583=CARTESIAN_POINT('',(9.64355611427078,-3.51572911643603,1.10747869051338));
#5584=CARTESIAN_POINT('',(9.64355611427078,-3.76994434706322,1.10747869051338));
#5585=CARTESIAN_POINT('',(9.36054631396541,-3.75872816739383,1.11700476091752));
#5586=CARTESIAN_POINT('',(9.60227647585284,-3.75872816739383,1.11700476091752));
#5587=CARTESIAN_POINT('',(9.61180254625698,-3.76994434706322,1.10747869051338));
#5588=CARTESIAN_POINT('',(9.61180254625698,-3.51572911643603,1.10747869051338));
#5589=CARTESIAN_POINT('',(9.35102024356127,-3.47834185087139,1.08191627358392));
#5590=CARTESIAN_POINT('',(9.35102024356127,-3.2241266202442,1.08191627358392));
#5591=CARTESIAN_POINT('',(9.35102024356127,-3.51572911643603,1.08191627358392));
#5592=CARTESIAN_POINT('',(9.35102024356127,-3.47834185087139,1.08191627358392));
#5593=CARTESIAN_POINT('',(9.31926667554747,-3.51572911643603,1.08191627358392));
#5594=CARTESIAN_POINT('',(9.31926667554747,-3.76994434706322,1.08191627358392));
#5595=CARTESIAN_POINT('',(9.31926667554747,-3.47834185087139,1.08191627358392));
#5596=CARTESIAN_POINT('',(9.31926667554747,-3.51572911643603,1.08191627358392));
#5597=CARTESIAN_POINT('',(9.93609198498029,-3.51572911643603,1.10747869051338));
#5598=CARTESIAN_POINT('',(9.93609198498029,-3.76994434706322,1.10747869051338));
#5599=CARTESIAN_POINT('',(9.64355611427078,-3.76994434706322,1.10747869051338));
#5600=CARTESIAN_POINT('',(9.90433841696649,-3.76994434706322,1.10747869051338));
#5601=CARTESIAN_POINT('',(9.64355611427078,-3.47834185087139,1.08191627358392));
#5602=CARTESIAN_POINT('',(9.64355611427078,-3.2241266202442,1.08191627358392));
#5603=CARTESIAN_POINT('',(9.64355611427078,-3.51572911643603,1.08191627358392));
#5604=CARTESIAN_POINT('',(9.64355611427078,-3.47834185087139,1.08191627358392));
#5605=CARTESIAN_POINT('',(9.61180254625698,-3.51572911643603,1.08191627358392));
#5606=CARTESIAN_POINT('',(9.61180254625698,-3.76994434706322,1.08191627358392));
#5607=CARTESIAN_POINT('',(9.61180254625698,-3.47834185087139,1.08191627358392));
#5608=CARTESIAN_POINT('',(9.61180254625698,-3.51572911643603,1.08191627358392));
#5609=CARTESIAN_POINT('',(9.94561805538443,-3.75872816739383,1.11700476091752));
#5610=CARTESIAN_POINT('',(10.2032250012788,-3.75872816739383,1.11700476091752));
#5611=CARTESIAN_POINT('',(9.89481234656235,-3.23534279991359,1.11700476091752));
#5612=CARTESIAN_POINT('',(9.65308218467492,-3.23534279991359,1.11700476091752));
#5613=CARTESIAN_POINT('',(9.93609198498029,-3.47834185087139,1.08191627358392));
#5614=CARTESIAN_POINT('',(9.93609198498029,-3.2241266202442,1.08191627358392));
#5615=CARTESIAN_POINT('',(9.93609198498029,-3.51572911643603,1.08191627358392));
#5616=CARTESIAN_POINT('',(9.93609198498029,-3.47834185087139,1.08191627358392));
#5617=CARTESIAN_POINT('',(9.90433841696649,-3.51572911643603,1.08191627358392));
#5618=CARTESIAN_POINT('',(9.90433841696649,-3.76994434706322,1.08191627358392));
#5619=CARTESIAN_POINT('',(9.90433841696649,-3.47834185087139,1.08191627358392));
#5620=CARTESIAN_POINT('',(9.90433841696649,-3.51572911643603,1.08191627358392));
#5621=CARTESIAN_POINT('',(10.2127510716829,-3.76994434706322,1.10747869051338));
#5622=CARTESIAN_POINT('',(10.2127510716829,-3.51572911643603,1.10747869051338));
#5623=CARTESIAN_POINT('',(9.36054631396541,-3.52694529610542,1.11700476091752));
#5624=CARTESIAN_POINT('',(9.36054631396541,-3.75872816739383,1.11700476091752));
#5625=CARTESIAN_POINT('',(9.93609198498029,-3.47834185087139,1.08191627358392));
#5626=CARTESIAN_POINT('',(10.2127510716829,-3.47834185087139,1.08191627358392));
#5627=CARTESIAN_POINT('',(9.64355611427078,-3.47834185087139,1.08191627358392));
#5628=CARTESIAN_POINT('',(9.90433841696649,-3.47834185087139,1.08191627358392));
#5629=CARTESIAN_POINT('',(9.35102024356127,-3.47834185087139,1.08191627358392));
#5630=CARTESIAN_POINT('',(9.61180254625698,-3.47834185087139,1.08191627358392));
#5631=CARTESIAN_POINT('',(9.31926667554747,-3.51572911643603,1.08191627358392));
#5632=CARTESIAN_POINT('',(9.04260758884486,-3.51572911643603,1.08191627358392));
#5633=CARTESIAN_POINT('',(9.61180254625698,-3.51572911643603,1.08191627358392));
#5634=CARTESIAN_POINT('',(9.35102024356127,-3.51572911643603,1.08191627358392));
#5635=CARTESIAN_POINT('',(9.90433841696649,-3.51572911643603,1.08191627358392));
#5636=CARTESIAN_POINT('',(9.64355611427078,-3.51572911643603,1.08191627358392));
#5637=CARTESIAN_POINT('',(9.31926667554747,-3.47834185087139,1.10747869051338));
#5638=CARTESIAN_POINT('',(9.31926667554747,-3.2241266202442,1.10747869051338));
#5639=CARTESIAN_POINT('',(9.04260758884486,-3.76994434706322,1.10747869051338));
#5640=CARTESIAN_POINT('',(9.31926667554747,-3.76994434706322,1.10747869051338));
#5641=CARTESIAN_POINT('',(9.30974060514333,-3.23534279991359,1.11700476091752));
#5642=CARTESIAN_POINT('',(9.052133659249,-3.23534279991359,1.11700476091752));
#5643=CARTESIAN_POINT('',(9.052133659249,-3.23534279991359,1.11700476091752));
#5644=CARTESIAN_POINT('',(9.052133659249,-3.46712567120201,1.11700476091752));
#5645=CARTESIAN_POINT('',(9.30974060514333,-3.46712567120201,1.11700476091752));
#5646=CARTESIAN_POINT('',(9.30974060514333,-3.23534279991359,1.11700476091752));
#5647=CARTESIAN_POINT('',(9.052133659249,-3.46712567120201,1.11700476091752));
#5648=CARTESIAN_POINT('',(9.30974060514333,-3.46712567120201,1.11700476091752));
#5649=CARTESIAN_POINT('',(9.64355611427078,-3.2241266202442,1.10747869051338));
#5650=CARTESIAN_POINT('',(9.64355611427078,-3.47834185087139,1.10747869051338));
#5651=CARTESIAN_POINT('',(9.61180254625698,-3.47834185087139,1.10747869051338));
#5652=CARTESIAN_POINT('',(9.61180254625698,-3.2241266202442,1.10747869051338));
#5653=CARTESIAN_POINT('',(9.90433841696649,-3.76994434706322,1.10747869051338));
#5654=CARTESIAN_POINT('',(9.90433841696649,-3.51572911643603,1.10747869051338));
#5655=CARTESIAN_POINT('',(9.36054631396541,-3.23534279991359,1.11700476091752));
#5656=CARTESIAN_POINT('',(9.36054631396541,-3.46712567120201,1.11700476091752));
#5657=CARTESIAN_POINT('',(9.60227647585284,-3.23534279991359,1.11700476091752));
#5658=CARTESIAN_POINT('',(9.36054631396541,-3.23534279991359,1.11700476091752));
#5659=CARTESIAN_POINT('',(9.60227647585284,-3.46712567120201,1.11700476091752));
#5660=CARTESIAN_POINT('',(9.60227647585284,-3.23534279991359,1.11700476091752));
#5661=CARTESIAN_POINT('',(9.36054631396541,-3.46712567120201,1.11700476091752));
#5662=CARTESIAN_POINT('',(9.60227647585284,-3.46712567120201,1.11700476091752));
#5663=CARTESIAN_POINT('',(9.93609198498029,-3.2241266202442,1.10747869051338));
#5664=CARTESIAN_POINT('',(9.93609198498029,-3.47834185087139,1.10747869051338));
#5665=CARTESIAN_POINT('',(9.90433841696649,-3.47834185087139,1.10747869051338));
#5666=CARTESIAN_POINT('',(9.90433841696649,-3.2241266202442,1.10747869051338));
#5667=CARTESIAN_POINT('',(9.31926667554747,-3.76994434706322,1.10747869051338));
#5668=CARTESIAN_POINT('',(9.31926667554747,-3.51572911643603,1.10747869051338));
#5669=CARTESIAN_POINT('',(9.94561805538443,-3.23534279991359,1.11700476091752));
#5670=CARTESIAN_POINT('',(9.94561805538443,-3.46712567120201,1.11700476091752));
#5671=CARTESIAN_POINT('',(10.2032250012788,-3.46712567120201,1.11700476091752));
#5672=CARTESIAN_POINT('',(10.2032250012788,-3.23534279991359,1.11700476091752));
#5673=CARTESIAN_POINT('',(9.94561805538443,-3.46712567120201,1.11700476091752));
#5674=CARTESIAN_POINT('',(10.2032250012788,-3.46712567120201,1.11700476091752));
#5675=CARTESIAN_POINT('',(10.2032250012788,-3.23534279991359,1.11700476091752));
#5676=CARTESIAN_POINT('',(9.94561805538443,-3.23534279991359,1.11700476091752));
#5677=CARTESIAN_POINT('',(9.89481234656235,-3.75872816739383,1.11700476091752));
#5678=CARTESIAN_POINT('',(9.89481234656235,-3.52694529610542,1.11700476091752));
#5679=CARTESIAN_POINT('',(9.65308218467492,-3.75872816739383,1.11700476091752));
#5680=CARTESIAN_POINT('',(9.89481234656235,-3.75872816739383,1.11700476091752));
#5681=CARTESIAN_POINT('',(9.89481234656235,-3.52694529610542,1.11700476091752));
#5682=CARTESIAN_POINT('',(9.65308218467492,-3.52694529610542,1.11700476091752));
#5683=CARTESIAN_POINT('',(9.65308218467492,-3.52694529610542,1.11700476091752));
#5684=CARTESIAN_POINT('',(9.65308218467492,-3.75872816739383,1.11700476091752));
#5685=CARTESIAN_POINT('',(9.04260758884486,-3.47834185087139,1.10747869051338));
#5686=CARTESIAN_POINT('',(9.31926667554747,-3.47834185087139,1.10747869051338));
#5687=CARTESIAN_POINT('',(9.64355611427078,-3.47834185087139,1.10747869051338));
#5688=CARTESIAN_POINT('',(9.90433841696649,-3.47834185087139,1.10747869051338));
#5689=CARTESIAN_POINT('',(9.93609198498029,-3.47834185087139,1.10747869051338));
#5690=CARTESIAN_POINT('',(10.2127510716829,-3.47834185087139,1.10747869051338));
#5691=CARTESIAN_POINT('',(9.35102024356127,-3.47834185087139,1.10747869051338));
#5692=CARTESIAN_POINT('',(9.61180254625698,-3.47834185087139,1.10747869051338));
#5693=CARTESIAN_POINT('',(9.90433841696649,-3.51572911643603,1.10747869051338));
#5694=CARTESIAN_POINT('',(9.64355611427078,-3.51572911643603,1.10747869051338));
#5695=CARTESIAN_POINT('',(10.2127510716829,-3.51572911643603,1.10747869051338));
#5696=CARTESIAN_POINT('',(9.93609198498029,-3.51572911643603,1.10747869051338));
#5697=CARTESIAN_POINT('',(9.61180254625698,-3.51572911643603,1.10747869051338));
#5698=CARTESIAN_POINT('',(9.35102024356127,-3.51572911643603,1.10747869051338));
#5699=CARTESIAN_POINT('',(9.31926667554747,-3.51572911643603,1.10747869051338));
#5700=CARTESIAN_POINT('',(9.04260758884486,-3.51572911643603,1.10747869051338));
#5701=CARTESIAN_POINT('',(10.2127510716829,-3.76994434706322,1.10747869051338));
#5702=CARTESIAN_POINT('',(10.2127510716829,-3.76994434706322,1.10799442282034));
#5703=CARTESIAN_POINT('',(10.2126625209266,-3.76984008568891,1.10907220302809));
#5704=CARTESIAN_POINT('',(10.2122531878367,-3.76935812898626,1.11066860960126));
#5705=CARTESIAN_POINT('',(10.211546109645,-3.76852560143793,1.11222199910762));
#5706=CARTESIAN_POINT('',(10.2105530700564,-3.76735637740619,1.11364827910407));
#5707=CARTESIAN_POINT('',(10.2093132437936,-3.76589658196772,1.1148741070918));
#5708=CARTESIAN_POINT('',(10.2078882286758,-3.76421874158706,1.11584391181932));
#5709=CARTESIAN_POINT('',(10.2063532465171,-3.76241142388407,1.11652724290039));
#5710=CARTESIAN_POINT('',(10.2047864308481,-3.76056662479004,1.1169199515028));
#5711=CARTESIAN_POINT('',(10.2037382094775,-3.75933242866005,1.11700532955076));
#5712=CARTESIAN_POINT('',(10.2032250012788,-3.75872816739383,1.11700476091752));
#5713=CARTESIAN_POINT('',(10.2127510716829,-3.51572911643603,1.10747869051338));
#5714=CARTESIAN_POINT('',(10.2127510716829,-3.51572911643603,1.10799442282034));
#5715=CARTESIAN_POINT('',(10.2126625209266,-3.51583337781034,1.10907220302809));
#5716=CARTESIAN_POINT('',(10.2122531878367,-3.51631533451299,1.11066860960126));
#5717=CARTESIAN_POINT('',(10.211546109645,-3.51714786206132,1.11222199910762));
#5718=CARTESIAN_POINT('',(10.2105530700564,-3.51831708609306,1.11364827910407));
#5719=CARTESIAN_POINT('',(10.2093132437936,-3.51977688153153,1.1148741070918));
#5720=CARTESIAN_POINT('',(10.2078882286758,-3.52145472191219,1.11584391181932));
#5721=CARTESIAN_POINT('',(10.2063532465171,-3.52326203961518,1.11652724290039));
#5722=CARTESIAN_POINT('',(10.2047864308481,-3.52510683870921,1.1169199515028));
#5723=CARTESIAN_POINT('',(10.2037382094775,-3.5263410348392,1.11700532955076));
#5724=CARTESIAN_POINT('',(10.2032250012788,-3.52694529610542,1.11700476091752));
#5725=CARTESIAN_POINT('',(10.2032250012788,-3.23534279991359,1.11700476091752));
#5726=CARTESIAN_POINT('',(10.2037382094775,-3.23473853864737,1.11700532955076));
#5727=CARTESIAN_POINT('',(10.2047864308481,-3.23350434251738,1.1169199515028));
#5728=CARTESIAN_POINT('',(10.2063532465171,-3.23165954342335,1.11652724290039));
#5729=CARTESIAN_POINT('',(10.2078882286758,-3.22985222572036,1.11584391181932));
#5730=CARTESIAN_POINT('',(10.2093132437936,-3.2281743853397,1.1148741070918));
#5731=CARTESIAN_POINT('',(10.2105530700564,-3.22671458990123,1.11364827910407));
#5732=CARTESIAN_POINT('',(10.211546109645,-3.22554536586949,1.11222199910762));
#5733=CARTESIAN_POINT('',(10.2122531878367,-3.22471283832116,1.11066860960126));
#5734=CARTESIAN_POINT('',(10.2126625209266,-3.22423088161851,1.10907220302809));
#5735=CARTESIAN_POINT('',(10.2127510716829,-3.2241266202442,1.10799442282034));
#5736=CARTESIAN_POINT('',(10.2127510716829,-3.2241266202442,1.10747869051338));
#5737=CARTESIAN_POINT('',(9.04260758884486,-3.2241266202442,1.10747869051338));
#5738=CARTESIAN_POINT('',(9.04260758884486,-3.2241266202442,1.10799442282034));
#5739=CARTESIAN_POINT('',(9.04269613960112,-3.22423088161851,1.10907220302809));
#5740=CARTESIAN_POINT('',(9.04310547269104,-3.22471283832116,1.11066860960126));
#5741=CARTESIAN_POINT('',(9.04381255088278,-3.22554536586949,1.11222199910762));
#5742=CARTESIAN_POINT('',(9.04480559047138,-3.22671458990123,1.11364827910407));
#5743=CARTESIAN_POINT('',(9.04604541673419,-3.2281743853397,1.1148741070918));
#5744=CARTESIAN_POINT('',(9.04747043185201,-3.22985222572036,1.11584391181932));
#5745=CARTESIAN_POINT('',(9.04900541401071,-3.23165954342335,1.11652724290039));
#5746=CARTESIAN_POINT('',(9.05057222967962,-3.23350434251738,1.1169199515028));
#5747=CARTESIAN_POINT('',(9.05162045105029,-3.23473853864737,1.11700532955076));
#5748=CARTESIAN_POINT('',(9.052133659249,-3.23534279991359,1.11700476091752));
#5749=CARTESIAN_POINT('',(9.31926667554747,-3.76994434706322,1.10747869051338));
#5750=CARTESIAN_POINT('',(9.31926667554747,-3.76994434706322,1.10799442282034));
#5751=CARTESIAN_POINT('',(9.31917812479121,-3.76984008568891,1.10907220302809));
#5752=CARTESIAN_POINT('',(9.31876879170128,-3.76935812898626,1.11066860960126));
#5753=CARTESIAN_POINT('',(9.31806171350955,-3.76852560143793,1.11222199910762));
#5754=CARTESIAN_POINT('',(9.31706867392095,-3.76735637740619,1.11364827910407));
#5755=CARTESIAN_POINT('',(9.31582884765814,-3.76589658196772,1.1148741070918));
#5756=CARTESIAN_POINT('',(9.31440383254032,-3.76421874158706,1.11584391181932));
#5757=CARTESIAN_POINT('',(9.31286885038162,-3.76241142388407,1.11652724290039));
#5758=CARTESIAN_POINT('',(9.31130203471271,-3.76056662479004,1.1169199515028));
#5759=CARTESIAN_POINT('',(9.31025381334203,-3.75933242866005,1.11700532955076));
#5760=CARTESIAN_POINT('',(9.30974060514333,-3.75872816739383,1.11700476091752));
#5761=CARTESIAN_POINT('',(9.35102024356127,-3.51572911643603,1.10747869051338));
#5762=CARTESIAN_POINT('',(9.35102024356127,-3.51572911643603,1.10799442282034));
#5763=CARTESIAN_POINT('',(9.35110879431753,-3.51583337781034,1.10907220302809));
#5764=CARTESIAN_POINT('',(9.35151812740746,-3.51631533451299,1.11066860960126));
#5765=CARTESIAN_POINT('',(9.35222520559919,-3.51714786206132,1.11222199910762));
#5766=CARTESIAN_POINT('',(9.35321824518779,-3.51831708609306,1.11364827910407));
#5767=CARTESIAN_POINT('',(9.3544580714506,-3.51977688153153,1.1148741070918));
#5768=CARTESIAN_POINT('',(9.35588308656842,-3.52145472191219,1.11584391181932));
#5769=CARTESIAN_POINT('',(9.35741806872712,-3.52326203961518,1.11652724290039));
#5770=CARTESIAN_POINT('',(9.35898488439603,-3.52510683870921,1.1169199515028));
#5771=CARTESIAN_POINT('',(9.3600331057667,-3.5263410348392,1.11700532955076));
#5772=CARTESIAN_POINT('',(9.36054631396541,-3.52694529610542,1.11700476091752));
#5773=CARTESIAN_POINT('',(9.30974060514333,-3.23534279991359,1.11700476091752));
#5774=CARTESIAN_POINT('',(9.31025381334203,-3.23473853864737,1.11700532955076));
#5775=CARTESIAN_POINT('',(9.31130203471271,-3.23350434251738,1.1169199515028));
#5776=CARTESIAN_POINT('',(9.31286885038162,-3.23165954342335,1.11652724290039));
#5777=CARTESIAN_POINT('',(9.31440383254032,-3.22985222572036,1.11584391181932));
#5778=CARTESIAN_POINT('',(9.31582884765814,-3.2281743853397,1.1148741070918));
#5779=CARTESIAN_POINT('',(9.31706867392095,-3.22671458990123,1.11364827910407));
#5780=CARTESIAN_POINT('',(9.31806171350955,-3.22554536586949,1.11222199910762));
#5781=CARTESIAN_POINT('',(9.31876879170128,-3.22471283832116,1.11066860960126));
#5782=CARTESIAN_POINT('',(9.31917812479121,-3.22423088161851,1.10907220302809));
#5783=CARTESIAN_POINT('',(9.31926667554747,-3.2241266202442,1.10799442282034));
#5784=CARTESIAN_POINT('',(9.31926667554747,-3.2241266202442,1.10747869051338));
#5785=CARTESIAN_POINT('',(9.36054631396541,-3.75872816739383,1.11700476091752));
#5786=CARTESIAN_POINT('',(9.3600331057667,-3.75933242866005,1.11700532955076));
#5787=CARTESIAN_POINT('',(9.35898488439603,-3.76056662479004,1.1169199515028));
#5788=CARTESIAN_POINT('',(9.35741806872712,-3.76241142388407,1.11652724290039));
#5789=CARTESIAN_POINT('',(9.35588308656842,-3.76421874158706,1.11584391181932));
#5790=CARTESIAN_POINT('',(9.3544580714506,-3.76589658196772,1.1148741070918));
#5791=CARTESIAN_POINT('',(9.35321824518779,-3.76735637740619,1.11364827910407));
#5792=CARTESIAN_POINT('',(9.35222520559919,-3.76852560143793,1.11222199910762));
#5793=CARTESIAN_POINT('',(9.35151812740745,-3.76935812898626,1.11066860960126));
#5794=CARTESIAN_POINT('',(9.35110879431753,-3.76984008568891,1.10907220302809));
#5795=CARTESIAN_POINT('',(9.35102024356127,-3.76994434706322,1.10799442282034));
#5796=CARTESIAN_POINT('',(9.35102024356127,-3.76994434706322,1.10747869051338));
#5797=CARTESIAN_POINT('',(9.65308218467492,-3.75872816739383,1.11700476091752));
#5798=CARTESIAN_POINT('',(9.65256897647621,-3.75933242866005,1.11700532955076));
#5799=CARTESIAN_POINT('',(9.65152075510554,-3.76056662479004,1.1169199515028));
#5800=CARTESIAN_POINT('',(9.64995393943663,-3.76241142388407,1.11652724290039));
#5801=CARTESIAN_POINT('',(9.64841895727793,-3.76421874158706,1.11584391181932));
#5802=CARTESIAN_POINT('',(9.64699394216011,-3.76589658196772,1.1148741070918));
#5803=CARTESIAN_POINT('',(9.6457541158973,-3.76735637740619,1.11364827910407));
#5804=CARTESIAN_POINT('',(9.6447610763087,-3.76852560143793,1.11222199910762));
#5805=CARTESIAN_POINT('',(9.64405399811697,-3.76935812898626,1.11066860960126));
#5806=CARTESIAN_POINT('',(9.64364466502704,-3.76984008568891,1.10907220302809));
#5807=CARTESIAN_POINT('',(9.64355611427078,-3.76994434706322,1.10799442282034));
#5808=CARTESIAN_POINT('',(9.64355611427078,-3.76994434706322,1.10747869051338));
#5809=CARTESIAN_POINT('',(9.60227647585284,-3.23534279991359,1.11700476091752));
#5810=CARTESIAN_POINT('',(9.60278968405154,-3.23473853864737,1.11700532955076));
#5811=CARTESIAN_POINT('',(9.60383790542222,-3.23350434251738,1.1169199515028));
#5812=CARTESIAN_POINT('',(9.60540472109113,-3.23165954342335,1.11652724290039));
#5813=CARTESIAN_POINT('',(9.60693970324983,-3.22985222572036,1.11584391181932));
#5814=CARTESIAN_POINT('',(9.60836471836765,-3.2281743853397,1.1148741070918));
#5815=CARTESIAN_POINT('',(9.60960454463046,-3.22671458990123,1.11364827910407));
#5816=CARTESIAN_POINT('',(9.61059758421906,-3.22554536586949,1.11222199910762));
#5817=CARTESIAN_POINT('',(9.61130466241079,-3.22471283832116,1.11066860960126));
#5818=CARTESIAN_POINT('',(9.61171399550072,-3.22423088161851,1.10907220302809));
#5819=CARTESIAN_POINT('',(9.61180254625698,-3.2241266202442,1.10799442282034));
#5820=CARTESIAN_POINT('',(9.61180254625698,-3.2241266202442,1.10747869051338));
#5821=CARTESIAN_POINT('',(9.61180254625698,-3.47834185087139,1.10747869051338));
#5822=CARTESIAN_POINT('',(9.61180254625698,-3.47834185087139,1.10799442282034));
#5823=CARTESIAN_POINT('',(9.61171399550072,-3.47823758949709,1.10907220302809));
#5824=CARTESIAN_POINT('',(9.61130466241079,-3.47775563279443,1.11066860960126));
#5825=CARTESIAN_POINT('',(9.61059758421906,-3.4769231052461,1.11222199910762));
#5826=CARTESIAN_POINT('',(9.60960454463046,-3.47575388121436,1.11364827910407));
#5827=CARTESIAN_POINT('',(9.60836471836765,-3.4742940857759,1.1148741070918));
#5828=CARTESIAN_POINT('',(9.60693970324983,-3.47261624539523,1.11584391181932));
#5829=CARTESIAN_POINT('',(9.60540472109113,-3.47080892769225,1.11652724290039));
#5830=CARTESIAN_POINT('',(9.60383790542222,-3.46896412859821,1.1169199515028));
#5831=CARTESIAN_POINT('',(9.60278968405155,-3.46772993246822,1.11700532955076));
#5832=CARTESIAN_POINT('',(9.60227647585284,-3.46712567120201,1.11700476091752));
#5833=CARTESIAN_POINT('',(9.90433841696649,-3.76994434706322,1.10747869051338));
#5834=CARTESIAN_POINT('',(9.90433841696649,-3.76994434706322,1.10799442282034));
#5835=CARTESIAN_POINT('',(9.90424986621023,-3.76984008568891,1.10907220302809));
#5836=CARTESIAN_POINT('',(9.90384053312031,-3.76935812898626,1.11066860960126));
#5837=CARTESIAN_POINT('',(9.90313345492857,-3.76852560143793,1.11222199910762));
#5838=CARTESIAN_POINT('',(9.90214041533997,-3.76735637740619,1.11364827910407));
#5839=CARTESIAN_POINT('',(9.90090058907717,-3.76589658196772,1.1148741070918));
#5840=CARTESIAN_POINT('',(9.89947557395934,-3.76421874158706,1.11584391181932));
#5841=CARTESIAN_POINT('',(9.89794059180064,-3.76241142388407,1.11652724290039));
#5842=CARTESIAN_POINT('',(9.89637377613174,-3.76056662479004,1.1169199515028));
#5843=CARTESIAN_POINT('',(9.89532555476106,-3.75933242866005,1.11700532955076));
#5844=CARTESIAN_POINT('',(9.89481234656235,-3.75872816739383,1.11700476091752));
#5845=CARTESIAN_POINT('',(9.94561805538443,-3.75872816739383,1.11700476091752));
#5846=CARTESIAN_POINT('',(9.94510484718573,-3.75933242866005,1.11700532955076));
#5847=CARTESIAN_POINT('',(9.94405662581505,-3.76056662479004,1.1169199515028));
#5848=CARTESIAN_POINT('',(9.94248981014614,-3.76241142388407,1.11652724290039));
#5849=CARTESIAN_POINT('',(9.94095482798744,-3.76421874158706,1.11584391181932));
#5850=CARTESIAN_POINT('',(9.93952981286962,-3.76589658196772,1.1148741070918));
#5851=CARTESIAN_POINT('',(9.93828998660681,-3.76735637740619,1.11364827910407));
#5852=CARTESIAN_POINT('',(9.93729694701821,-3.76852560143793,1.11222199910762));
#5853=CARTESIAN_POINT('',(9.93658986882648,-3.76935812898626,1.11066860960126));
#5854=CARTESIAN_POINT('',(9.93618053573655,-3.76984008568891,1.10907220302809));
#5855=CARTESIAN_POINT('',(9.93609198498029,-3.76994434706322,1.10799442282034));
#5856=CARTESIAN_POINT('',(9.93609198498029,-3.76994434706322,1.10747869051338));
#5857=CARTESIAN_POINT('',(9.93609198498029,-3.51572911643603,1.10747869051338));
#5858=CARTESIAN_POINT('',(9.93609198498029,-3.51572911643603,1.10799442282034));
#5859=CARTESIAN_POINT('',(9.93618053573655,-3.51583337781033,1.10907220302809));
#5860=CARTESIAN_POINT('',(9.93658986882648,-3.51631533451299,1.11066860960126));
#5861=CARTESIAN_POINT('',(9.93729694701821,-3.51714786206132,1.11222199910762));
#5862=CARTESIAN_POINT('',(9.93828998660681,-3.51831708609306,1.11364827910407));
#5863=CARTESIAN_POINT('',(9.93952981286962,-3.51977688153153,1.1148741070918));
#5864=CARTESIAN_POINT('',(9.94095482798744,-3.52145472191219,1.11584391181932));
#5865=CARTESIAN_POINT('',(9.94248981014614,-3.52326203961518,1.11652724290039));
#5866=CARTESIAN_POINT('',(9.94405662581505,-3.52510683870921,1.1169199515028));
#5867=CARTESIAN_POINT('',(9.94510484718573,-3.5263410348392,1.11700532955076));
#5868=CARTESIAN_POINT('',(9.94561805538443,-3.52694529610542,1.11700476091752));
#5869=CARTESIAN_POINT('',(9.89481234656235,-3.23534279991359,1.11700476091752));
#5870=CARTESIAN_POINT('',(9.89532555476106,-3.23473853864737,1.11700532955076));
#5871=CARTESIAN_POINT('',(9.89637377613174,-3.23350434251738,1.1169199515028));
#5872=CARTESIAN_POINT('',(9.89794059180064,-3.23165954342335,1.11652724290039));
#5873=CARTESIAN_POINT('',(9.89947557395934,-3.22985222572036,1.11584391181932));
#5874=CARTESIAN_POINT('',(9.90090058907717,-3.2281743853397,1.1148741070918));
#5875=CARTESIAN_POINT('',(9.90214041533997,-3.22671458990123,1.11364827910407));
#5876=CARTESIAN_POINT('',(9.90313345492857,-3.22554536586949,1.11222199910762));
#5877=CARTESIAN_POINT('',(9.90384053312031,-3.22471283832116,1.11066860960126));
#5878=CARTESIAN_POINT('',(9.90424986621023,-3.22423088161851,1.10907220302809));
#5879=CARTESIAN_POINT('',(9.90433841696649,-3.2241266202442,1.10799442282034));
#5880=CARTESIAN_POINT('',(9.90433841696649,-3.2241266202442,1.10747869051338));
#5881=CARTESIAN_POINT('',(9.04260758884486,-3.47834185087139,1.10747869051338));
#5882=CARTESIAN_POINT('',(9.04260758884486,-3.47834185087139,1.10799442282034));
#5883=CARTESIAN_POINT('',(9.04269613960112,-3.47823758949709,1.10907220302809));
#5884=CARTESIAN_POINT('',(9.04310547269104,-3.47775563279443,1.11066860960126));
#5885=CARTESIAN_POINT('',(9.04381255088278,-3.4769231052461,1.11222199910762));
#5886=CARTESIAN_POINT('',(9.04480559047138,-3.47575388121436,1.11364827910407));
#5887=CARTESIAN_POINT('',(9.04604541673419,-3.4742940857759,1.1148741070918));
#5888=CARTESIAN_POINT('',(9.04747043185201,-3.47261624539523,1.11584391181932));
#5889=CARTESIAN_POINT('',(9.04900541401071,-3.47080892769225,1.11652724290039));
#5890=CARTESIAN_POINT('',(9.05057222967962,-3.46896412859821,1.1169199515028));
#5891=CARTESIAN_POINT('',(9.05162045105029,-3.46772993246822,1.11700532955076));
#5892=CARTESIAN_POINT('',(9.052133659249,-3.46712567120201,1.11700476091752));
#5893=CARTESIAN_POINT('',(9.31926667554747,-3.47834185087139,1.10747869051338));
#5894=CARTESIAN_POINT('',(9.31926667554747,-3.47834185087139,1.10799442282034));
#5895=CARTESIAN_POINT('',(9.31917812479121,-3.47823758949709,1.10907220302809));
#5896=CARTESIAN_POINT('',(9.31876879170128,-3.47775563279443,1.11066860960126));
#5897=CARTESIAN_POINT('',(9.31806171350955,-3.4769231052461,1.11222199910762));
#5898=CARTESIAN_POINT('',(9.31706867392095,-3.47575388121436,1.11364827910407));
#5899=CARTESIAN_POINT('',(9.31582884765814,-3.4742940857759,1.1148741070918));
#5900=CARTESIAN_POINT('',(9.31440383254032,-3.47261624539523,1.11584391181932));
#5901=CARTESIAN_POINT('',(9.31286885038162,-3.47080892769225,1.11652724290039));
#5902=CARTESIAN_POINT('',(9.31130203471271,-3.46896412859821,1.1169199515028));
#5903=CARTESIAN_POINT('',(9.31025381334203,-3.46772993246822,1.11700532955076));
#5904=CARTESIAN_POINT('',(9.30974060514333,-3.46712567120201,1.11700476091752));
#5905=CARTESIAN_POINT('',(9.35102024356127,-3.47834185087139,1.10747869051338));
#5906=CARTESIAN_POINT('',(9.35102024356127,-3.47834185087139,1.10799442282034));
#5907=CARTESIAN_POINT('',(9.35110879431753,-3.47823758949709,1.10907220302809));
#5908=CARTESIAN_POINT('',(9.35151812740745,-3.47775563279443,1.11066860960126));
#5909=CARTESIAN_POINT('',(9.35222520559919,-3.4769231052461,1.11222199910762));
#5910=CARTESIAN_POINT('',(9.35321824518779,-3.47575388121436,1.11364827910407));
#5911=CARTESIAN_POINT('',(9.3544580714506,-3.4742940857759,1.1148741070918));
#5912=CARTESIAN_POINT('',(9.35588308656842,-3.47261624539523,1.11584391181932));
#5913=CARTESIAN_POINT('',(9.35741806872712,-3.47080892769225,1.11652724290039));
#5914=CARTESIAN_POINT('',(9.35898488439603,-3.46896412859821,1.1169199515028));
#5915=CARTESIAN_POINT('',(9.3600331057667,-3.46772993246822,1.11700532955076));
#5916=CARTESIAN_POINT('',(9.36054631396541,-3.46712567120201,1.11700476091752));
#5917=CARTESIAN_POINT('',(9.89481234656235,-3.46712567120201,1.11700476091752));
#5918=CARTESIAN_POINT('',(9.89532555476106,-3.46772993246822,1.11700532955076));
#5919=CARTESIAN_POINT('',(9.89637377613174,-3.46896412859821,1.1169199515028));
#5920=CARTESIAN_POINT('',(9.89794059180064,-3.47080892769225,1.11652724290039));
#5921=CARTESIAN_POINT('',(9.89947557395934,-3.47261624539523,1.11584391181932));
#5922=CARTESIAN_POINT('',(9.90090058907717,-3.4742940857759,1.1148741070918));
#5923=CARTESIAN_POINT('',(9.90214041533997,-3.47575388121436,1.11364827910407));
#5924=CARTESIAN_POINT('',(9.90313345492857,-3.4769231052461,1.11222199910762));
#5925=CARTESIAN_POINT('',(9.90384053312031,-3.47775563279443,1.11066860960126));
#5926=CARTESIAN_POINT('',(9.90424986621023,-3.47823758949709,1.10907220302809));
#5927=CARTESIAN_POINT('',(9.90433841696649,-3.47834185087139,1.10799442282034));
#5928=CARTESIAN_POINT('',(9.90433841696649,-3.47834185087139,1.10747869051338));
#5929=CARTESIAN_POINT('',(9.64355611427078,-3.51572911643603,1.10747869051338));
#5930=CARTESIAN_POINT('',(9.64355611427078,-3.51572911643603,1.10799442282034));
#5931=CARTESIAN_POINT('',(9.64364466502704,-3.51583337781034,1.10907220302809));
#5932=CARTESIAN_POINT('',(9.64405399811697,-3.51631533451299,1.11066860960126));
#5933=CARTESIAN_POINT('',(9.6447610763087,-3.51714786206132,1.11222199910762));
#5934=CARTESIAN_POINT('',(9.6457541158973,-3.51831708609306,1.11364827910407));
#5935=CARTESIAN_POINT('',(9.64699394216011,-3.51977688153153,1.1148741070918));
#5936=CARTESIAN_POINT('',(9.64841895727793,-3.52145472191219,1.11584391181932));
#5937=CARTESIAN_POINT('',(9.64995393943663,-3.52326203961518,1.11652724290039));
#5938=CARTESIAN_POINT('',(9.65152075510554,-3.52510683870921,1.1169199515028));
#5939=CARTESIAN_POINT('',(9.65256897647621,-3.5263410348392,1.11700532955076));
#5940=CARTESIAN_POINT('',(9.65308218467492,-3.52694529610542,1.11700476091752));
#5941=CARTESIAN_POINT('',(10.2032250012788,-3.46712567120201,1.11700476091752));
#5942=CARTESIAN_POINT('',(10.2037382094775,-3.46772993246822,1.11700532955076));
#5943=CARTESIAN_POINT('',(10.2047864308481,-3.46896412859821,1.1169199515028));
#5944=CARTESIAN_POINT('',(10.2063532465171,-3.47080892769225,1.11652724290039));
#5945=CARTESIAN_POINT('',(10.2078882286758,-3.47261624539523,1.11584391181932));
#5946=CARTESIAN_POINT('',(10.2093132437936,-3.4742940857759,1.1148741070918));
#5947=CARTESIAN_POINT('',(10.2105530700564,-3.47575388121436,1.11364827910407));
#5948=CARTESIAN_POINT('',(10.211546109645,-3.4769231052461,1.11222199910762));
#5949=CARTESIAN_POINT('',(10.2122531878367,-3.47775563279443,1.11066860960126));
#5950=CARTESIAN_POINT('',(10.2126625209266,-3.47823758949709,1.10907220302809));
#5951=CARTESIAN_POINT('',(10.2127510716829,-3.47834185087139,1.10799442282034));
#5952=CARTESIAN_POINT('',(10.2127510716829,-3.47834185087139,1.10747869051338));
#5953=CARTESIAN_POINT('',(9.04260758884486,-3.76994434706322,1.10747869051338));
#5954=CARTESIAN_POINT('',(9.04260758884486,-3.76994434706322,1.10799442282034));
#5955=CARTESIAN_POINT('',(9.04269613960112,-3.76984008568891,1.10907220302809));
#5956=CARTESIAN_POINT('',(9.04310547269104,-3.76935812898626,1.11066860960126));
#5957=CARTESIAN_POINT('',(9.04381255088278,-3.76852560143793,1.11222199910762));
#5958=CARTESIAN_POINT('',(9.04480559047138,-3.76735637740619,1.11364827910407));
#5959=CARTESIAN_POINT('',(9.04604541673418,-3.76589658196772,1.1148741070918));
#5960=CARTESIAN_POINT('',(9.04747043185201,-3.76421874158706,1.11584391181932));
#5961=CARTESIAN_POINT('',(9.04900541401071,-3.76241142388407,1.11652724290039));
#5962=CARTESIAN_POINT('',(9.05057222967962,-3.76056662479004,1.1169199515028));
#5963=CARTESIAN_POINT('',(9.05162045105029,-3.75933242866005,1.11700532955076));
#5964=CARTESIAN_POINT('',(9.052133659249,-3.75872816739383,1.11700476091752));
#5965=CARTESIAN_POINT('',(9.052133659249,-3.52694529610542,1.11700476091752));
#5966=CARTESIAN_POINT('',(9.05162045105029,-3.5263410348392,1.11700532955076));
#5967=CARTESIAN_POINT('',(9.05057222967962,-3.52510683870921,1.1169199515028));
#5968=CARTESIAN_POINT('',(9.04900541401071,-3.52326203961518,1.11652724290039));
#5969=CARTESIAN_POINT('',(9.04747043185201,-3.52145472191219,1.11584391181932));
#5970=CARTESIAN_POINT('',(9.04604541673419,-3.51977688153153,1.1148741070918));
#5971=CARTESIAN_POINT('',(9.04480559047138,-3.51831708609306,1.11364827910407));
#5972=CARTESIAN_POINT('',(9.04381255088278,-3.51714786206132,1.11222199910762));
#5973=CARTESIAN_POINT('',(9.04310547269104,-3.51631533451299,1.11066860960126));
#5974=CARTESIAN_POINT('',(9.04269613960112,-3.51583337781034,1.10907220302809));
#5975=CARTESIAN_POINT('',(9.04260758884486,-3.51572911643603,1.10799442282034));
#5976=CARTESIAN_POINT('',(9.04260758884486,-3.51572911643603,1.10747869051338));
#5977=CARTESIAN_POINT('',(9.35102024356127,-3.2241266202442,1.10747869051338));
#5978=CARTESIAN_POINT('',(9.35102024356127,-3.2241266202442,1.10799442282034));
#5979=CARTESIAN_POINT('',(9.35110879431753,-3.22423088161851,1.10907220302809));
#5980=CARTESIAN_POINT('',(9.35151812740745,-3.22471283832116,1.11066860960127));
#5981=CARTESIAN_POINT('',(9.35222520559919,-3.22554536586949,1.11222199910762));
#5982=CARTESIAN_POINT('',(9.35321824518779,-3.22671458990123,1.11364827910407));
#5983=CARTESIAN_POINT('',(9.35445807145059,-3.2281743853397,1.1148741070918));
#5984=CARTESIAN_POINT('',(9.35588308656842,-3.22985222572036,1.11584391181932));
#5985=CARTESIAN_POINT('',(9.35741806872712,-3.23165954342335,1.11652724290039));
#5986=CARTESIAN_POINT('',(9.35898488439603,-3.23350434251738,1.1169199515028));
#5987=CARTESIAN_POINT('',(9.3600331057667,-3.23473853864737,1.11700532955076));
#5988=CARTESIAN_POINT('',(9.36054631396541,-3.23534279991359,1.11700476091752));
#5989=CARTESIAN_POINT('',(9.31926667554747,-3.51572911643603,1.10747869051338));
#5990=CARTESIAN_POINT('',(9.31926667554747,-3.51572911643603,1.10799442282034));
#5991=CARTESIAN_POINT('',(9.31917812479121,-3.51583337781033,1.10907220302809));
#5992=CARTESIAN_POINT('',(9.31876879170128,-3.51631533451299,1.11066860960126));
#5993=CARTESIAN_POINT('',(9.31806171350955,-3.51714786206132,1.11222199910762));
#5994=CARTESIAN_POINT('',(9.31706867392095,-3.51831708609306,1.11364827910407));
#5995=CARTESIAN_POINT('',(9.31582884765814,-3.51977688153153,1.1148741070918));
#5996=CARTESIAN_POINT('',(9.31440383254032,-3.52145472191219,1.11584391181932));
#5997=CARTESIAN_POINT('',(9.31286885038162,-3.52326203961518,1.11652724290039));
#5998=CARTESIAN_POINT('',(9.31130203471271,-3.52510683870921,1.1169199515028));
#5999=CARTESIAN_POINT('',(9.31025381334203,-3.5263410348392,1.11700532955076));
#6000=CARTESIAN_POINT('',(9.30974060514333,-3.52694529610542,1.11700476091752));
#6001=CARTESIAN_POINT('',(9.64355611427078,-3.2241266202442,1.10747869051338));
#6002=CARTESIAN_POINT('',(9.64355611427078,-3.2241266202442,1.10799442282034));
#6003=CARTESIAN_POINT('',(9.64364466502704,-3.22423088161851,1.10907220302809));
#6004=CARTESIAN_POINT('',(9.64405399811697,-3.22471283832116,1.11066860960127));
#6005=CARTESIAN_POINT('',(9.6447610763087,-3.22554536586949,1.11222199910762));
#6006=CARTESIAN_POINT('',(9.6457541158973,-3.22671458990123,1.11364827910407));
#6007=CARTESIAN_POINT('',(9.64699394216011,-3.2281743853397,1.1148741070918));
#6008=CARTESIAN_POINT('',(9.64841895727793,-3.22985222572036,1.11584391181932));
#6009=CARTESIAN_POINT('',(9.64995393943663,-3.23165954342335,1.11652724290039));
#6010=CARTESIAN_POINT('',(9.65152075510554,-3.23350434251738,1.1169199515028));
#6011=CARTESIAN_POINT('',(9.65256897647621,-3.23473853864737,1.11700532955076));
#6012=CARTESIAN_POINT('',(9.65308218467492,-3.23534279991359,1.11700476091752));
#6013=CARTESIAN_POINT('',(9.64355611427078,-3.47834185087139,1.10747869051338));
#6014=CARTESIAN_POINT('',(9.64355611427078,-3.47834185087139,1.10799442282034));
#6015=CARTESIAN_POINT('',(9.64364466502704,-3.47823758949709,1.10907220302809));
#6016=CARTESIAN_POINT('',(9.64405399811697,-3.47775563279443,1.11066860960126));
#6017=CARTESIAN_POINT('',(9.6447610763087,-3.4769231052461,1.11222199910762));
#6018=CARTESIAN_POINT('',(9.6457541158973,-3.47575388121436,1.11364827910407));
#6019=CARTESIAN_POINT('',(9.64699394216011,-3.4742940857759,1.1148741070918));
#6020=CARTESIAN_POINT('',(9.64841895727793,-3.47261624539523,1.11584391181932));
#6021=CARTESIAN_POINT('',(9.64995393943663,-3.47080892769225,1.11652724290039));
#6022=CARTESIAN_POINT('',(9.65152075510554,-3.46896412859821,1.1169199515028));
#6023=CARTESIAN_POINT('',(9.65256897647621,-3.46772993246822,1.11700532955076));
#6024=CARTESIAN_POINT('',(9.65308218467492,-3.46712567120201,1.11700476091752));
#6025=CARTESIAN_POINT('',(9.61180254625698,-3.76994434706322,1.10747869051338));
#6026=CARTESIAN_POINT('',(9.61180254625698,-3.76994434706322,1.10799442282034));
#6027=CARTESIAN_POINT('',(9.61171399550072,-3.76984008568891,1.10907220302809));
#6028=CARTESIAN_POINT('',(9.6113046624108,-3.76935812898626,1.11066860960126));
#6029=CARTESIAN_POINT('',(9.61059758421906,-3.76852560143793,1.11222199910762));
#6030=CARTESIAN_POINT('',(9.60960454463046,-3.76735637740619,1.11364827910407));
#6031=CARTESIAN_POINT('',(9.60836471836766,-3.76589658196772,1.1148741070918));
#6032=CARTESIAN_POINT('',(9.60693970324983,-3.76421874158706,1.11584391181932));
#6033=CARTESIAN_POINT('',(9.60540472109113,-3.76241142388407,1.11652724290039));
#6034=CARTESIAN_POINT('',(9.60383790542222,-3.76056662479004,1.1169199515028));
#6035=CARTESIAN_POINT('',(9.60278968405155,-3.75933242866005,1.11700532955076));
#6036=CARTESIAN_POINT('',(9.60227647585284,-3.75872816739383,1.11700476091752));
#6037=CARTESIAN_POINT('',(9.61180254625698,-3.51572911643603,1.10747869051338));
#6038=CARTESIAN_POINT('',(9.61180254625698,-3.51572911643603,1.10799442282034));
#6039=CARTESIAN_POINT('',(9.61171399550072,-3.51583337781033,1.10907220302809));
#6040=CARTESIAN_POINT('',(9.61130466241079,-3.51631533451299,1.11066860960126));
#6041=CARTESIAN_POINT('',(9.61059758421906,-3.51714786206132,1.11222199910762));
#6042=CARTESIAN_POINT('',(9.60960454463046,-3.51831708609306,1.11364827910407));
#6043=CARTESIAN_POINT('',(9.60836471836765,-3.51977688153153,1.1148741070918));
#6044=CARTESIAN_POINT('',(9.60693970324983,-3.52145472191219,1.11584391181932));
#6045=CARTESIAN_POINT('',(9.60540472109113,-3.52326203961518,1.11652724290039));
#6046=CARTESIAN_POINT('',(9.60383790542222,-3.52510683870921,1.1169199515028));
#6047=CARTESIAN_POINT('',(9.60278968405154,-3.5263410348392,1.11700532955076));
#6048=CARTESIAN_POINT('',(9.60227647585284,-3.52694529610542,1.11700476091752));
#6049=CARTESIAN_POINT('',(9.93609198498029,-3.2241266202442,1.10747869051338));
#6050=CARTESIAN_POINT('',(9.93609198498029,-3.2241266202442,1.10799442282034));
#6051=CARTESIAN_POINT('',(9.93618053573655,-3.22423088161851,1.10907220302809));
#6052=CARTESIAN_POINT('',(9.93658986882648,-3.22471283832116,1.11066860960126));
#6053=CARTESIAN_POINT('',(9.93729694701821,-3.22554536586949,1.11222199910762));
#6054=CARTESIAN_POINT('',(9.93828998660681,-3.22671458990123,1.11364827910407));
#6055=CARTESIAN_POINT('',(9.93952981286962,-3.2281743853397,1.1148741070918));
#6056=CARTESIAN_POINT('',(9.94095482798744,-3.22985222572036,1.11584391181932));
#6057=CARTESIAN_POINT('',(9.94248981014614,-3.23165954342335,1.11652724290039));
#6058=CARTESIAN_POINT('',(9.94405662581505,-3.23350434251738,1.1169199515028));
#6059=CARTESIAN_POINT('',(9.94510484718573,-3.23473853864737,1.11700532955076));
#6060=CARTESIAN_POINT('',(9.94561805538443,-3.23534279991359,1.11700476091752));
#6061=CARTESIAN_POINT('',(9.93609198498029,-3.47834185087139,1.10747869051338));
#6062=CARTESIAN_POINT('',(9.93609198498029,-3.47834185087139,1.10799442282034));
#6063=CARTESIAN_POINT('',(9.93618053573655,-3.47823758949709,1.10907220302809));
#6064=CARTESIAN_POINT('',(9.93658986882648,-3.47775563279443,1.11066860960126));
#6065=CARTESIAN_POINT('',(9.93729694701821,-3.4769231052461,1.11222199910762));
#6066=CARTESIAN_POINT('',(9.93828998660681,-3.47575388121436,1.11364827910407));
#6067=CARTESIAN_POINT('',(9.93952981286962,-3.4742940857759,1.1148741070918));
#6068=CARTESIAN_POINT('',(9.94095482798744,-3.47261624539523,1.11584391181932));
#6069=CARTESIAN_POINT('',(9.94248981014614,-3.47080892769225,1.11652724290039));
#6070=CARTESIAN_POINT('',(9.94405662581505,-3.46896412859821,1.1169199515028));
#6071=CARTESIAN_POINT('',(9.94510484718572,-3.46772993246822,1.11700532955076));
#6072=CARTESIAN_POINT('',(9.94561805538443,-3.46712567120201,1.11700476091752));
#6073=CARTESIAN_POINT('',(9.90433841696649,-3.51572911643603,1.10747869051338));
#6074=CARTESIAN_POINT('',(9.90433841696649,-3.51572911643603,1.10799442282034));
#6075=CARTESIAN_POINT('',(9.90424986621023,-3.51583337781034,1.10907220302809));
#6076=CARTESIAN_POINT('',(9.90384053312031,-3.51631533451299,1.11066860960126));
#6077=CARTESIAN_POINT('',(9.90313345492857,-3.51714786206132,1.11222199910762));
#6078=CARTESIAN_POINT('',(9.90214041533997,-3.51831708609306,1.11364827910407));
#6079=CARTESIAN_POINT('',(9.90090058907717,-3.51977688153153,1.1148741070918));
#6080=CARTESIAN_POINT('',(9.89947557395934,-3.52145472191219,1.11584391181932));
#6081=CARTESIAN_POINT('',(9.89794059180064,-3.52326203961518,1.11652724290039));
#6082=CARTESIAN_POINT('',(9.89637377613174,-3.52510683870921,1.1169199515028));
#6083=CARTESIAN_POINT('',(9.89532555476106,-3.5263410348392,1.11700532955076));
#6084=CARTESIAN_POINT('',(9.89481234656235,-3.52694529610542,1.11700476091752));
#6085=CARTESIAN_POINT('',(10.2127510716829,-3.76994434706322,0.918677099478574));
#6086=CARTESIAN_POINT('',(10.2127510716829,-3.2241266202442,0.918677099478573));
#6087=CARTESIAN_POINT('',(10.2127510716829,-3.2241266202442,0.918677099478573));
#6088=CARTESIAN_POINT('',(9.04260758884486,-3.2241266202442,0.918677099478573));
#6089=CARTESIAN_POINT('',(9.04260758884486,-3.2241266202442,0.918677099478573));
#6090=CARTESIAN_POINT('',(9.04260758884486,-3.76994434706322,0.918677099478574));
#6091=CARTESIAN_POINT('',(9.04260758884486,-3.76994434706322,0.918677099478574));
#6092=CARTESIAN_POINT('',(10.2127510716829,-3.76994434706322,0.918677099478574));
#6093=CARTESIAN_POINT('',(10.2127510716829,-3.2241266202442,1.10747869051338));
#6094=CARTESIAN_POINT('',(10.2127510716829,-3.2241266202442,0.918677099478573));
#6095=CARTESIAN_POINT('',(9.04260758884486,-3.2241266202442,1.10747869051338));
#6096=CARTESIAN_POINT('',(9.04260758884486,-3.2241266202442,0.918677099478573));
#6097=CARTESIAN_POINT('',(9.04260758884486,-3.76994434706322,1.10747869051338));
#6098=CARTESIAN_POINT('',(9.04260758884486,-3.76994434706322,0.918677099478574));
#6099=CARTESIAN_POINT('',(10.2127510716829,-3.76994434706322,1.10747869051338));
#6100=CARTESIAN_POINT('',(10.2127510716829,-3.76994434706322,0.918677099478574));
#6101=CARTESIAN_POINT('',(12.0660673878655,-3.76994434706322,1.10747869051338));
#6102=CARTESIAN_POINT('',(12.0978209558793,-3.51572911643603,1.10747869051338));
#6103=CARTESIAN_POINT('',(12.3649539721778,-3.46712567120201,1.11700476091752));
#6104=CARTESIAN_POINT('',(11.773531517156,-3.76994434706322,1.10747869051338));
#6105=CARTESIAN_POINT('',(11.8052850851698,-3.51572911643603,1.10747869051338));
#6106=CARTESIAN_POINT('',(11.7640054467518,-3.75872816739383,1.11700476091752));
#6107=CARTESIAN_POINT('',(11.4809956464465,-3.76994434706322,1.10747869051338));
#6108=CARTESIAN_POINT('',(11.5127492144603,-3.51572911643603,1.10747869051338));
#6109=CARTESIAN_POINT('',(11.4714695760423,-3.75872816739383,1.11700476091752));
#6110=CARTESIAN_POINT('',(11.4714695760423,-3.46712567120201,1.11700476091752));
#6111=CARTESIAN_POINT('',(12.0660673878655,-3.2241266202442,1.08191627358392));
#6112=CARTESIAN_POINT('',(12.0660673878655,-3.47834185087139,1.10747869051338));
#6113=CARTESIAN_POINT('',(12.0978209558793,-3.2241266202442,1.10747869051338));
#6114=CARTESIAN_POINT('',(12.0565413174614,-3.75872816739383,1.11700476091752));
#6115=CARTESIAN_POINT('',(11.773531517156,-3.2241266202442,1.08191627358392));
#6116=CARTESIAN_POINT('',(11.773531517156,-3.47834185087139,1.10747869051338));
#6117=CARTESIAN_POINT('',(11.8052850851698,-3.2241266202442,1.10747869051338));
#6118=CARTESIAN_POINT('',(12.3649539721778,-3.75872816739383,1.11700476091752));
#6119=CARTESIAN_POINT('',(11.4809956464465,-3.2241266202442,1.08191627358392));
#6120=CARTESIAN_POINT('',(11.4809956464465,-3.47834185087139,1.10747869051338));
#6121=CARTESIAN_POINT('',(11.5127492144603,-3.2241266202442,1.10747869051338));
#6122=CARTESIAN_POINT('',(11.7640054467518,-3.46712567120201,1.11700476091752));
#6123=CARTESIAN_POINT('',(12.0565413174614,-3.46712567120201,1.11700476091752));
#6124=CARTESIAN_POINT('',(11.5127492144603,-3.51572911643603,1.08191627358392));
#6125=CARTESIAN_POINT('',(12.0978209558793,-3.51572911643603,1.08191627358392));
#6126=CARTESIAN_POINT('',(11.8052850851698,-3.51572911643603,1.08191627358392));
#6127=CARTESIAN_POINT('',(11.2043365597439,-3.51572911643603,1.08191627358392));
#6128=CARTESIAN_POINT('',(12.3744800425819,-3.47834185087139,1.10747869051338));
#6129=CARTESIAN_POINT('',(11.773531517156,-3.47834185087139,1.10747869051338));
#6130=CARTESIAN_POINT('',(11.4809956464465,-3.47834185087139,1.10747869051338));
#6131=CARTESIAN_POINT('',(12.0660673878655,-3.47834185087139,1.10747869051338));
#6132=CARTESIAN_POINT('',(11.5127492144603,-3.51572911643603,1.10747869051338));
#6133=CARTESIAN_POINT('',(11.2043365597439,-3.51572911643603,1.10747869051338));
#6134=CARTESIAN_POINT('',(11.8052850851698,-3.51572911643603,1.10747869051338));
#6135=CARTESIAN_POINT('',(12.0978209558793,-3.51572911643603,1.10747869051338));
#6136=CARTESIAN_POINT('',(11.213862630148,-3.64283673174962,1.10747869051338));
#6137=CARTESIAN_POINT('',(11.3426661030952,-3.23456141378068,1.1065586713569));
#6138=CARTESIAN_POINT('',(12.3649539721778,-3.35123423555781,1.10747869051338));
#6139=CARTESIAN_POINT('',(12.2361504992306,-3.75950955352674,1.1065586713569));
#6140=CARTESIAN_POINT('',(12.0565413174614,-3.64283673174963,1.10747869051338));
#6141=CARTESIAN_POINT('',(12.1073470262834,-3.3512342355578,1.10747869051339));
#6142=CARTESIAN_POINT('',(12.2361504992306,-3.23456141378068,1.1065586713569));
#6143=CARTESIAN_POINT('',(11.9356762365176,-3.75950955352674,1.1065586713569));
#6144=CARTESIAN_POINT('',(11.7640054467518,-3.64283673174963,1.10747869051338));
#6145=CARTESIAN_POINT('',(11.8148111555739,-3.3512342355578,1.10747869051339));
#6146=CARTESIAN_POINT('',(11.9356762365176,-3.23456141378068,1.1065586713569));
#6147=CARTESIAN_POINT('',(11.6431403658081,-3.75950955352674,1.1065586713569));
#6148=CARTESIAN_POINT('',(11.4714695760423,-3.64283673174962,1.10747869051338));
#6149=CARTESIAN_POINT('',(11.5222752848644,-3.3512342355578,1.10747869051338));
#6150=CARTESIAN_POINT('',(11.6431403658081,-3.23456141378068,1.1065586713569));
#6151=CARTESIAN_POINT('',(11.3426661030952,-3.75950955352674,1.1065586713569));
#6152=CARTESIAN_POINT('',(12.2361504992306,-3.46790705733491,1.1065586713569));
#6153=CARTESIAN_POINT('',(12.2361504992306,-3.52616390997251,1.1065586713569));
#6154=CARTESIAN_POINT('',(11.9356762365176,-3.46790705733491,1.1065586713569));
#6155=CARTESIAN_POINT('',(11.9356762365176,-3.52616390997251,1.1065586713569));
#6156=CARTESIAN_POINT('',(11.3426661030952,-3.46790705733491,1.1065586713569));
#6157=CARTESIAN_POINT('',(11.3426661030952,-3.52616390997251,1.1065586713569));
#6158=CARTESIAN_POINT('',(11.6431403658081,-3.46790705733491,1.1065586713569));
#6159=CARTESIAN_POINT('',(11.6431403658081,-3.52616390997251,1.1065586713569));
#6160=CARTESIAN_POINT('',(11.213862630148,-3.35123423555779,1.10747869051338));
#6161=CARTESIAN_POINT('',(12.3649539721778,-3.64283673174962,1.10747869051338));
#6162=CARTESIAN_POINT('',(12.0565413174614,-3.35123423555779,1.10747869051338));
#6163=CARTESIAN_POINT('',(12.1073470262834,-3.64283673174963,1.10747869051339));
#6164=CARTESIAN_POINT('',(11.7640054467518,-3.3512342355578,1.10747869051338));
#6165=CARTESIAN_POINT('',(11.8148111555739,-3.64283673174963,1.10747869051339));
#6166=CARTESIAN_POINT('',(11.4714695760423,-3.3512342355578,1.10747869051338));
#6167=CARTESIAN_POINT('',(11.5222752848644,-3.64283673174963,1.10747869051338));
#6168=CARTESIAN_POINT('',(12.3744800425819,-3.76994434706322,0.918677099478574));
#6169=CARTESIAN_POINT('',(11.2043365597439,-3.76994434706322,1.10747869051338));
#6170=CARTESIAN_POINT('',(11.2043365597439,-3.2241266202442,1.10747869051338));
#6171=CARTESIAN_POINT('',(12.3744800425819,-3.2241266202442,1.10747869051338));
#6172=CARTESIAN_POINT('',(12.3744800425819,-3.76994434706322,1.10747869051338));
#6173=CARTESIAN_POINT('',(12.0660673878655,-3.2241266202442,1.08191627358392));
#6174=CARTESIAN_POINT('',(12.0978209558793,-3.2241266202442,1.08191627358392));
#6175=CARTESIAN_POINT('',(12.0978209558793,-3.76994434706322,1.08191627358392));
#6176=CARTESIAN_POINT('',(12.0660673878655,-3.76994434706322,1.08191627358392));
#6177=CARTESIAN_POINT('',(11.773531517156,-3.2241266202442,1.08191627358392));
#6178=CARTESIAN_POINT('',(11.8052850851698,-3.2241266202442,1.08191627358392));
#6179=CARTESIAN_POINT('',(11.8052850851698,-3.76994434706322,1.08191627358392));
#6180=CARTESIAN_POINT('',(11.773531517156,-3.76994434706322,1.08191627358392));
#6181=CARTESIAN_POINT('',(11.4809956464465,-3.2241266202442,1.08191627358392));
#6182=CARTESIAN_POINT('',(11.5127492144603,-3.2241266202442,1.08191627358392));
#6183=CARTESIAN_POINT('',(11.5127492144603,-3.76994434706322,1.08191627358392));
#6184=CARTESIAN_POINT('',(11.4809956464465,-3.76994434706322,1.08191627358392));
#6185=CARTESIAN_POINT('',(11.2043365597439,-3.47834185087139,1.08191627358392));
#6186=CARTESIAN_POINT('',(11.2043365597439,-3.51572911643603,1.08191627358392));
#6187=CARTESIAN_POINT('',(12.3744800425819,-3.51572911643603,1.08191627358392));
#6188=CARTESIAN_POINT('',(12.3744800425819,-3.47834185087139,1.08191627358392));
#6189=CARTESIAN_POINT('',(12.0660673878655,-3.51572911643603,1.08191627358392));
#6190=CARTESIAN_POINT('',(12.0660673878655,-3.47834185087139,1.08191627358392));
#6191=CARTESIAN_POINT('',(12.0978209558793,-3.47834185087139,1.08191627358392));
#6192=CARTESIAN_POINT('',(12.0978209558793,-3.51572911643603,1.08191627358392));
#6193=CARTESIAN_POINT('',(11.773531517156,-3.51572911643603,1.08191627358392));
#6194=CARTESIAN_POINT('',(11.773531517156,-3.47834185087139,1.08191627358392));
#6195=CARTESIAN_POINT('',(11.8052850851698,-3.47834185087139,1.08191627358392));
#6196=CARTESIAN_POINT('',(11.8052850851698,-3.51572911643603,1.08191627358392));
#6197=CARTESIAN_POINT('',(11.4809956464465,-3.51572911643603,1.08191627358392));
#6198=CARTESIAN_POINT('',(11.4809956464465,-3.47834185087139,1.08191627358392));
#6199=CARTESIAN_POINT('',(11.5127492144603,-3.47834185087139,1.08191627358392));
#6200=CARTESIAN_POINT('',(11.5127492144603,-3.51572911643603,1.08191627358392));
#6201=CARTESIAN_POINT('',(11.5127492144603,-3.2241266202442,1.10747869051338));
#6202=CARTESIAN_POINT('',(11.773531517156,-3.2241266202442,1.10747869051338));
#6203=CARTESIAN_POINT('',(12.0978209558793,-3.2241266202442,1.10747869051338));
#6204=CARTESIAN_POINT('',(12.3744800425819,-3.2241266202442,1.10747869051338));
#6205=CARTESIAN_POINT('',(11.2043365597439,-3.2241266202442,1.10747869051338));
#6206=CARTESIAN_POINT('',(11.4809956464465,-3.2241266202442,1.10747869051338));
#6207=CARTESIAN_POINT('',(11.8052850851698,-3.2241266202442,1.10747869051338));
#6208=CARTESIAN_POINT('',(12.0660673878655,-3.2241266202442,1.10747869051338));
#6209=CARTESIAN_POINT('',(12.0660673878655,-3.76994434706322,1.10747869051338));
#6210=CARTESIAN_POINT('',(11.8052850851698,-3.76994434706322,1.10747869051338));
#6211=CARTESIAN_POINT('',(11.773531517156,-3.76994434706322,1.10747869051338));
#6212=CARTESIAN_POINT('',(11.5127492144603,-3.76994434706322,1.10747869051338));
#6213=CARTESIAN_POINT('',(12.3744800425819,-3.76994434706322,1.10747869051338));
#6214=CARTESIAN_POINT('',(12.0978209558793,-3.76994434706322,1.10747869051338));
#6215=CARTESIAN_POINT('',(11.4809956464465,-3.76994434706322,1.10747869051338));
#6216=CARTESIAN_POINT('',(11.2043365597439,-3.76994434706322,1.10747869051338));
#6217=CARTESIAN_POINT('',(12.0660673878655,-3.51572911643603,1.10747869051338));
#6218=CARTESIAN_POINT('',(12.0978209558793,-3.51572911643603,1.10747869051338));
#6219=CARTESIAN_POINT('',(12.3649539721778,-3.52694529610542,1.11700476091752));
#6220=CARTESIAN_POINT('',(12.3649539721778,-3.75872816739383,1.11700476091752));
#6221=CARTESIAN_POINT('',(12.1073470262834,-3.52694529610542,1.11700476091752));
#6222=CARTESIAN_POINT('',(12.1073470262834,-3.75872816739383,1.11700476091752));
#6223=CARTESIAN_POINT('',(11.773531517156,-3.51572911643603,1.10747869051338));
#6224=CARTESIAN_POINT('',(11.8052850851698,-3.51572911643603,1.10747869051338));
#6225=CARTESIAN_POINT('',(11.8148111555739,-3.52694529610542,1.11700476091752));
#6226=CARTESIAN_POINT('',(12.0565413174614,-3.52694529610542,1.11700476091752));
#6227=CARTESIAN_POINT('',(12.0565413174614,-3.75872816739383,1.11700476091752));
#6228=CARTESIAN_POINT('',(11.8148111555739,-3.75872816739383,1.11700476091752));
#6229=CARTESIAN_POINT('',(11.4809956464465,-3.51572911643603,1.10747869051338));
#6230=CARTESIAN_POINT('',(11.5127492144603,-3.51572911643603,1.10747869051338));
#6231=CARTESIAN_POINT('',(11.4714695760423,-3.52694529610542,1.11700476091752));
#6232=CARTESIAN_POINT('',(11.4714695760423,-3.75872816739383,1.11700476091752));
#6233=CARTESIAN_POINT('',(11.213862630148,-3.52694529610542,1.11700476091752));
#6234=CARTESIAN_POINT('',(11.213862630148,-3.75872816739383,1.11700476091752));
#6235=CARTESIAN_POINT('',(11.5222752848644,-3.23534279991359,1.11700476091752));
#6236=CARTESIAN_POINT('',(11.7640054467518,-3.23534279991359,1.11700476091752));
#6237=CARTESIAN_POINT('',(11.5222752848644,-3.46712567120201,1.11700476091752));
#6238=CARTESIAN_POINT('',(11.7640054467518,-3.46712567120201,1.11700476091752));
#6239=CARTESIAN_POINT('',(11.2043365597439,-3.47834185087139,1.10747869051338));
#6240=CARTESIAN_POINT('',(11.2043365597439,-3.51572911643603,1.10747869051338));
#6241=CARTESIAN_POINT('',(12.3744800425819,-3.51572911643603,1.10747869051338));
#6242=CARTESIAN_POINT('',(12.3744800425819,-3.47834185087139,1.10747869051338));
#6243=CARTESIAN_POINT('',(12.0660673878655,-3.47834185087139,1.10747869051338));
#6244=CARTESIAN_POINT('',(12.0978209558793,-3.47834185087139,1.10747869051338));
#6245=CARTESIAN_POINT('',(12.1073470262834,-3.23534279991359,1.11700476091752));
#6246=CARTESIAN_POINT('',(12.3649539721778,-3.23534279991359,1.11700476091752));
#6247=CARTESIAN_POINT('',(12.3649539721778,-3.46712567120201,1.11700476091752));
#6248=CARTESIAN_POINT('',(12.1073470262834,-3.46712567120201,1.11700476091752));
#6249=CARTESIAN_POINT('',(11.773531517156,-3.47834185087139,1.10747869051338));
#6250=CARTESIAN_POINT('',(11.8052850851698,-3.47834185087139,1.10747869051338));
#6251=CARTESIAN_POINT('',(12.0565413174614,-3.23534279991359,1.11700476091752));
#6252=CARTESIAN_POINT('',(12.0565413174614,-3.46712567120201,1.11700476091752));
#6253=CARTESIAN_POINT('',(11.8148111555739,-3.23534279991359,1.11700476091752));
#6254=CARTESIAN_POINT('',(11.8148111555739,-3.46712567120201,1.11700476091752));
#6255=CARTESIAN_POINT('',(11.4809956464465,-3.47834185087139,1.10747869051338));
#6256=CARTESIAN_POINT('',(11.5127492144603,-3.47834185087139,1.10747869051338));
#6257=CARTESIAN_POINT('',(11.4714695760423,-3.23534279991359,1.11700476091752));
#6258=CARTESIAN_POINT('',(11.4714695760423,-3.46712567120201,1.11700476091752));
#6259=CARTESIAN_POINT('',(11.213862630148,-3.46712567120201,1.11700476091752));
#6260=CARTESIAN_POINT('',(11.213862630148,-3.23534279991359,1.11700476091752));
#6261=CARTESIAN_POINT('',(11.5222752848644,-3.75872816739383,1.11700476091752));
#6262=CARTESIAN_POINT('',(11.5222752848644,-3.52694529610542,1.11700476091752));
#6263=CARTESIAN_POINT('',(11.7640054467518,-3.75872816739383,1.11700476091752));
#6264=CARTESIAN_POINT('',(11.7640054467518,-3.52694529610542,1.11700476091752));
#6265=CARTESIAN_POINT('',(11.2043365597439,-3.2241266202442,0.918677099478573));
#6266=CARTESIAN_POINT('',(11.2043365597439,-3.76994434706322,0.918677099478574));
#6267=CARTESIAN_POINT('',(12.3744800425819,-3.2241266202442,0.918677099478573));
#6268=CARTESIAN_POINT('',(12.3744800425819,-3.76994434706322,0.918677099478574));
#6269=CARTESIAN_POINT('',(12.3649539721778,-3.52694529610542,1.11700476091752));
#6270=CARTESIAN_POINT('',(12.3649539721778,-3.75872816739383,1.11700476091752));
#6271=CARTESIAN_POINT('',(11.7640054467518,-3.23534279991359,1.11700476091752));
#6272=CARTESIAN_POINT('',(11.7640054467518,-3.46712567120201,1.11700476091752));
#6273=CARTESIAN_POINT('',(11.2043365597439,-3.47834185087139,1.10747869051338));
#6274=CARTESIAN_POINT('',(11.2043365597439,-3.2241266202442,1.10747869051338));
#6275=CARTESIAN_POINT('',(11.8148111555739,-3.52694529610542,1.11700476091752));
#6276=CARTESIAN_POINT('',(12.0565413174614,-3.52694529610542,1.11700476091752));
#6277=CARTESIAN_POINT('',(12.0660673878655,-3.76994434706322,1.08191627358392));
#6278=CARTESIAN_POINT('',(12.0660673878655,-3.51572911643603,1.08191627358392));
#6279=CARTESIAN_POINT('',(12.0978209558793,-3.2241266202442,1.08191627358392));
#6280=CARTESIAN_POINT('',(12.0978209558793,-3.47834185087139,1.08191627358392));
#6281=CARTESIAN_POINT('',(12.0660673878655,-3.2241266202442,1.08191627358392));
#6282=CARTESIAN_POINT('',(12.0978209558793,-3.2241266202442,1.08191627358392));
#6283=CARTESIAN_POINT('',(12.0660673878655,-3.2241266202442,1.10747869051338));
#6284=CARTESIAN_POINT('',(12.0660673878655,-3.2241266202442,1.08191627358392));
#6285=CARTESIAN_POINT('',(12.0978209558793,-3.2241266202442,1.10747869051338));
#6286=CARTESIAN_POINT('',(12.0978209558793,-3.2241266202442,1.08191627358392));
#6287=CARTESIAN_POINT('',(12.0978209558793,-3.76994434706322,1.08191627358392));
#6288=CARTESIAN_POINT('',(12.0660673878655,-3.76994434706322,1.08191627358392));
#6289=CARTESIAN_POINT('',(12.0660673878655,-3.76994434706322,1.10747869051338));
#6290=CARTESIAN_POINT('',(12.0660673878655,-3.76994434706322,1.08191627358392));
#6291=CARTESIAN_POINT('',(12.0978209558793,-3.76994434706322,1.10747869051338));
#6292=CARTESIAN_POINT('',(12.0978209558793,-3.76994434706322,1.08191627358392));
#6293=CARTESIAN_POINT('',(12.0660673878655,-3.76994434706322,1.10747869051338));
#6294=CARTESIAN_POINT('',(11.8052850851698,-3.76994434706322,1.10747869051338));
#6295=CARTESIAN_POINT('',(11.4809956464465,-3.76994434706322,1.10747869051338));
#6296=CARTESIAN_POINT('',(11.2043365597439,-3.76994434706322,1.10747869051338));
#6297=CARTESIAN_POINT('',(12.3744800425819,-3.51572911643603,1.10747869051338));
#6298=CARTESIAN_POINT('',(12.3744800425819,-3.76994434706322,1.10747869051338));
#6299=CARTESIAN_POINT('',(11.4714695760423,-3.52694529610542,1.11700476091752));
#6300=CARTESIAN_POINT('',(11.4714695760423,-3.75872816739383,1.11700476091752));
#6301=CARTESIAN_POINT('',(11.773531517156,-3.76994434706322,1.08191627358392));
#6302=CARTESIAN_POINT('',(11.773531517156,-3.51572911643603,1.08191627358392));
#6303=CARTESIAN_POINT('',(11.8052850851698,-3.2241266202442,1.08191627358392));
#6304=CARTESIAN_POINT('',(11.8052850851698,-3.47834185087139,1.08191627358392));
#6305=CARTESIAN_POINT('',(11.773531517156,-3.2241266202442,1.08191627358392));
#6306=CARTESIAN_POINT('',(11.8052850851698,-3.2241266202442,1.08191627358392));
#6307=CARTESIAN_POINT('',(11.773531517156,-3.2241266202442,1.10747869051338));
#6308=CARTESIAN_POINT('',(11.773531517156,-3.2241266202442,1.08191627358392));
#6309=CARTESIAN_POINT('',(11.8052850851698,-3.2241266202442,1.10747869051338));
#6310=CARTESIAN_POINT('',(11.8052850851698,-3.2241266202442,1.08191627358392));
#6311=CARTESIAN_POINT('',(11.8052850851698,-3.76994434706322,1.08191627358392));
#6312=CARTESIAN_POINT('',(11.773531517156,-3.76994434706322,1.08191627358392));
#6313=CARTESIAN_POINT('',(11.773531517156,-3.76994434706322,1.10747869051338));
#6314=CARTESIAN_POINT('',(11.773531517156,-3.76994434706322,1.08191627358392));
#6315=CARTESIAN_POINT('',(11.8052850851698,-3.76994434706322,1.10747869051338));
#6316=CARTESIAN_POINT('',(11.8052850851698,-3.76994434706322,1.08191627358392));
#6317=CARTESIAN_POINT('',(11.213862630148,-3.52694529610542,1.11700476091752));
#6318=CARTESIAN_POINT('',(11.4714695760423,-3.52694529610542,1.11700476091752));
#6319=CARTESIAN_POINT('',(11.213862630148,-3.75872816739383,1.11700476091752));
#6320=CARTESIAN_POINT('',(11.213862630148,-3.52694529610542,1.11700476091752));
#6321=CARTESIAN_POINT('',(11.5222752848644,-3.46712567120201,1.11700476091752));
#6322=CARTESIAN_POINT('',(11.5222752848644,-3.23534279991359,1.11700476091752));
#6323=CARTESIAN_POINT('',(11.7640054467518,-3.46712567120201,1.11700476091752));
#6324=CARTESIAN_POINT('',(11.5222752848644,-3.46712567120201,1.11700476091752));
#6325=CARTESIAN_POINT('',(11.4809956464465,-3.76994434706322,1.08191627358392));
#6326=CARTESIAN_POINT('',(11.4809956464465,-3.51572911643603,1.08191627358392));
#6327=CARTESIAN_POINT('',(11.5127492144603,-3.2241266202442,1.08191627358392));
#6328=CARTESIAN_POINT('',(11.5127492144603,-3.47834185087139,1.08191627358392));
#6329=CARTESIAN_POINT('',(11.4809956464465,-3.2241266202442,1.08191627358392));
#6330=CARTESIAN_POINT('',(11.5127492144603,-3.2241266202442,1.08191627358392));
#6331=CARTESIAN_POINT('',(11.4809956464465,-3.2241266202442,1.10747869051338));
#6332=CARTESIAN_POINT('',(11.4809956464465,-3.2241266202442,1.08191627358392));
#6333=CARTESIAN_POINT('',(11.5127492144603,-3.2241266202442,1.10747869051338));
#6334=CARTESIAN_POINT('',(11.5127492144603,-3.2241266202442,1.08191627358392));
#6335=CARTESIAN_POINT('',(11.5127492144603,-3.76994434706322,1.08191627358392));
#6336=CARTESIAN_POINT('',(11.4809956464465,-3.76994434706322,1.08191627358392));
#6337=CARTESIAN_POINT('',(11.4809956464465,-3.76994434706322,1.10747869051338));
#6338=CARTESIAN_POINT('',(11.4809956464465,-3.76994434706322,1.08191627358392));
#6339=CARTESIAN_POINT('',(11.5127492144603,-3.76994434706322,1.10747869051338));
#6340=CARTESIAN_POINT('',(11.5127492144603,-3.76994434706322,1.08191627358392));
#6341=CARTESIAN_POINT('',(11.5127492144603,-3.2241266202442,1.10747869051338));
#6342=CARTESIAN_POINT('',(11.773531517156,-3.2241266202442,1.10747869051338));
#6343=CARTESIAN_POINT('',(12.0978209558793,-3.2241266202442,1.10747869051338));
#6344=CARTESIAN_POINT('',(12.3744800425819,-3.2241266202442,1.10747869051338));
#6345=CARTESIAN_POINT('',(11.2043365597439,-3.2241266202442,1.10747869051338));
#6346=CARTESIAN_POINT('',(11.4809956464465,-3.2241266202442,1.10747869051338));
#6347=CARTESIAN_POINT('',(11.8052850851698,-3.2241266202442,1.10747869051338));
#6348=CARTESIAN_POINT('',(12.0660673878655,-3.2241266202442,1.10747869051338));
#6349=CARTESIAN_POINT('',(12.3744800425819,-3.47834185087139,1.08191627358392));
#6350=CARTESIAN_POINT('',(12.0978209558793,-3.47834185087139,1.08191627358392));
#6351=CARTESIAN_POINT('',(11.2043365597439,-3.51572911643603,1.08191627358392));
#6352=CARTESIAN_POINT('',(11.4809956464465,-3.51572911643603,1.08191627358392));
#6353=CARTESIAN_POINT('',(11.2043365597439,-3.47834185087139,1.08191627358392));
#6354=CARTESIAN_POINT('',(11.2043365597439,-3.51572911643603,1.08191627358392));
#6355=CARTESIAN_POINT('',(11.2043365597439,-3.47834185087139,1.10747869051338));
#6356=CARTESIAN_POINT('',(11.2043365597439,-3.47834185087139,1.08191627358392));
#6357=CARTESIAN_POINT('',(11.2043365597439,-3.51572911643603,1.10747869051338));
#6358=CARTESIAN_POINT('',(11.2043365597439,-3.51572911643603,1.08191627358392));
#6359=CARTESIAN_POINT('',(12.3744800425819,-3.51572911643603,1.08191627358392));
#6360=CARTESIAN_POINT('',(12.3744800425819,-3.47834185087139,1.08191627358392));
#6361=CARTESIAN_POINT('',(12.3744800425819,-3.47834185087139,1.10747869051338));
#6362=CARTESIAN_POINT('',(12.3744800425819,-3.47834185087139,1.08191627358392));
#6363=CARTESIAN_POINT('',(12.3744800425819,-3.51572911643603,1.10747869051338));
#6364=CARTESIAN_POINT('',(12.3744800425819,-3.51572911643603,1.08191627358392));
#6365=CARTESIAN_POINT('',(12.0660673878655,-3.47834185087139,1.08191627358392));
#6366=CARTESIAN_POINT('',(12.0660673878655,-3.47834185087139,1.10747869051338));
#6367=CARTESIAN_POINT('',(12.0660673878655,-3.51572911643603,1.10747869051338));
#6368=CARTESIAN_POINT('',(12.0660673878655,-3.51572911643603,1.08191627358392));
#6369=CARTESIAN_POINT('',(12.0978209558793,-3.47834185087139,1.10747869051338));
#6370=CARTESIAN_POINT('',(12.0978209558793,-3.47834185087139,1.08191627358392));
#6371=CARTESIAN_POINT('',(12.0978209558793,-3.51572911643603,1.08191627358392));
#6372=CARTESIAN_POINT('',(12.0978209558793,-3.51572911643603,1.10747869051338));
#6373=CARTESIAN_POINT('',(11.8148111555739,-3.75872816739383,1.11700476091752));
#6374=CARTESIAN_POINT('',(11.8148111555739,-3.52694529610542,1.11700476091752));
#6375=CARTESIAN_POINT('',(12.0660673878655,-3.51572911643603,1.10747869051338));
#6376=CARTESIAN_POINT('',(12.0660673878655,-3.76994434706322,1.10747869051338));
#6377=CARTESIAN_POINT('',(11.773531517156,-3.47834185087139,1.08191627358392));
#6378=CARTESIAN_POINT('',(11.773531517156,-3.47834185087139,1.10747869051338));
#6379=CARTESIAN_POINT('',(11.773531517156,-3.51572911643603,1.10747869051338));
#6380=CARTESIAN_POINT('',(11.773531517156,-3.51572911643603,1.08191627358392));
#6381=CARTESIAN_POINT('',(11.8052850851698,-3.47834185087139,1.10747869051338));
#6382=CARTESIAN_POINT('',(11.8052850851698,-3.47834185087139,1.08191627358392));
#6383=CARTESIAN_POINT('',(11.8052850851698,-3.51572911643603,1.08191627358392));
#6384=CARTESIAN_POINT('',(11.8052850851698,-3.51572911643603,1.10747869051338));
#6385=CARTESIAN_POINT('',(12.3744800425819,-3.2241266202442,1.10747869051338));
#6386=CARTESIAN_POINT('',(12.3744800425819,-3.47834185087139,1.10747869051338));
#6387=CARTESIAN_POINT('',(12.0660673878655,-3.2241266202442,1.10747869051338));
#6388=CARTESIAN_POINT('',(12.0660673878655,-3.47834185087139,1.10747869051338));
#6389=CARTESIAN_POINT('',(11.4809956464465,-3.47834185087139,1.08191627358392));
#6390=CARTESIAN_POINT('',(11.4809956464465,-3.47834185087139,1.10747869051338));
#6391=CARTESIAN_POINT('',(11.4809956464465,-3.51572911643603,1.10747869051338));
#6392=CARTESIAN_POINT('',(11.4809956464465,-3.51572911643603,1.08191627358392));
#6393=CARTESIAN_POINT('',(11.5127492144603,-3.47834185087139,1.10747869051338));
#6394=CARTESIAN_POINT('',(11.5127492144603,-3.47834185087139,1.08191627358392));
#6395=CARTESIAN_POINT('',(11.5127492144603,-3.51572911643603,1.08191627358392));
#6396=CARTESIAN_POINT('',(11.5127492144603,-3.51572911643603,1.10747869051338));
#6397=CARTESIAN_POINT('',(12.1073470262834,-3.52694529610542,1.11700476091752));
#6398=CARTESIAN_POINT('',(12.3649539721778,-3.52694529610542,1.11700476091752));
#6399=CARTESIAN_POINT('',(12.1073470262834,-3.75872816739383,1.11700476091752));
#6400=CARTESIAN_POINT('',(12.1073470262834,-3.52694529610542,1.11700476091752));
#6401=CARTESIAN_POINT('',(12.3649539721778,-3.75872816739383,1.11700476091752));
#6402=CARTESIAN_POINT('',(12.1073470262834,-3.75872816739383,1.11700476091752));
#6403=CARTESIAN_POINT('',(11.773531517156,-3.51572911643603,1.10747869051338));
#6404=CARTESIAN_POINT('',(11.773531517156,-3.76994434706322,1.10747869051338));
#6405=CARTESIAN_POINT('',(12.0565413174614,-3.75872816739383,1.11700476091752));
#6406=CARTESIAN_POINT('',(11.8148111555739,-3.75872816739383,1.11700476091752));
#6407=CARTESIAN_POINT('',(11.8052850851698,-3.76994434706322,1.10747869051338));
#6408=CARTESIAN_POINT('',(11.8052850851698,-3.51572911643603,1.10747869051338));
#6409=CARTESIAN_POINT('',(12.0660673878655,-3.47834185087139,1.08191627358392));
#6410=CARTESIAN_POINT('',(12.0660673878655,-3.2241266202442,1.08191627358392));
#6411=CARTESIAN_POINT('',(12.0660673878655,-3.51572911643603,1.08191627358392));
#6412=CARTESIAN_POINT('',(12.0660673878655,-3.47834185087139,1.08191627358392));
#6413=CARTESIAN_POINT('',(12.0978209558793,-3.51572911643603,1.08191627358392));
#6414=CARTESIAN_POINT('',(12.0978209558793,-3.76994434706322,1.08191627358392));
#6415=CARTESIAN_POINT('',(12.0978209558793,-3.47834185087139,1.08191627358392));
#6416=CARTESIAN_POINT('',(12.0978209558793,-3.51572911643603,1.08191627358392));
#6417=CARTESIAN_POINT('',(11.4809956464465,-3.51572911643603,1.10747869051338));
#6418=CARTESIAN_POINT('',(11.4809956464465,-3.76994434706322,1.10747869051338));
#6419=CARTESIAN_POINT('',(11.773531517156,-3.76994434706322,1.10747869051338));
#6420=CARTESIAN_POINT('',(11.5127492144603,-3.76994434706322,1.10747869051338));
#6421=CARTESIAN_POINT('',(11.773531517156,-3.47834185087139,1.08191627358392));
#6422=CARTESIAN_POINT('',(11.773531517156,-3.2241266202442,1.08191627358392));
#6423=CARTESIAN_POINT('',(11.773531517156,-3.51572911643603,1.08191627358392));
#6424=CARTESIAN_POINT('',(11.773531517156,-3.47834185087139,1.08191627358392));
#6425=CARTESIAN_POINT('',(11.8052850851698,-3.51572911643603,1.08191627358392));
#6426=CARTESIAN_POINT('',(11.8052850851698,-3.76994434706322,1.08191627358392));
#6427=CARTESIAN_POINT('',(11.8052850851698,-3.47834185087139,1.08191627358392));
#6428=CARTESIAN_POINT('',(11.8052850851698,-3.51572911643603,1.08191627358392));
#6429=CARTESIAN_POINT('',(11.4714695760423,-3.75872816739383,1.11700476091752));
#6430=CARTESIAN_POINT('',(11.213862630148,-3.75872816739383,1.11700476091752));
#6431=CARTESIAN_POINT('',(11.5222752848644,-3.23534279991359,1.11700476091752));
#6432=CARTESIAN_POINT('',(11.7640054467518,-3.23534279991359,1.11700476091752));
#6433=CARTESIAN_POINT('',(11.4809956464465,-3.47834185087139,1.08191627358392));
#6434=CARTESIAN_POINT('',(11.4809956464465,-3.2241266202442,1.08191627358392));
#6435=CARTESIAN_POINT('',(11.4809956464465,-3.51572911643603,1.08191627358392));
#6436=CARTESIAN_POINT('',(11.4809956464465,-3.47834185087139,1.08191627358392));
#6437=CARTESIAN_POINT('',(11.5127492144603,-3.51572911643603,1.08191627358392));
#6438=CARTESIAN_POINT('',(11.5127492144603,-3.76994434706322,1.08191627358392));
#6439=CARTESIAN_POINT('',(11.5127492144603,-3.47834185087139,1.08191627358392));
#6440=CARTESIAN_POINT('',(11.5127492144603,-3.51572911643603,1.08191627358392));
#6441=CARTESIAN_POINT('',(11.2043365597439,-3.76994434706322,1.10747869051338));
#6442=CARTESIAN_POINT('',(11.2043365597439,-3.51572911643603,1.10747869051338));
#6443=CARTESIAN_POINT('',(12.0565413174614,-3.52694529610542,1.11700476091752));
#6444=CARTESIAN_POINT('',(12.0565413174614,-3.75872816739383,1.11700476091752));
#6445=CARTESIAN_POINT('',(11.4809956464465,-3.47834185087139,1.08191627358392));
#6446=CARTESIAN_POINT('',(11.2043365597439,-3.47834185087139,1.08191627358392));
#6447=CARTESIAN_POINT('',(11.773531517156,-3.47834185087139,1.08191627358392));
#6448=CARTESIAN_POINT('',(11.5127492144603,-3.47834185087139,1.08191627358392));
#6449=CARTESIAN_POINT('',(12.0660673878655,-3.47834185087139,1.08191627358392));
#6450=CARTESIAN_POINT('',(11.8052850851698,-3.47834185087139,1.08191627358392));
#6451=CARTESIAN_POINT('',(12.0978209558793,-3.51572911643603,1.08191627358392));
#6452=CARTESIAN_POINT('',(12.3744800425819,-3.51572911643603,1.08191627358392));
#6453=CARTESIAN_POINT('',(11.8052850851698,-3.51572911643603,1.08191627358392));
#6454=CARTESIAN_POINT('',(12.0660673878655,-3.51572911643603,1.08191627358392));
#6455=CARTESIAN_POINT('',(11.5127492144603,-3.51572911643603,1.08191627358392));
#6456=CARTESIAN_POINT('',(11.773531517156,-3.51572911643603,1.08191627358392));
#6457=CARTESIAN_POINT('',(12.0978209558793,-3.47834185087139,1.10747869051338));
#6458=CARTESIAN_POINT('',(12.0978209558793,-3.2241266202442,1.10747869051338));
#6459=CARTESIAN_POINT('',(12.3744800425819,-3.76994434706322,1.10747869051338));
#6460=CARTESIAN_POINT('',(12.0978209558793,-3.76994434706322,1.10747869051338));
#6461=CARTESIAN_POINT('',(12.1073470262834,-3.23534279991359,1.11700476091752));
#6462=CARTESIAN_POINT('',(12.3649539721778,-3.23534279991359,1.11700476091752));
#6463=CARTESIAN_POINT('',(12.3649539721778,-3.23534279991359,1.11700476091752));
#6464=CARTESIAN_POINT('',(12.3649539721778,-3.46712567120201,1.11700476091752));
#6465=CARTESIAN_POINT('',(12.1073470262834,-3.46712567120201,1.11700476091752));
#6466=CARTESIAN_POINT('',(12.1073470262834,-3.23534279991359,1.11700476091752));
#6467=CARTESIAN_POINT('',(12.3649539721778,-3.46712567120201,1.11700476091752));
#6468=CARTESIAN_POINT('',(12.1073470262834,-3.46712567120201,1.11700476091752));
#6469=CARTESIAN_POINT('',(11.773531517156,-3.2241266202442,1.10747869051338));
#6470=CARTESIAN_POINT('',(11.773531517156,-3.47834185087139,1.10747869051338));
#6471=CARTESIAN_POINT('',(11.8052850851698,-3.47834185087139,1.10747869051338));
#6472=CARTESIAN_POINT('',(11.8052850851698,-3.2241266202442,1.10747869051338));
#6473=CARTESIAN_POINT('',(11.5127492144603,-3.76994434706322,1.10747869051338));
#6474=CARTESIAN_POINT('',(11.5127492144603,-3.51572911643603,1.10747869051338));
#6475=CARTESIAN_POINT('',(12.0565413174614,-3.23534279991359,1.11700476091752));
#6476=CARTESIAN_POINT('',(12.0565413174614,-3.46712567120201,1.11700476091752));
#6477=CARTESIAN_POINT('',(11.8148111555739,-3.23534279991359,1.11700476091752));
#6478=CARTESIAN_POINT('',(12.0565413174614,-3.23534279991359,1.11700476091752));
#6479=CARTESIAN_POINT('',(11.8148111555739,-3.46712567120201,1.11700476091752));
#6480=CARTESIAN_POINT('',(11.8148111555739,-3.23534279991359,1.11700476091752));
#6481=CARTESIAN_POINT('',(12.0565413174614,-3.46712567120201,1.11700476091752));
#6482=CARTESIAN_POINT('',(11.8148111555739,-3.46712567120201,1.11700476091752));
#6483=CARTESIAN_POINT('',(11.4809956464465,-3.2241266202442,1.10747869051338));
#6484=CARTESIAN_POINT('',(11.4809956464465,-3.47834185087139,1.10747869051338));
#6485=CARTESIAN_POINT('',(11.5127492144603,-3.47834185087139,1.10747869051338));
#6486=CARTESIAN_POINT('',(11.5127492144603,-3.2241266202442,1.10747869051338));
#6487=CARTESIAN_POINT('',(12.0978209558793,-3.76994434706322,1.10747869051338));
#6488=CARTESIAN_POINT('',(12.0978209558793,-3.51572911643603,1.10747869051338));
#6489=CARTESIAN_POINT('',(11.4714695760423,-3.23534279991359,1.11700476091752));
#6490=CARTESIAN_POINT('',(11.4714695760423,-3.46712567120201,1.11700476091752));
#6491=CARTESIAN_POINT('',(11.213862630148,-3.46712567120201,1.11700476091752));
#6492=CARTESIAN_POINT('',(11.213862630148,-3.23534279991359,1.11700476091752));
#6493=CARTESIAN_POINT('',(11.4714695760423,-3.46712567120201,1.11700476091752));
#6494=CARTESIAN_POINT('',(11.213862630148,-3.46712567120201,1.11700476091752));
#6495=CARTESIAN_POINT('',(11.213862630148,-3.23534279991359,1.11700476091752));
#6496=CARTESIAN_POINT('',(11.4714695760423,-3.23534279991359,1.11700476091752));
#6497=CARTESIAN_POINT('',(11.5222752848644,-3.75872816739383,1.11700476091752));
#6498=CARTESIAN_POINT('',(11.5222752848644,-3.52694529610542,1.11700476091752));
#6499=CARTESIAN_POINT('',(11.7640054467518,-3.75872816739383,1.11700476091752));
#6500=CARTESIAN_POINT('',(11.5222752848644,-3.75872816739383,1.11700476091752));
#6501=CARTESIAN_POINT('',(11.5222752848644,-3.52694529610542,1.11700476091752));
#6502=CARTESIAN_POINT('',(11.7640054467518,-3.52694529610542,1.11700476091752));
#6503=CARTESIAN_POINT('',(11.7640054467518,-3.52694529610542,1.11700476091752));
#6504=CARTESIAN_POINT('',(11.7640054467518,-3.75872816739383,1.11700476091752));
#6505=CARTESIAN_POINT('',(12.3744800425819,-3.47834185087139,1.10747869051338));
#6506=CARTESIAN_POINT('',(12.0978209558793,-3.47834185087139,1.10747869051338));
#6507=CARTESIAN_POINT('',(11.773531517156,-3.47834185087139,1.10747869051338));
#6508=CARTESIAN_POINT('',(11.5127492144603,-3.47834185087139,1.10747869051338));
#6509=CARTESIAN_POINT('',(11.4809956464465,-3.47834185087139,1.10747869051338));
#6510=CARTESIAN_POINT('',(11.2043365597439,-3.47834185087139,1.10747869051338));
#6511=CARTESIAN_POINT('',(12.0660673878655,-3.47834185087139,1.10747869051338));
#6512=CARTESIAN_POINT('',(11.8052850851698,-3.47834185087139,1.10747869051338));
#6513=CARTESIAN_POINT('',(11.5127492144603,-3.51572911643603,1.10747869051338));
#6514=CARTESIAN_POINT('',(11.773531517156,-3.51572911643603,1.10747869051338));
#6515=CARTESIAN_POINT('',(11.2043365597439,-3.51572911643603,1.10747869051338));
#6516=CARTESIAN_POINT('',(11.4809956464465,-3.51572911643603,1.10747869051338));
#6517=CARTESIAN_POINT('',(11.8052850851698,-3.51572911643603,1.10747869051338));
#6518=CARTESIAN_POINT('',(12.0660673878655,-3.51572911643603,1.10747869051338));
#6519=CARTESIAN_POINT('',(12.0978209558793,-3.51572911643603,1.10747869051338));
#6520=CARTESIAN_POINT('',(12.3744800425819,-3.51572911643603,1.10747869051338));
#6521=CARTESIAN_POINT('',(11.2043365597439,-3.76994434706322,1.10747869051338));
#6522=CARTESIAN_POINT('',(11.2043365597439,-3.76994434706322,1.10799442282034));
#6523=CARTESIAN_POINT('',(11.2044251105001,-3.76984008568891,1.10907220302809));
#6524=CARTESIAN_POINT('',(11.20483444359,-3.76935812898626,1.11066860960126));
#6525=CARTESIAN_POINT('',(11.2055415217818,-3.76852560143793,1.11222199910762));
#6526=CARTESIAN_POINT('',(11.2065345613704,-3.76735637740619,1.11364827910407));
#6527=CARTESIAN_POINT('',(11.2077743876332,-3.76589658196772,1.1148741070918));
#6528=CARTESIAN_POINT('',(11.209199402751,-3.76421874158706,1.11584391181932));
#6529=CARTESIAN_POINT('',(11.2107343849097,-3.76241142388407,1.11652724290039));
#6530=CARTESIAN_POINT('',(11.2123012005786,-3.76056662479004,1.1169199515028));
#6531=CARTESIAN_POINT('',(11.2133494219493,-3.75933242866005,1.11700532955076));
#6532=CARTESIAN_POINT('',(11.213862630148,-3.75872816739383,1.11700476091752));
#6533=CARTESIAN_POINT('',(11.2043365597439,-3.51572911643603,1.10747869051338));
#6534=CARTESIAN_POINT('',(11.2043365597439,-3.51572911643603,1.10799442282034));
#6535=CARTESIAN_POINT('',(11.2044251105001,-3.51583337781034,1.10907220302809));
#6536=CARTESIAN_POINT('',(11.20483444359,-3.51631533451299,1.11066860960126));
#6537=CARTESIAN_POINT('',(11.2055415217818,-3.51714786206132,1.11222199910762));
#6538=CARTESIAN_POINT('',(11.2065345613704,-3.51831708609306,1.11364827910407));
#6539=CARTESIAN_POINT('',(11.2077743876332,-3.51977688153153,1.1148741070918));
#6540=CARTESIAN_POINT('',(11.209199402751,-3.52145472191219,1.11584391181932));
#6541=CARTESIAN_POINT('',(11.2107343849097,-3.52326203961518,1.11652724290039));
#6542=CARTESIAN_POINT('',(11.2123012005786,-3.52510683870921,1.1169199515028));
#6543=CARTESIAN_POINT('',(11.2133494219493,-3.5263410348392,1.11700532955076));
#6544=CARTESIAN_POINT('',(11.213862630148,-3.52694529610542,1.11700476091752));
#6545=CARTESIAN_POINT('',(11.213862630148,-3.23534279991359,1.11700476091752));
#6546=CARTESIAN_POINT('',(11.2133494219493,-3.23473853864737,1.11700532955076));
#6547=CARTESIAN_POINT('',(11.2123012005786,-3.23350434251738,1.1169199515028));
#6548=CARTESIAN_POINT('',(11.2107343849097,-3.23165954342335,1.11652724290039));
#6549=CARTESIAN_POINT('',(11.209199402751,-3.22985222572036,1.11584391181932));
#6550=CARTESIAN_POINT('',(11.2077743876332,-3.2281743853397,1.1148741070918));
#6551=CARTESIAN_POINT('',(11.2065345613704,-3.22671458990123,1.11364827910407));
#6552=CARTESIAN_POINT('',(11.2055415217818,-3.22554536586949,1.11222199910762));
#6553=CARTESIAN_POINT('',(11.20483444359,-3.22471283832116,1.11066860960126));
#6554=CARTESIAN_POINT('',(11.2044251105001,-3.22423088161851,1.10907220302809));
#6555=CARTESIAN_POINT('',(11.2043365597439,-3.2241266202442,1.10799442282034));
#6556=CARTESIAN_POINT('',(11.2043365597439,-3.2241266202442,1.10747869051338));
#6557=CARTESIAN_POINT('',(12.3744800425819,-3.2241266202442,1.10747869051338));
#6558=CARTESIAN_POINT('',(12.3744800425819,-3.2241266202442,1.10799442282034));
#6559=CARTESIAN_POINT('',(12.3743914918256,-3.22423088161851,1.10907220302809));
#6560=CARTESIAN_POINT('',(12.3739821587357,-3.22471283832116,1.11066860960126));
#6561=CARTESIAN_POINT('',(12.373275080544,-3.22554536586949,1.11222199910762));
#6562=CARTESIAN_POINT('',(12.3722820409554,-3.22671458990123,1.11364827910407));
#6563=CARTESIAN_POINT('',(12.3710422146926,-3.2281743853397,1.1148741070918));
#6564=CARTESIAN_POINT('',(12.3696171995748,-3.22985222572036,1.11584391181932));
#6565=CARTESIAN_POINT('',(12.3680822174161,-3.23165954342335,1.11652724290039));
#6566=CARTESIAN_POINT('',(12.3665154017471,-3.23350434251738,1.1169199515028));
#6567=CARTESIAN_POINT('',(12.3654671803765,-3.23473853864737,1.11700532955076));
#6568=CARTESIAN_POINT('',(12.3649539721778,-3.23534279991359,1.11700476091752));
#6569=CARTESIAN_POINT('',(12.0978209558793,-3.76994434706322,1.10747869051338));
#6570=CARTESIAN_POINT('',(12.0978209558793,-3.76994434706322,1.10799442282034));
#6571=CARTESIAN_POINT('',(12.0979095066356,-3.76984008568891,1.10907220302809));
#6572=CARTESIAN_POINT('',(12.0983188397255,-3.76935812898626,1.11066860960126));
#6573=CARTESIAN_POINT('',(12.0990259179172,-3.76852560143793,1.11222199910762));
#6574=CARTESIAN_POINT('',(12.1000189575058,-3.76735637740619,1.11364827910407));
#6575=CARTESIAN_POINT('',(12.1012587837686,-3.76589658196772,1.1148741070918));
#6576=CARTESIAN_POINT('',(12.1026837988864,-3.76421874158706,1.11584391181932));
#6577=CARTESIAN_POINT('',(12.1042187810451,-3.76241142388407,1.11652724290039));
#6578=CARTESIAN_POINT('',(12.105785596714,-3.76056662479004,1.1169199515028));
#6579=CARTESIAN_POINT('',(12.1068338180847,-3.75933242866005,1.11700532955076));
#6580=CARTESIAN_POINT('',(12.1073470262834,-3.75872816739383,1.11700476091752));
#6581=CARTESIAN_POINT('',(12.0660673878655,-3.51572911643603,1.10747869051338));
#6582=CARTESIAN_POINT('',(12.0660673878655,-3.51572911643603,1.10799442282034));
#6583=CARTESIAN_POINT('',(12.0659788371092,-3.51583337781034,1.10907220302809));
#6584=CARTESIAN_POINT('',(12.0655695040193,-3.51631533451299,1.11066860960126));
#6585=CARTESIAN_POINT('',(12.0648624258276,-3.51714786206132,1.11222199910762));
#6586=CARTESIAN_POINT('',(12.063869386239,-3.51831708609306,1.11364827910407));
#6587=CARTESIAN_POINT('',(12.0626295599762,-3.51977688153153,1.1148741070918));
#6588=CARTESIAN_POINT('',(12.0612045448583,-3.52145472191219,1.11584391181932));
#6589=CARTESIAN_POINT('',(12.0596695626996,-3.52326203961518,1.11652724290039));
#6590=CARTESIAN_POINT('',(12.0581027470307,-3.52510683870921,1.1169199515028));
#6591=CARTESIAN_POINT('',(12.0570545256601,-3.5263410348392,1.11700532955076));
#6592=CARTESIAN_POINT('',(12.0565413174614,-3.52694529610542,1.11700476091752));
#6593=CARTESIAN_POINT('',(12.1073470262834,-3.23534279991359,1.11700476091752));
#6594=CARTESIAN_POINT('',(12.1068338180847,-3.23473853864737,1.11700532955076));
#6595=CARTESIAN_POINT('',(12.105785596714,-3.23350434251738,1.1169199515028));
#6596=CARTESIAN_POINT('',(12.1042187810451,-3.23165954342335,1.11652724290039));
#6597=CARTESIAN_POINT('',(12.1026837988864,-3.22985222572036,1.11584391181932));
#6598=CARTESIAN_POINT('',(12.1012587837686,-3.2281743853397,1.1148741070918));
#6599=CARTESIAN_POINT('',(12.1000189575058,-3.22671458990123,1.11364827910407));
#6600=CARTESIAN_POINT('',(12.0990259179172,-3.22554536586949,1.11222199910762));
#6601=CARTESIAN_POINT('',(12.0983188397255,-3.22471283832116,1.11066860960126));
#6602=CARTESIAN_POINT('',(12.0979095066356,-3.22423088161851,1.10907220302809));
#6603=CARTESIAN_POINT('',(12.0978209558793,-3.2241266202442,1.10799442282034));
#6604=CARTESIAN_POINT('',(12.0978209558793,-3.2241266202442,1.10747869051338));
#6605=CARTESIAN_POINT('',(12.0565413174614,-3.75872816739383,1.11700476091752));
#6606=CARTESIAN_POINT('',(12.0570545256601,-3.75933242866005,1.11700532955076));
#6607=CARTESIAN_POINT('',(12.0581027470307,-3.76056662479004,1.1169199515028));
#6608=CARTESIAN_POINT('',(12.0596695626996,-3.76241142388407,1.11652724290039));
#6609=CARTESIAN_POINT('',(12.0612045448583,-3.76421874158706,1.11584391181932));
#6610=CARTESIAN_POINT('',(12.0626295599762,-3.76589658196772,1.1148741070918));
#6611=CARTESIAN_POINT('',(12.063869386239,-3.76735637740619,1.11364827910407));
#6612=CARTESIAN_POINT('',(12.0648624258276,-3.76852560143793,1.11222199910762));
#6613=CARTESIAN_POINT('',(12.0655695040193,-3.76935812898626,1.11066860960126));
#6614=CARTESIAN_POINT('',(12.0659788371092,-3.76984008568891,1.10907220302809));
#6615=CARTESIAN_POINT('',(12.0660673878655,-3.76994434706322,1.10799442282034));
#6616=CARTESIAN_POINT('',(12.0660673878655,-3.76994434706322,1.10747869051338));
#6617=CARTESIAN_POINT('',(11.7640054467518,-3.75872816739383,1.11700476091752));
#6618=CARTESIAN_POINT('',(11.7645186549505,-3.75933242866005,1.11700532955076));
#6619=CARTESIAN_POINT('',(11.7655668763212,-3.76056662479004,1.1169199515028));
#6620=CARTESIAN_POINT('',(11.7671336919901,-3.76241142388407,1.11652724290039));
#6621=CARTESIAN_POINT('',(11.7686686741488,-3.76421874158706,1.11584391181932));
#6622=CARTESIAN_POINT('',(11.7700936892667,-3.76589658196772,1.1148741070918));
#6623=CARTESIAN_POINT('',(11.7713335155295,-3.76735637740619,1.11364827910407));
#6624=CARTESIAN_POINT('',(11.7723265551181,-3.76852560143793,1.11222199910762));
#6625=CARTESIAN_POINT('',(11.7730336333098,-3.76935812898626,1.11066860960126));
#6626=CARTESIAN_POINT('',(11.7734429663997,-3.76984008568891,1.10907220302809));
#6627=CARTESIAN_POINT('',(11.773531517156,-3.76994434706322,1.10799442282034));
#6628=CARTESIAN_POINT('',(11.773531517156,-3.76994434706322,1.10747869051338));
#6629=CARTESIAN_POINT('',(11.8148111555739,-3.23534279991359,1.11700476091752));
#6630=CARTESIAN_POINT('',(11.8142979473752,-3.23473853864737,1.11700532955076));
#6631=CARTESIAN_POINT('',(11.8132497260045,-3.23350434251738,1.1169199515028));
#6632=CARTESIAN_POINT('',(11.8116829103356,-3.23165954342335,1.11652724290039));
#6633=CARTESIAN_POINT('',(11.8101479281769,-3.22985222572036,1.11584391181932));
#6634=CARTESIAN_POINT('',(11.8087229130591,-3.2281743853397,1.1148741070918));
#6635=CARTESIAN_POINT('',(11.8074830867963,-3.22671458990123,1.11364827910407));
#6636=CARTESIAN_POINT('',(11.8064900472077,-3.22554536586949,1.11222199910762));
#6637=CARTESIAN_POINT('',(11.805782969016,-3.22471283832116,1.11066860960126));
#6638=CARTESIAN_POINT('',(11.805373635926,-3.22423088161851,1.10907220302809));
#6639=CARTESIAN_POINT('',(11.8052850851698,-3.2241266202442,1.10799442282034));
#6640=CARTESIAN_POINT('',(11.8052850851698,-3.2241266202442,1.10747869051338));
#6641=CARTESIAN_POINT('',(11.8052850851698,-3.47834185087139,1.10747869051338));
#6642=CARTESIAN_POINT('',(11.8052850851698,-3.47834185087139,1.10799442282034));
#6643=CARTESIAN_POINT('',(11.805373635926,-3.47823758949709,1.10907220302809));
#6644=CARTESIAN_POINT('',(11.805782969016,-3.47775563279443,1.11066860960126));
#6645=CARTESIAN_POINT('',(11.8064900472077,-3.4769231052461,1.11222199910762));
#6646=CARTESIAN_POINT('',(11.8074830867963,-3.47575388121436,1.11364827910407));
#6647=CARTESIAN_POINT('',(11.8087229130591,-3.4742940857759,1.1148741070918));
#6648=CARTESIAN_POINT('',(11.8101479281769,-3.47261624539523,1.11584391181932));
#6649=CARTESIAN_POINT('',(11.8116829103356,-3.47080892769225,1.11652724290039));
#6650=CARTESIAN_POINT('',(11.8132497260045,-3.46896412859821,1.1169199515028));
#6651=CARTESIAN_POINT('',(11.8142979473752,-3.46772993246822,1.11700532955076));
#6652=CARTESIAN_POINT('',(11.8148111555739,-3.46712567120201,1.11700476091752));
#6653=CARTESIAN_POINT('',(11.5127492144603,-3.76994434706322,1.10747869051338));
#6654=CARTESIAN_POINT('',(11.5127492144603,-3.76994434706322,1.10799442282034));
#6655=CARTESIAN_POINT('',(11.5128377652165,-3.76984008568891,1.10907220302809));
#6656=CARTESIAN_POINT('',(11.5132470983065,-3.76935812898626,1.11066860960126));
#6657=CARTESIAN_POINT('',(11.5139541764982,-3.76852560143793,1.11222199910762));
#6658=CARTESIAN_POINT('',(11.5149472160868,-3.76735637740619,1.11364827910407));
#6659=CARTESIAN_POINT('',(11.5161870423496,-3.76589658196772,1.1148741070918));
#6660=CARTESIAN_POINT('',(11.5176120574674,-3.76421874158706,1.11584391181932));
#6661=CARTESIAN_POINT('',(11.5191470396261,-3.76241142388407,1.11652724290039));
#6662=CARTESIAN_POINT('',(11.520713855295,-3.76056662479004,1.1169199515028));
#6663=CARTESIAN_POINT('',(11.5217620766657,-3.75933242866005,1.11700532955076));
#6664=CARTESIAN_POINT('',(11.5222752848644,-3.75872816739383,1.11700476091752));
#6665=CARTESIAN_POINT('',(11.4714695760423,-3.75872816739383,1.11700476091752));
#6666=CARTESIAN_POINT('',(11.471982784241,-3.75933242866005,1.11700532955076));
#6667=CARTESIAN_POINT('',(11.4730310056117,-3.76056662479004,1.1169199515028));
#6668=CARTESIAN_POINT('',(11.4745978212806,-3.76241142388407,1.11652724290039));
#6669=CARTESIAN_POINT('',(11.4761328034393,-3.76421874158706,1.11584391181932));
#6670=CARTESIAN_POINT('',(11.4775578185571,-3.76589658196772,1.1148741070918));
#6671=CARTESIAN_POINT('',(11.4787976448199,-3.76735637740619,1.11364827910407));
#6672=CARTESIAN_POINT('',(11.4797906844086,-3.76852560143793,1.11222199910762));
#6673=CARTESIAN_POINT('',(11.4804977626003,-3.76935812898626,1.11066860960126));
#6674=CARTESIAN_POINT('',(11.4809070956902,-3.76984008568891,1.10907220302809));
#6675=CARTESIAN_POINT('',(11.4809956464465,-3.76994434706322,1.10799442282034));
#6676=CARTESIAN_POINT('',(11.4809956464465,-3.76994434706322,1.10747869051338));
#6677=CARTESIAN_POINT('',(11.4809956464465,-3.51572911643603,1.10747869051338));
#6678=CARTESIAN_POINT('',(11.4809956464465,-3.51572911643603,1.10799442282034));
#6679=CARTESIAN_POINT('',(11.4809070956902,-3.51583337781033,1.10907220302809));
#6680=CARTESIAN_POINT('',(11.4804977626003,-3.51631533451299,1.11066860960126));
#6681=CARTESIAN_POINT('',(11.4797906844085,-3.51714786206132,1.11222199910762));
#6682=CARTESIAN_POINT('',(11.4787976448199,-3.51831708609306,1.11364827910407));
#6683=CARTESIAN_POINT('',(11.4775578185571,-3.51977688153153,1.1148741070918));
#6684=CARTESIAN_POINT('',(11.4761328034393,-3.52145472191219,1.11584391181932));
#6685=CARTESIAN_POINT('',(11.4745978212806,-3.52326203961518,1.11652724290039));
#6686=CARTESIAN_POINT('',(11.4730310056117,-3.52510683870921,1.1169199515028));
#6687=CARTESIAN_POINT('',(11.471982784241,-3.5263410348392,1.11700532955076));
#6688=CARTESIAN_POINT('',(11.4714695760423,-3.52694529610542,1.11700476091752));
#6689=CARTESIAN_POINT('',(11.5222752848644,-3.23534279991359,1.11700476091752));
#6690=CARTESIAN_POINT('',(11.5217620766657,-3.23473853864737,1.11700532955076));
#6691=CARTESIAN_POINT('',(11.520713855295,-3.23350434251738,1.1169199515028));
#6692=CARTESIAN_POINT('',(11.5191470396261,-3.23165954342335,1.11652724290039));
#6693=CARTESIAN_POINT('',(11.5176120574674,-3.22985222572036,1.11584391181932));
#6694=CARTESIAN_POINT('',(11.5161870423496,-3.2281743853397,1.1148741070918));
#6695=CARTESIAN_POINT('',(11.5149472160868,-3.22671458990123,1.11364827910407));
#6696=CARTESIAN_POINT('',(11.5139541764982,-3.22554536586949,1.11222199910762));
#6697=CARTESIAN_POINT('',(11.5132470983065,-3.22471283832116,1.11066860960126));
#6698=CARTESIAN_POINT('',(11.5128377652165,-3.22423088161851,1.10907220302809));
#6699=CARTESIAN_POINT('',(11.5127492144603,-3.2241266202442,1.10799442282034));
#6700=CARTESIAN_POINT('',(11.5127492144603,-3.2241266202442,1.10747869051338));
#6701=CARTESIAN_POINT('',(12.3744800425819,-3.47834185087139,1.10747869051338));
#6702=CARTESIAN_POINT('',(12.3744800425819,-3.47834185087139,1.10799442282034));
#6703=CARTESIAN_POINT('',(12.3743914918256,-3.47823758949709,1.10907220302809));
#6704=CARTESIAN_POINT('',(12.3739821587357,-3.47775563279443,1.11066860960126));
#6705=CARTESIAN_POINT('',(12.373275080544,-3.4769231052461,1.11222199910762));
#6706=CARTESIAN_POINT('',(12.3722820409554,-3.47575388121436,1.11364827910407));
#6707=CARTESIAN_POINT('',(12.3710422146926,-3.4742940857759,1.1148741070918));
#6708=CARTESIAN_POINT('',(12.3696171995748,-3.47261624539523,1.11584391181932));
#6709=CARTESIAN_POINT('',(12.3680822174161,-3.47080892769225,1.11652724290039));
#6710=CARTESIAN_POINT('',(12.3665154017471,-3.46896412859821,1.1169199515028));
#6711=CARTESIAN_POINT('',(12.3654671803765,-3.46772993246822,1.11700532955076));
#6712=CARTESIAN_POINT('',(12.3649539721778,-3.46712567120201,1.11700476091752));
#6713=CARTESIAN_POINT('',(12.0978209558793,-3.47834185087139,1.10747869051338));
#6714=CARTESIAN_POINT('',(12.0978209558793,-3.47834185087139,1.10799442282034));
#6715=CARTESIAN_POINT('',(12.0979095066356,-3.47823758949709,1.10907220302809));
#6716=CARTESIAN_POINT('',(12.0983188397255,-3.47775563279443,1.11066860960126));
#6717=CARTESIAN_POINT('',(12.0990259179172,-3.4769231052461,1.11222199910762));
#6718=CARTESIAN_POINT('',(12.1000189575058,-3.47575388121436,1.11364827910407));
#6719=CARTESIAN_POINT('',(12.1012587837686,-3.4742940857759,1.1148741070918));
#6720=CARTESIAN_POINT('',(12.1026837988864,-3.47261624539523,1.11584391181932));
#6721=CARTESIAN_POINT('',(12.1042187810451,-3.47080892769225,1.11652724290039));
#6722=CARTESIAN_POINT('',(12.105785596714,-3.46896412859821,1.1169199515028));
#6723=CARTESIAN_POINT('',(12.1068338180847,-3.46772993246822,1.11700532955076));
#6724=CARTESIAN_POINT('',(12.1073470262834,-3.46712567120201,1.11700476091752));
#6725=CARTESIAN_POINT('',(12.0660673878655,-3.47834185087139,1.10747869051338));
#6726=CARTESIAN_POINT('',(12.0660673878655,-3.47834185087139,1.10799442282034));
#6727=CARTESIAN_POINT('',(12.0659788371092,-3.47823758949709,1.10907220302809));
#6728=CARTESIAN_POINT('',(12.0655695040193,-3.47775563279443,1.11066860960126));
#6729=CARTESIAN_POINT('',(12.0648624258276,-3.4769231052461,1.11222199910762));
#6730=CARTESIAN_POINT('',(12.063869386239,-3.47575388121436,1.11364827910407));
#6731=CARTESIAN_POINT('',(12.0626295599762,-3.4742940857759,1.1148741070918));
#6732=CARTESIAN_POINT('',(12.0612045448583,-3.47261624539523,1.11584391181932));
#6733=CARTESIAN_POINT('',(12.0596695626996,-3.47080892769225,1.11652724290039));
#6734=CARTESIAN_POINT('',(12.0581027470307,-3.46896412859821,1.1169199515028));
#6735=CARTESIAN_POINT('',(12.0570545256601,-3.46772993246822,1.11700532955076));
#6736=CARTESIAN_POINT('',(12.0565413174614,-3.46712567120201,1.11700476091752));
#6737=CARTESIAN_POINT('',(11.5222752848644,-3.46712567120201,1.11700476091752));
#6738=CARTESIAN_POINT('',(11.5217620766657,-3.46772993246822,1.11700532955076));
#6739=CARTESIAN_POINT('',(11.520713855295,-3.46896412859821,1.1169199515028));
#6740=CARTESIAN_POINT('',(11.5191470396261,-3.47080892769225,1.11652724290039));
#6741=CARTESIAN_POINT('',(11.5176120574674,-3.47261624539523,1.11584391181932));
#6742=CARTESIAN_POINT('',(11.5161870423496,-3.4742940857759,1.1148741070918));
#6743=CARTESIAN_POINT('',(11.5149472160868,-3.47575388121436,1.11364827910407));
#6744=CARTESIAN_POINT('',(11.5139541764982,-3.4769231052461,1.11222199910762));
#6745=CARTESIAN_POINT('',(11.5132470983065,-3.47775563279443,1.11066860960126));
#6746=CARTESIAN_POINT('',(11.5128377652165,-3.47823758949709,1.10907220302809));
#6747=CARTESIAN_POINT('',(11.5127492144603,-3.47834185087139,1.10799442282034));
#6748=CARTESIAN_POINT('',(11.5127492144603,-3.47834185087139,1.10747869051338));
#6749=CARTESIAN_POINT('',(11.773531517156,-3.51572911643603,1.10747869051338));
#6750=CARTESIAN_POINT('',(11.773531517156,-3.51572911643603,1.10799442282034));
#6751=CARTESIAN_POINT('',(11.7734429663997,-3.51583337781034,1.10907220302809));
#6752=CARTESIAN_POINT('',(11.7730336333098,-3.51631533451299,1.11066860960126));
#6753=CARTESIAN_POINT('',(11.7723265551181,-3.51714786206132,1.11222199910762));
#6754=CARTESIAN_POINT('',(11.7713335155295,-3.51831708609306,1.11364827910407));
#6755=CARTESIAN_POINT('',(11.7700936892667,-3.51977688153153,1.1148741070918));
#6756=CARTESIAN_POINT('',(11.7686686741488,-3.52145472191219,1.11584391181932));
#6757=CARTESIAN_POINT('',(11.7671336919901,-3.52326203961518,1.11652724290039));
#6758=CARTESIAN_POINT('',(11.7655668763212,-3.52510683870921,1.1169199515028));
#6759=CARTESIAN_POINT('',(11.7645186549505,-3.5263410348392,1.11700532955076));
#6760=CARTESIAN_POINT('',(11.7640054467518,-3.52694529610542,1.11700476091752));
#6761=CARTESIAN_POINT('',(11.213862630148,-3.46712567120201,1.11700476091752));
#6762=CARTESIAN_POINT('',(11.2133494219493,-3.46772993246822,1.11700532955076));
#6763=CARTESIAN_POINT('',(11.2123012005786,-3.46896412859821,1.1169199515028));
#6764=CARTESIAN_POINT('',(11.2107343849097,-3.47080892769225,1.11652724290039));
#6765=CARTESIAN_POINT('',(11.209199402751,-3.47261624539523,1.11584391181932));
#6766=CARTESIAN_POINT('',(11.2077743876332,-3.4742940857759,1.1148741070918));
#6767=CARTESIAN_POINT('',(11.2065345613704,-3.47575388121436,1.11364827910407));
#6768=CARTESIAN_POINT('',(11.2055415217818,-3.4769231052461,1.11222199910762));
#6769=CARTESIAN_POINT('',(11.20483444359,-3.47775563279443,1.11066860960126));
#6770=CARTESIAN_POINT('',(11.2044251105001,-3.47823758949709,1.10907220302809));
#6771=CARTESIAN_POINT('',(11.2043365597439,-3.47834185087139,1.10799442282034));
#6772=CARTESIAN_POINT('',(11.2043365597439,-3.47834185087139,1.10747869051338));
#6773=CARTESIAN_POINT('',(12.3744800425819,-3.76994434706322,1.10747869051338));
#6774=CARTESIAN_POINT('',(12.3744800425819,-3.76994434706322,1.10799442282034));
#6775=CARTESIAN_POINT('',(12.3743914918256,-3.76984008568891,1.10907220302809));
#6776=CARTESIAN_POINT('',(12.3739821587357,-3.76935812898626,1.11066860960126));
#6777=CARTESIAN_POINT('',(12.373275080544,-3.76852560143793,1.11222199910762));
#6778=CARTESIAN_POINT('',(12.3722820409554,-3.76735637740619,1.11364827910407));
#6779=CARTESIAN_POINT('',(12.3710422146926,-3.76589658196772,1.1148741070918));
#6780=CARTESIAN_POINT('',(12.3696171995748,-3.76421874158706,1.11584391181932));
#6781=CARTESIAN_POINT('',(12.3680822174161,-3.76241142388407,1.11652724290039));
#6782=CARTESIAN_POINT('',(12.3665154017471,-3.76056662479004,1.1169199515028));
#6783=CARTESIAN_POINT('',(12.3654671803765,-3.75933242866005,1.11700532955076));
#6784=CARTESIAN_POINT('',(12.3649539721778,-3.75872816739383,1.11700476091752));
#6785=CARTESIAN_POINT('',(12.3649539721778,-3.52694529610542,1.11700476091752));
#6786=CARTESIAN_POINT('',(12.3654671803765,-3.5263410348392,1.11700532955076));
#6787=CARTESIAN_POINT('',(12.3665154017471,-3.52510683870921,1.1169199515028));
#6788=CARTESIAN_POINT('',(12.3680822174161,-3.52326203961518,1.11652724290039));
#6789=CARTESIAN_POINT('',(12.3696171995748,-3.52145472191219,1.11584391181932));
#6790=CARTESIAN_POINT('',(12.3710422146926,-3.51977688153153,1.1148741070918));
#6791=CARTESIAN_POINT('',(12.3722820409554,-3.51831708609306,1.11364827910407));
#6792=CARTESIAN_POINT('',(12.373275080544,-3.51714786206132,1.11222199910762));
#6793=CARTESIAN_POINT('',(12.3739821587357,-3.51631533451299,1.11066860960126));
#6794=CARTESIAN_POINT('',(12.3743914918256,-3.51583337781034,1.10907220302809));
#6795=CARTESIAN_POINT('',(12.3744800425819,-3.51572911643603,1.10799442282034));
#6796=CARTESIAN_POINT('',(12.3744800425819,-3.51572911643603,1.10747869051338));
#6797=CARTESIAN_POINT('',(12.0660673878655,-3.2241266202442,1.10747869051338));
#6798=CARTESIAN_POINT('',(12.0660673878655,-3.2241266202442,1.10799442282034));
#6799=CARTESIAN_POINT('',(12.0659788371092,-3.22423088161851,1.10907220302809));
#6800=CARTESIAN_POINT('',(12.0655695040193,-3.22471283832116,1.11066860960127));
#6801=CARTESIAN_POINT('',(12.0648624258276,-3.22554536586949,1.11222199910762));
#6802=CARTESIAN_POINT('',(12.063869386239,-3.22671458990123,1.11364827910407));
#6803=CARTESIAN_POINT('',(12.0626295599762,-3.2281743853397,1.1148741070918));
#6804=CARTESIAN_POINT('',(12.0612045448583,-3.22985222572036,1.11584391181932));
#6805=CARTESIAN_POINT('',(12.0596695626996,-3.23165954342335,1.11652724290039));
#6806=CARTESIAN_POINT('',(12.0581027470307,-3.23350434251738,1.1169199515028));
#6807=CARTESIAN_POINT('',(12.0570545256601,-3.23473853864737,1.11700532955076));
#6808=CARTESIAN_POINT('',(12.0565413174614,-3.23534279991359,1.11700476091752));
#6809=CARTESIAN_POINT('',(12.0978209558793,-3.51572911643603,1.10747869051338));
#6810=CARTESIAN_POINT('',(12.0978209558793,-3.51572911643603,1.10799442282034));
#6811=CARTESIAN_POINT('',(12.0979095066356,-3.51583337781033,1.10907220302809));
#6812=CARTESIAN_POINT('',(12.0983188397255,-3.51631533451299,1.11066860960126));
#6813=CARTESIAN_POINT('',(12.0990259179172,-3.51714786206132,1.11222199910762));
#6814=CARTESIAN_POINT('',(12.1000189575058,-3.51831708609306,1.11364827910407));
#6815=CARTESIAN_POINT('',(12.1012587837686,-3.51977688153153,1.1148741070918));
#6816=CARTESIAN_POINT('',(12.1026837988864,-3.52145472191219,1.11584391181932));
#6817=CARTESIAN_POINT('',(12.1042187810451,-3.52326203961518,1.11652724290039));
#6818=CARTESIAN_POINT('',(12.105785596714,-3.52510683870921,1.1169199515028));
#6819=CARTESIAN_POINT('',(12.1068338180847,-3.5263410348392,1.11700532955076));
#6820=CARTESIAN_POINT('',(12.1073470262834,-3.52694529610542,1.11700476091752));
#6821=CARTESIAN_POINT('',(11.773531517156,-3.2241266202442,1.10747869051338));
#6822=CARTESIAN_POINT('',(11.773531517156,-3.2241266202442,1.10799442282034));
#6823=CARTESIAN_POINT('',(11.7734429663997,-3.22423088161851,1.10907220302809));
#6824=CARTESIAN_POINT('',(11.7730336333098,-3.22471283832116,1.11066860960127));
#6825=CARTESIAN_POINT('',(11.7723265551181,-3.22554536586949,1.11222199910762));
#6826=CARTESIAN_POINT('',(11.7713335155295,-3.22671458990123,1.11364827910407));
#6827=CARTESIAN_POINT('',(11.7700936892667,-3.2281743853397,1.1148741070918));
#6828=CARTESIAN_POINT('',(11.7686686741488,-3.22985222572036,1.11584391181932));
#6829=CARTESIAN_POINT('',(11.7671336919901,-3.23165954342335,1.11652724290039));
#6830=CARTESIAN_POINT('',(11.7655668763212,-3.23350434251738,1.1169199515028));
#6831=CARTESIAN_POINT('',(11.7645186549505,-3.23473853864737,1.11700532955076));
#6832=CARTESIAN_POINT('',(11.7640054467518,-3.23534279991359,1.11700476091752));
#6833=CARTESIAN_POINT('',(11.773531517156,-3.47834185087139,1.10747869051338));
#6834=CARTESIAN_POINT('',(11.773531517156,-3.47834185087139,1.10799442282034));
#6835=CARTESIAN_POINT('',(11.7734429663997,-3.47823758949709,1.10907220302809));
#6836=CARTESIAN_POINT('',(11.7730336333098,-3.47775563279443,1.11066860960126));
#6837=CARTESIAN_POINT('',(11.7723265551181,-3.4769231052461,1.11222199910762));
#6838=CARTESIAN_POINT('',(11.7713335155295,-3.47575388121436,1.11364827910407));
#6839=CARTESIAN_POINT('',(11.7700936892667,-3.4742940857759,1.1148741070918));
#6840=CARTESIAN_POINT('',(11.7686686741488,-3.47261624539523,1.11584391181932));
#6841=CARTESIAN_POINT('',(11.7671336919901,-3.47080892769225,1.11652724290039));
#6842=CARTESIAN_POINT('',(11.7655668763212,-3.46896412859821,1.1169199515028));
#6843=CARTESIAN_POINT('',(11.7645186549505,-3.46772993246822,1.11700532955076));
#6844=CARTESIAN_POINT('',(11.7640054467518,-3.46712567120201,1.11700476091752));
#6845=CARTESIAN_POINT('',(11.8052850851698,-3.76994434706322,1.10747869051338));
#6846=CARTESIAN_POINT('',(11.8052850851698,-3.76994434706322,1.10799442282034));
#6847=CARTESIAN_POINT('',(11.805373635926,-3.76984008568891,1.10907220302809));
#6848=CARTESIAN_POINT('',(11.805782969016,-3.76935812898626,1.11066860960126));
#6849=CARTESIAN_POINT('',(11.8064900472077,-3.76852560143793,1.11222199910762));
#6850=CARTESIAN_POINT('',(11.8074830867963,-3.76735637740619,1.11364827910407));
#6851=CARTESIAN_POINT('',(11.8087229130591,-3.76589658196772,1.1148741070918));
#6852=CARTESIAN_POINT('',(11.8101479281769,-3.76421874158706,1.11584391181932));
#6853=CARTESIAN_POINT('',(11.8116829103356,-3.76241142388407,1.11652724290039));
#6854=CARTESIAN_POINT('',(11.8132497260045,-3.76056662479004,1.1169199515028));
#6855=CARTESIAN_POINT('',(11.8142979473752,-3.75933242866005,1.11700532955076));
#6856=CARTESIAN_POINT('',(11.8148111555739,-3.75872816739383,1.11700476091752));
#6857=CARTESIAN_POINT('',(11.8052850851698,-3.51572911643603,1.10747869051338));
#6858=CARTESIAN_POINT('',(11.8052850851698,-3.51572911643603,1.10799442282034));
#6859=CARTESIAN_POINT('',(11.805373635926,-3.51583337781033,1.10907220302809));
#6860=CARTESIAN_POINT('',(11.805782969016,-3.51631533451299,1.11066860960126));
#6861=CARTESIAN_POINT('',(11.8064900472077,-3.51714786206132,1.11222199910762));
#6862=CARTESIAN_POINT('',(11.8074830867963,-3.51831708609306,1.11364827910407));
#6863=CARTESIAN_POINT('',(11.8087229130591,-3.51977688153153,1.1148741070918));
#6864=CARTESIAN_POINT('',(11.8101479281769,-3.52145472191219,1.11584391181932));
#6865=CARTESIAN_POINT('',(11.8116829103356,-3.52326203961518,1.11652724290039));
#6866=CARTESIAN_POINT('',(11.8132497260045,-3.52510683870921,1.1169199515028));
#6867=CARTESIAN_POINT('',(11.8142979473752,-3.5263410348392,1.11700532955076));
#6868=CARTESIAN_POINT('',(11.8148111555739,-3.52694529610542,1.11700476091752));
#6869=CARTESIAN_POINT('',(11.4809956464465,-3.2241266202442,1.10747869051338));
#6870=CARTESIAN_POINT('',(11.4809956464465,-3.2241266202442,1.10799442282034));
#6871=CARTESIAN_POINT('',(11.4809070956902,-3.22423088161851,1.10907220302809));
#6872=CARTESIAN_POINT('',(11.4804977626003,-3.22471283832116,1.11066860960126));
#6873=CARTESIAN_POINT('',(11.4797906844086,-3.22554536586949,1.11222199910762));
#6874=CARTESIAN_POINT('',(11.4787976448199,-3.22671458990123,1.11364827910407));
#6875=CARTESIAN_POINT('',(11.4775578185571,-3.2281743853397,1.1148741070918));
#6876=CARTESIAN_POINT('',(11.4761328034393,-3.22985222572036,1.11584391181932));
#6877=CARTESIAN_POINT('',(11.4745978212806,-3.23165954342335,1.11652724290039));
#6878=CARTESIAN_POINT('',(11.4730310056117,-3.23350434251738,1.1169199515028));
#6879=CARTESIAN_POINT('',(11.471982784241,-3.23473853864737,1.11700532955076));
#6880=CARTESIAN_POINT('',(11.4714695760423,-3.23534279991359,1.11700476091752));
#6881=CARTESIAN_POINT('',(11.4809956464465,-3.47834185087139,1.10747869051338));
#6882=CARTESIAN_POINT('',(11.4809956464465,-3.47834185087139,1.10799442282034));
#6883=CARTESIAN_POINT('',(11.4809070956902,-3.47823758949709,1.10907220302809));
#6884=CARTESIAN_POINT('',(11.4804977626003,-3.47775563279443,1.11066860960126));
#6885=CARTESIAN_POINT('',(11.4797906844085,-3.4769231052461,1.11222199910762));
#6886=CARTESIAN_POINT('',(11.4787976448199,-3.47575388121436,1.11364827910407));
#6887=CARTESIAN_POINT('',(11.4775578185571,-3.4742940857759,1.1148741070918));
#6888=CARTESIAN_POINT('',(11.4761328034393,-3.47261624539523,1.11584391181932));
#6889=CARTESIAN_POINT('',(11.4745978212806,-3.47080892769225,1.11652724290039));
#6890=CARTESIAN_POINT('',(11.4730310056117,-3.46896412859821,1.1169199515028));
#6891=CARTESIAN_POINT('',(11.471982784241,-3.46772993246822,1.11700532955076));
#6892=CARTESIAN_POINT('',(11.4714695760423,-3.46712567120201,1.11700476091752));
#6893=CARTESIAN_POINT('',(11.5127492144603,-3.51572911643603,1.10747869051338));
#6894=CARTESIAN_POINT('',(11.5127492144603,-3.51572911643603,1.10799442282034));
#6895=CARTESIAN_POINT('',(11.5128377652165,-3.51583337781034,1.10907220302809));
#6896=CARTESIAN_POINT('',(11.5132470983065,-3.51631533451299,1.11066860960126));
#6897=CARTESIAN_POINT('',(11.5139541764982,-3.51714786206132,1.11222199910762));
#6898=CARTESIAN_POINT('',(11.5149472160868,-3.51831708609306,1.11364827910407));
#6899=CARTESIAN_POINT('',(11.5161870423496,-3.51977688153153,1.1148741070918));
#6900=CARTESIAN_POINT('',(11.5176120574674,-3.52145472191219,1.11584391181932));
#6901=CARTESIAN_POINT('',(11.5191470396261,-3.52326203961518,1.11652724290039));
#6902=CARTESIAN_POINT('',(11.520713855295,-3.52510683870921,1.1169199515028));
#6903=CARTESIAN_POINT('',(11.5217620766657,-3.5263410348392,1.11700532955076));
#6904=CARTESIAN_POINT('',(11.5222752848644,-3.52694529610542,1.11700476091752));
#6905=CARTESIAN_POINT('',(11.2043365597439,-3.76994434706322,0.918677099478574));
#6906=CARTESIAN_POINT('',(11.2043365597439,-3.2241266202442,0.918677099478573));
#6907=CARTESIAN_POINT('',(11.2043365597439,-3.2241266202442,0.918677099478573));
#6908=CARTESIAN_POINT('',(12.3744800425819,-3.2241266202442,0.918677099478573));
#6909=CARTESIAN_POINT('',(12.3744800425819,-3.2241266202442,0.918677099478573));
#6910=CARTESIAN_POINT('',(12.3744800425819,-3.76994434706322,0.918677099478574));
#6911=CARTESIAN_POINT('',(12.3744800425819,-3.76994434706322,0.918677099478574));
#6912=CARTESIAN_POINT('',(11.2043365597439,-3.76994434706322,0.918677099478574));
#6913=CARTESIAN_POINT('',(11.2043365597439,-3.2241266202442,1.10747869051338));
#6914=CARTESIAN_POINT('',(11.2043365597439,-3.2241266202442,0.918677099478573));
#6915=CARTESIAN_POINT('',(12.3744800425819,-3.2241266202442,1.10747869051338));
#6916=CARTESIAN_POINT('',(12.3744800425819,-3.2241266202442,0.918677099478573));
#6917=CARTESIAN_POINT('',(11.2043365597439,-3.76994434706322,1.10747869051338));
#6918=CARTESIAN_POINT('',(11.2043365597439,-3.76994434706322,0.918677099478574));
#6919=CARTESIAN_POINT('',(12.3744800425819,-3.76994434706322,1.10747869051338));
#6920=CARTESIAN_POINT('',(12.3744800425819,-3.76994434706322,0.918677099478574));
#6921=CARTESIAN_POINT('',(10.3776508972268,-3.07177814029364,0.));
#6922=CARTESIAN_POINT('',(11.1776508972268,-3.07177814029364,0.));
#6923=CARTESIAN_POINT('',(0.,0.,0.));
#6924=CARTESIAN_POINT('',(0.,0.,0.));
ENDSEC;
END-ISO-10303-21;
