ISO-10303-21;
HEADER;
/* Generated by software containing ST-Developer
 * from STEP Tools, Inc. (www.steptools.com) 
 */
/* OPTION: using custom schema-name function */

FILE_DESCRIPTION(
/* description */ (''),
/* implementation_level */ '2;1');

FILE_NAME(
/* name */ 'Siren Base',
/* time_stamp */ '2026-07-15T09:49:47-04:00',
/* author */ (''),
/* organization */ (''),
/* preprocessor_version */ 'ST-DEVELOPER v19.2',
/* originating_system */ 'Rhino 8.32',
/* authorisation */ '');

FILE_SCHEMA (('CONFIG_CONTROL_DESIGN'));
ENDSEC;

DATA;
#10=SHAPE_REPRESENTATION_RELATIONSHIP('','',#530,#12);
#11=MANIFOLD_SOLID_BREP('brep_1',#13);
#12=ADVANCED_BREP_SHAPE_REPRESENTATION('brep_rep_0',(#11,#556),#529);
#13=CLOSED_SHELL('',(#14,#15,#16,#17,#18,#19,#20,#21,#22,#23,#24,#25,#26,
#27,#28,#29,#30,#31,#32,#33,#34,#35,#36,#37,#38,#39));
#14=ADVANCED_FACE('',(#46,#40),#431,.T.);
#15=ADVANCED_FACE('',(#47),#427,.F.);
#16=ADVANCED_FACE('',(#48),#432,.T.);
#17=ADVANCED_FACE('',(#49),#433,.T.);
#18=ADVANCED_FACE('',(#50),#434,.T.);
#19=ADVANCED_FACE('',(#51,#41),#435,.T.);
#20=ADVANCED_FACE('',(#52),#428,.F.);
#21=ADVANCED_FACE('',(#53),#436,.T.);
#22=ADVANCED_FACE('',(#54),#437,.T.);
#23=ADVANCED_FACE('',(#55),#438,.T.);
#24=ADVANCED_FACE('',(#56),#415,.T.);
#25=ADVANCED_FACE('',(#57,#42),#439,.T.);
#26=ADVANCED_FACE('',(#58),#416,.T.);
#27=ADVANCED_FACE('',(#59),#417,.T.);
#28=ADVANCED_FACE('',(#60),#418,.T.);
#29=ADVANCED_FACE('',(#61),#419,.T.);
#30=ADVANCED_FACE('',(#62),#420,.T.);
#31=ADVANCED_FACE('',(#63),#421,.T.);
#32=ADVANCED_FACE('',(#64,#43,#44,#45),#440,.T.);
#33=ADVANCED_FACE('',(#65),#429,.F.);
#34=ADVANCED_FACE('',(#66),#430,.F.);
#35=ADVANCED_FACE('',(#67),#422,.T.);
#36=ADVANCED_FACE('',(#68),#423,.T.);
#37=ADVANCED_FACE('',(#69),#424,.T.);
#38=ADVANCED_FACE('',(#70),#425,.T.);
#39=ADVANCED_FACE('',(#71),#426,.T.);
#40=FACE_BOUND('',#73,.T.);
#41=FACE_BOUND('',#79,.T.);
#42=FACE_BOUND('',#86,.T.);
#43=FACE_BOUND('',#94,.T.);
#44=FACE_BOUND('',#95,.T.);
#45=FACE_BOUND('',#96,.T.);
#46=FACE_OUTER_BOUND('',#72,.T.);
#47=FACE_OUTER_BOUND('',#74,.T.);
#48=FACE_OUTER_BOUND('',#75,.T.);
#49=FACE_OUTER_BOUND('',#76,.T.);
#50=FACE_OUTER_BOUND('',#77,.T.);
#51=FACE_OUTER_BOUND('',#78,.T.);
#52=FACE_OUTER_BOUND('',#80,.T.);
#53=FACE_OUTER_BOUND('',#81,.T.);
#54=FACE_OUTER_BOUND('',#82,.T.);
#55=FACE_OUTER_BOUND('',#83,.T.);
#56=FACE_OUTER_BOUND('',#84,.T.);
#57=FACE_OUTER_BOUND('',#85,.T.);
#58=FACE_OUTER_BOUND('',#87,.T.);
#59=FACE_OUTER_BOUND('',#88,.T.);
#60=FACE_OUTER_BOUND('',#89,.T.);
#61=FACE_OUTER_BOUND('',#90,.T.);
#62=FACE_OUTER_BOUND('',#91,.T.);
#63=FACE_OUTER_BOUND('',#92,.T.);
#64=FACE_OUTER_BOUND('',#93,.T.);
#65=FACE_OUTER_BOUND('',#97,.T.);
#66=FACE_OUTER_BOUND('',#98,.T.);
#67=FACE_OUTER_BOUND('',#99,.T.);
#68=FACE_OUTER_BOUND('',#100,.T.);
#69=FACE_OUTER_BOUND('',#101,.T.);
#70=FACE_OUTER_BOUND('',#102,.T.);
#71=FACE_OUTER_BOUND('',#103,.T.);
#72=EDGE_LOOP('',(#104,#105,#106,#107));
#73=EDGE_LOOP('',(#108,#109));
#74=EDGE_LOOP('',(#110,#111,#112,#113));
#75=EDGE_LOOP('',(#114,#115,#116,#117));
#76=EDGE_LOOP('',(#118,#119,#120,#121));
#77=EDGE_LOOP('',(#122,#123,#124,#125));
#78=EDGE_LOOP('',(#126,#127,#128,#129));
#79=EDGE_LOOP('',(#130,#131));
#80=EDGE_LOOP('',(#132,#133,#134,#135));
#81=EDGE_LOOP('',(#136,#137,#138,#139));
#82=EDGE_LOOP('',(#140,#141,#142,#143));
#83=EDGE_LOOP('',(#144,#145,#146,#147));
#84=EDGE_LOOP('',(#148,#149,#150,#151));
#85=EDGE_LOOP('',(#152,#153));
#86=EDGE_LOOP('',(#154,#155));
#87=EDGE_LOOP('',(#156,#157,#158,#159));
#88=EDGE_LOOP('',(#160,#161,#162,#163,#164));
#89=EDGE_LOOP('',(#165,#166,#167,#168));
#90=EDGE_LOOP('',(#169,#170,#171,#172));
#91=EDGE_LOOP('',(#173,#174,#175,#176,#177));
#92=EDGE_LOOP('',(#178,#179,#180,#181,#182,#183,#184,#185));
#93=EDGE_LOOP('',(#186,#187));
#94=EDGE_LOOP('',(#188,#189));
#95=EDGE_LOOP('',(#190,#191,#192,#193,#194,#195,#196,#197,#198,#199));
#96=EDGE_LOOP('',(#200,#201));
#97=EDGE_LOOP('',(#202,#203,#204,#205));
#98=EDGE_LOOP('',(#206,#207,#208,#209));
#99=EDGE_LOOP('',(#210,#211,#212,#213));
#100=EDGE_LOOP('',(#214,#215,#216,#217));
#101=EDGE_LOOP('',(#218,#219,#220,#221));
#102=EDGE_LOOP('',(#222,#223,#224,#225));
#103=EDGE_LOOP('',(#226,#227,#228,#229,#230,#231,#232,#233));
#104=ORIENTED_EDGE('',*,*,#241,.F.);
#105=ORIENTED_EDGE('',*,*,#242,.F.);
#106=ORIENTED_EDGE('',*,*,#279,.F.);
#107=ORIENTED_EDGE('',*,*,#275,.F.);
#108=ORIENTED_EDGE('',*,*,#283,.F.);
#109=ORIENTED_EDGE('',*,*,#240,.F.);
#110=ORIENTED_EDGE('',*,*,#234,.F.);
#111=ORIENTED_EDGE('',*,*,#235,.T.);
#112=ORIENTED_EDGE('',*,*,#240,.T.);
#113=ORIENTED_EDGE('',*,*,#281,.F.);
#114=ORIENTED_EDGE('',*,*,#236,.F.);
#115=ORIENTED_EDGE('',*,*,#238,.T.);
#116=ORIENTED_EDGE('',*,*,#241,.T.);
#117=ORIENTED_EDGE('',*,*,#276,.F.);
#118=ORIENTED_EDGE('',*,*,#279,.T.);
#119=ORIENTED_EDGE('',*,*,#239,.F.);
#120=ORIENTED_EDGE('',*,*,#278,.F.);
#121=ORIENTED_EDGE('',*,*,#277,.F.);
#122=ORIENTED_EDGE('',*,*,#242,.T.);
#123=ORIENTED_EDGE('',*,*,#238,.F.);
#124=ORIENTED_EDGE('',*,*,#237,.F.);
#125=ORIENTED_EDGE('',*,*,#239,.T.);
#126=ORIENTED_EDGE('',*,*,#269,.T.);
#127=ORIENTED_EDGE('',*,*,#273,.T.);
#128=ORIENTED_EDGE('',*,*,#251,.T.);
#129=ORIENTED_EDGE('',*,*,#250,.T.);
#130=ORIENTED_EDGE('',*,*,#249,.T.);
#131=ORIENTED_EDGE('',*,*,#286,.T.);
#132=ORIENTED_EDGE('',*,*,#284,.T.);
#133=ORIENTED_EDGE('',*,*,#249,.F.);
#134=ORIENTED_EDGE('',*,*,#244,.F.);
#135=ORIENTED_EDGE('',*,*,#243,.T.);
#136=ORIENTED_EDGE('',*,*,#270,.T.);
#137=ORIENTED_EDGE('',*,*,#250,.F.);
#138=ORIENTED_EDGE('',*,*,#247,.F.);
#139=ORIENTED_EDGE('',*,*,#245,.T.);
#140=ORIENTED_EDGE('',*,*,#271,.T.);
#141=ORIENTED_EDGE('',*,*,#272,.T.);
#142=ORIENTED_EDGE('',*,*,#248,.T.);
#143=ORIENTED_EDGE('',*,*,#273,.F.);
#144=ORIENTED_EDGE('',*,*,#248,.F.);
#145=ORIENTED_EDGE('',*,*,#246,.T.);
#146=ORIENTED_EDGE('',*,*,#247,.T.);
#147=ORIENTED_EDGE('',*,*,#251,.F.);
#148=ORIENTED_EDGE('',*,*,#287,.T.);
#149=ORIENTED_EDGE('',*,*,#257,.F.);
#150=ORIENTED_EDGE('',*,*,#256,.F.);
#151=ORIENTED_EDGE('',*,*,#288,.F.);
#152=ORIENTED_EDGE('',*,*,#263,.T.);
#153=ORIENTED_EDGE('',*,*,#295,.T.);
#154=ORIENTED_EDGE('',*,*,#297,.F.);
#155=ORIENTED_EDGE('',*,*,#252,.F.);
#156=ORIENTED_EDGE('',*,*,#290,.T.);
#157=ORIENTED_EDGE('',*,*,#266,.F.);
#158=ORIENTED_EDGE('',*,*,#258,.F.);
#159=ORIENTED_EDGE('',*,*,#255,.T.);
#160=ORIENTED_EDGE('',*,*,#291,.T.);
#161=ORIENTED_EDGE('',*,*,#260,.F.);
#162=ORIENTED_EDGE('',*,*,#261,.F.);
#163=ORIENTED_EDGE('',*,*,#265,.F.);
#164=ORIENTED_EDGE('',*,*,#293,.F.);
#165=ORIENTED_EDGE('',*,*,#294,.T.);
#166=ORIENTED_EDGE('',*,*,#263,.F.);
#167=ORIENTED_EDGE('',*,*,#262,.F.);
#168=ORIENTED_EDGE('',*,*,#257,.T.);
#169=ORIENTED_EDGE('',*,*,#266,.T.);
#170=ORIENTED_EDGE('',*,*,#259,.T.);
#171=ORIENTED_EDGE('',*,*,#265,.T.);
#172=ORIENTED_EDGE('',*,*,#267,.F.);
#173=ORIENTED_EDGE('',*,*,#267,.T.);
#174=ORIENTED_EDGE('',*,*,#268,.T.);
#175=ORIENTED_EDGE('',*,*,#293,.T.);
#176=ORIENTED_EDGE('',*,*,#259,.F.);
#177=ORIENTED_EDGE('',*,*,#264,.T.);
#178=ORIENTED_EDGE('',*,*,#296,.T.);
#179=ORIENTED_EDGE('',*,*,#297,.T.);
#180=ORIENTED_EDGE('',*,*,#254,.F.);
#181=ORIENTED_EDGE('',*,*,#274,.F.);
#182=ORIENTED_EDGE('',*,*,#271,.F.);
#183=ORIENTED_EDGE('',*,*,#269,.F.);
#184=ORIENTED_EDGE('',*,*,#270,.F.);
#185=ORIENTED_EDGE('',*,*,#298,.F.);
#186=ORIENTED_EDGE('',*,*,#260,.T.);
#187=ORIENTED_EDGE('',*,*,#292,.T.);
#188=ORIENTED_EDGE('',*,*,#234,.T.);
#189=ORIENTED_EDGE('',*,*,#282,.T.);
#190=ORIENTED_EDGE('',*,*,#280,.T.);
#191=ORIENTED_EDGE('',*,*,#298,.T.);
#192=ORIENTED_EDGE('',*,*,#245,.F.);
#193=ORIENTED_EDGE('',*,*,#246,.F.);
#194=ORIENTED_EDGE('',*,*,#272,.F.);
#195=ORIENTED_EDGE('',*,*,#274,.T.);
#196=ORIENTED_EDGE('',*,*,#253,.T.);
#197=ORIENTED_EDGE('',*,*,#278,.T.);
#198=ORIENTED_EDGE('',*,*,#237,.T.);
#199=ORIENTED_EDGE('',*,*,#236,.T.);
#200=ORIENTED_EDGE('',*,*,#285,.F.);
#201=ORIENTED_EDGE('',*,*,#243,.F.);
#202=ORIENTED_EDGE('',*,*,#281,.T.);
#203=ORIENTED_EDGE('',*,*,#283,.T.);
#204=ORIENTED_EDGE('',*,*,#235,.F.);
#205=ORIENTED_EDGE('',*,*,#282,.F.);
#206=ORIENTED_EDGE('',*,*,#285,.T.);
#207=ORIENTED_EDGE('',*,*,#244,.T.);
#208=ORIENTED_EDGE('',*,*,#286,.F.);
#209=ORIENTED_EDGE('',*,*,#284,.F.);
#210=ORIENTED_EDGE('',*,*,#255,.F.);
#211=ORIENTED_EDGE('',*,*,#256,.T.);
#212=ORIENTED_EDGE('',*,*,#289,.F.);
#213=ORIENTED_EDGE('',*,*,#287,.F.);
#214=ORIENTED_EDGE('',*,*,#288,.T.);
#215=ORIENTED_EDGE('',*,*,#258,.T.);
#216=ORIENTED_EDGE('',*,*,#264,.F.);
#217=ORIENTED_EDGE('',*,*,#290,.F.);
#218=ORIENTED_EDGE('',*,*,#268,.F.);
#219=ORIENTED_EDGE('',*,*,#261,.T.);
#220=ORIENTED_EDGE('',*,*,#292,.F.);
#221=ORIENTED_EDGE('',*,*,#291,.F.);
#222=ORIENTED_EDGE('',*,*,#289,.T.);
#223=ORIENTED_EDGE('',*,*,#262,.T.);
#224=ORIENTED_EDGE('',*,*,#295,.F.);
#225=ORIENTED_EDGE('',*,*,#294,.F.);
#226=ORIENTED_EDGE('',*,*,#280,.F.);
#227=ORIENTED_EDGE('',*,*,#276,.T.);
#228=ORIENTED_EDGE('',*,*,#275,.T.);
#229=ORIENTED_EDGE('',*,*,#277,.T.);
#230=ORIENTED_EDGE('',*,*,#253,.F.);
#231=ORIENTED_EDGE('',*,*,#254,.T.);
#232=ORIENTED_EDGE('',*,*,#252,.T.);
#233=ORIENTED_EDGE('',*,*,#296,.F.);
#234=EDGE_CURVE('',#374,#404,#354,.T.);
#235=EDGE_CURVE('',#374,#377,#320,.T.);
#236=EDGE_CURVE('',#375,#400,#299,.T.);
#237=EDGE_CURVE('',#376,#375,#300,.T.);
#238=EDGE_CURVE('',#375,#378,#301,.T.);
#239=EDGE_CURVE('',#376,#379,#302,.T.);
#240=EDGE_CURVE('',#377,#405,#355,.T.);
#241=EDGE_CURVE('',#378,#402,#303,.T.);
#242=EDGE_CURVE('',#379,#378,#304,.T.);
#243=EDGE_CURVE('',#380,#406,#356,.T.);
#244=EDGE_CURVE('',#380,#383,#321,.T.);
#245=EDGE_CURVE('',#381,#396,#305,.T.);
#246=EDGE_CURVE('',#382,#381,#306,.T.);
#247=EDGE_CURVE('',#381,#384,#307,.T.);
#248=EDGE_CURVE('',#382,#385,#308,.T.);
#249=EDGE_CURVE('',#383,#407,#357,.T.);
#250=EDGE_CURVE('',#384,#398,#309,.T.);
#251=EDGE_CURVE('',#385,#384,#310,.T.);
#252=EDGE_CURVE('',#386,#414,#322,.T.);
#253=EDGE_CURVE('',#387,#401,#323,.T.);
#254=EDGE_CURVE('',#387,#386,#324,.T.);
#255=EDGE_CURVE('',#388,#408,#325,.T.);
#256=EDGE_CURVE('',#388,#390,#326,.T.);
#257=EDGE_CURVE('',#390,#409,#327,.T.);
#258=EDGE_CURVE('',#388,#392,#328,.T.);
#259=EDGE_CURVE('',#394,#395,#329,.T.);
#260=EDGE_CURVE('',#389,#411,#330,.T.);
#261=EDGE_CURVE('',#393,#389,#331,.T.);
#262=EDGE_CURVE('',#390,#391,#358,.T.);
#263=EDGE_CURVE('',#391,#412,#332,.T.);
#264=EDGE_CURVE('',#394,#392,#333,.T.);
#265=EDGE_CURVE('',#395,#393,#334,.T.);
#266=EDGE_CURVE('',#392,#394,#335,.T.);
#267=EDGE_CURVE('',#392,#393,#311,.T.);
#268=EDGE_CURVE('',#393,#410,#336,.T.);
#269=EDGE_CURVE('',#398,#399,#337,.T.);
#270=EDGE_CURVE('',#396,#398,#312,.T.);
#271=EDGE_CURVE('',#399,#397,#313,.T.);
#272=EDGE_CURVE('',#397,#382,#314,.T.);
#273=EDGE_CURVE('',#399,#385,#315,.T.);
#274=EDGE_CURVE('',#397,#387,#338,.T.);
#275=EDGE_CURVE('',#402,#403,#339,.T.);
#276=EDGE_CURVE('',#400,#402,#316,.T.);
#277=EDGE_CURVE('',#403,#401,#317,.T.);
#278=EDGE_CURVE('',#401,#376,#318,.T.);
#279=EDGE_CURVE('',#403,#379,#319,.T.);
#280=EDGE_CURVE('',#400,#413,#340,.T.);
#281=EDGE_CURVE('',#404,#405,#341,.T.);
#282=EDGE_CURVE('',#404,#374,#359,.T.);
#283=EDGE_CURVE('',#405,#377,#360,.T.);
#284=EDGE_CURVE('',#406,#407,#342,.T.);
#285=EDGE_CURVE('',#406,#380,#361,.T.);
#286=EDGE_CURVE('',#407,#383,#362,.T.);
#287=EDGE_CURVE('',#408,#409,#343,.T.);
#288=EDGE_CURVE('',#408,#388,#344,.T.);
#289=EDGE_CURVE('',#409,#390,#345,.T.);
#290=EDGE_CURVE('',#408,#394,#346,.T.);
#291=EDGE_CURVE('',#410,#411,#347,.T.);
#292=EDGE_CURVE('',#411,#389,#348,.T.);
#293=EDGE_CURVE('',#410,#395,#363,.T.);
#294=EDGE_CURVE('',#409,#412,#349,.T.);
#295=EDGE_CURVE('',#412,#391,#350,.T.);
#296=EDGE_CURVE('',#413,#414,#351,.T.);
#297=EDGE_CURVE('',#414,#386,#352,.T.);
#298=EDGE_CURVE('',#413,#396,#353,.T.);
#299=B_SPLINE_CURVE_WITH_KNOTS('',1,(#937,#938),.UNSPECIFIED.,.F.,.F.,(2,
2),(0.,0.425419372116952),.UNSPECIFIED.);
#300=B_SPLINE_CURVE_WITH_KNOTS('',1,(#939,#940),.UNSPECIFIED.,.F.,.F.,(2,
2),(1.19377756366788,1.51513491888061),.UNSPECIFIED.);
#301=B_SPLINE_CURVE_WITH_KNOTS('',1,(#941,#942),.UNSPECIFIED.,.F.,.F.,(2,
2),(0.,0.04313184871691),.UNSPECIFIED.);
#302=B_SPLINE_CURVE_WITH_KNOTS('',1,(#943,#944),.UNSPECIFIED.,.F.,.F.,(2,
2),(0.,0.04313184871691),.UNSPECIFIED.);
#303=B_SPLINE_CURVE_WITH_KNOTS('',1,(#948,#949),.UNSPECIFIED.,.F.,.F.,(2,
2),(0.,0.404753761187252),.UNSPECIFIED.);
#304=B_SPLINE_CURVE_WITH_KNOTS('',1,(#950,#951),.UNSPECIFIED.,.F.,.F.,(2,
2),(1.19377756366788,1.51513491888061),.UNSPECIFIED.);
#305=B_SPLINE_CURVE_WITH_KNOTS('',1,(#957,#958),.UNSPECIFIED.,.F.,.F.,(2,
2),(0.,0.424905887917486),.UNSPECIFIED.);
#306=B_SPLINE_CURVE_WITH_KNOTS('',1,(#959,#960),.UNSPECIFIED.,.F.,.F.,(2,
2),(1.19377756366788,1.51513491888061),.UNSPECIFIED.);
#307=B_SPLINE_CURVE_WITH_KNOTS('',1,(#961,#962),.UNSPECIFIED.,.F.,.F.,(2,
2),(0.,0.04313184871691),.UNSPECIFIED.);
#308=B_SPLINE_CURVE_WITH_KNOTS('',1,(#963,#964),.UNSPECIFIED.,.F.,.F.,(2,
2),(0.,0.04313184871691),.UNSPECIFIED.);
#309=B_SPLINE_CURVE_WITH_KNOTS('',1,(#968,#969),.UNSPECIFIED.,.F.,.F.,(2,
2),(0.,0.404252679947798),.UNSPECIFIED.);
#310=B_SPLINE_CURVE_WITH_KNOTS('',1,(#970,#971),.UNSPECIFIED.,.F.,.F.,(2,
2),(1.19377756366788,1.51513491888061),.UNSPECIFIED.);
#311=B_SPLINE_CURVE_WITH_KNOTS('',3,(#1112,#1113,#1114,#1115),
 .UNSPECIFIED.,.F.,.F.,(4,4),(0.,0.248977136485397),.UNSPECIFIED.);
#312=B_SPLINE_CURVE_WITH_KNOTS('',3,(#1138,#1139,#1140,#1141),
 .UNSPECIFIED.,.F.,.F.,(4,4),(0.,0.0478216621927934),.UNSPECIFIED.);
#313=B_SPLINE_CURVE_WITH_KNOTS('',3,(#1142,#1143,#1144,#1145),
 .UNSPECIFIED.,.F.,.F.,(4,4),(0.,0.0478218867417578),.UNSPECIFIED.);
#314=B_SPLINE_CURVE_WITH_KNOTS('',1,(#1146,#1147),.UNSPECIFIED.,.F.,.F.,
(2,2),(0.768764556405727,1.19377756366788),.UNSPECIFIED.);
#315=B_SPLINE_CURVE_WITH_KNOTS('',1,(#1148,#1149),.UNSPECIFIED.,.F.,.F.,
(2,2),(0.78941828430159,1.19377756366788),.UNSPECIFIED.);
#316=B_SPLINE_CURVE_WITH_KNOTS('',3,(#1158,#1159,#1160,#1161),
 .UNSPECIFIED.,.F.,.F.,(4,4),(0.,0.0478270200894915),.UNSPECIFIED.);
#317=B_SPLINE_CURVE_WITH_KNOTS('',3,(#1162,#1163,#1164,#1165),
 .UNSPECIFIED.,.F.,.F.,(4,4),(0.,0.0478270928740624),.UNSPECIFIED.);
#318=B_SPLINE_CURVE_WITH_KNOTS('',1,(#1166,#1167),.UNSPECIFIED.,.F.,.F.,
(2,2),(0.768690969727268,1.19377756366788),.UNSPECIFIED.);
#319=B_SPLINE_CURVE_WITH_KNOTS('',1,(#1168,#1169),.UNSPECIFIED.,.F.,.F.,
(2,2),(0.789356749105923,1.19377756366788),.UNSPECIFIED.);
#320=(
BOUNDED_CURVE()
B_SPLINE_CURVE(1,(#935,#936),.UNSPECIFIED.,.F.,.F.)
B_SPLINE_CURVE_WITH_KNOTS((2,2),(-0.00404466970793868,0.0390871790089714),
 .UNSPECIFIED.)
CURVE()
GEOMETRIC_REPRESENTATION_ITEM()
RATIONAL_B_SPLINE_CURVE((1.,1.))
REPRESENTATION_ITEM('')
);
#321=(
BOUNDED_CURVE()
B_SPLINE_CURVE(1,(#955,#956),.UNSPECIFIED.,.F.,.F.)
B_SPLINE_CURVE_WITH_KNOTS((2,2),(-0.00404466970793868,0.0390871790089714),
 .UNSPECIFIED.)
CURVE()
GEOMETRIC_REPRESENTATION_ITEM()
RATIONAL_B_SPLINE_CURVE((1.,1.))
REPRESENTATION_ITEM('')
);
#322=(
BOUNDED_CURVE()
B_SPLINE_CURVE(2,(#972,#973,#974,#975,#976),.UNSPECIFIED.,.F.,.F.)
B_SPLINE_CURVE_WITH_KNOTS((3,2,3),(0.,1.33650622462617,2.67301244925234),
 .UNSPECIFIED.)
CURVE()
GEOMETRIC_REPRESENTATION_ITEM()
RATIONAL_B_SPLINE_CURVE((1.,0.707106781186548,1.,0.707106781186548,1.))
REPRESENTATION_ITEM('')
);
#323=(
BOUNDED_CURVE()
B_SPLINE_CURVE(2,(#977,#978,#979),.UNSPECIFIED.,.F.,.F.)
B_SPLINE_CURVE_WITH_KNOTS((3,3),(0.,0.303274801178177),.UNSPECIFIED.)
CURVE()
GEOMETRIC_REPRESENTATION_ITEM()
RATIONAL_B_SPLINE_CURVE((1.,0.985548518285321,1.))
REPRESENTATION_ITEM('')
);
#324=(
BOUNDED_CURVE()
B_SPLINE_CURVE(1,(#980,#981),.UNSPECIFIED.,.F.,.F.)
B_SPLINE_CURVE_WITH_KNOTS((2,2),(0.,0.742053853223945),.UNSPECIFIED.)
CURVE()
GEOMETRIC_REPRESENTATION_ITEM()
RATIONAL_B_SPLINE_CURVE((1.,1.))
REPRESENTATION_ITEM('')
);
#325=(
BOUNDED_CURVE()
B_SPLINE_CURVE(2,(#982,#983,#984,#985,#986),.UNSPECIFIED.,.F.,.F.)
B_SPLINE_CURVE_WITH_KNOTS((3,2,3),(0.,1.75244439748999,3.50488879497997),
 .UNSPECIFIED.)
CURVE()
GEOMETRIC_REPRESENTATION_ITEM()
RATIONAL_B_SPLINE_CURVE((1.,0.707106781186548,1.,0.707106781186548,1.))
REPRESENTATION_ITEM('')
);
#326=(
BOUNDED_CURVE()
B_SPLINE_CURVE(1,(#987,#988),.UNSPECIFIED.,.F.,.F.)
B_SPLINE_CURVE_WITH_KNOTS((2,2),(0.0800000000000002,0.148186997005669),
 .UNSPECIFIED.)
CURVE()
GEOMETRIC_REPRESENTATION_ITEM()
RATIONAL_B_SPLINE_CURVE((1.,1.))
REPRESENTATION_ITEM('')
);
#327=(
BOUNDED_CURVE()
B_SPLINE_CURVE(2,(#989,#990,#991,#992,#993),.UNSPECIFIED.,.F.,.F.)
B_SPLINE_CURVE_WITH_KNOTS((3,2,3),(0.,1.95042086936842,3.90084173873684),
 .UNSPECIFIED.)
CURVE()
GEOMETRIC_REPRESENTATION_ITEM()
RATIONAL_B_SPLINE_CURVE((1.,0.707106781186548,1.,0.707106781186547,1.))
REPRESENTATION_ITEM('')
);
#328=(
BOUNDED_CURVE()
B_SPLINE_CURVE(2,(#994,#995,#996),.UNSPECIFIED.,.F.,.F.)
B_SPLINE_CURVE_WITH_KNOTS((3,3),(0.,0.0550237341728928),.UNSPECIFIED.)
CURVE()
GEOMETRIC_REPRESENTATION_ITEM()
RATIONAL_B_SPLINE_CURVE((1.,0.942330337577124,1.))
REPRESENTATION_ITEM('')
);
#329=(
BOUNDED_CURVE()
B_SPLINE_CURVE(2,(#997,#998,#999),.UNSPECIFIED.,.F.,.F.)
B_SPLINE_CURVE_WITH_KNOTS((3,3),(0.,0.248968923780192),.UNSPECIFIED.)
CURVE()
GEOMETRIC_REPRESENTATION_ITEM()
RATIONAL_B_SPLINE_CURVE((1.,0.81445535415139,1.))
REPRESENTATION_ITEM('')
);
#330=(
BOUNDED_CURVE()
B_SPLINE_CURVE(3,(#1000,#1001,#1002,#1003,#1004,#1005,#1006,#1007,#1008,
#1009,#1010,#1011,#1012,#1013,#1014,#1015,#1016,#1017,#1018,#1019,#1020,
#1021),.UNSPECIFIED.,.F.,.F.)
B_SPLINE_CURVE_WITH_KNOTS((4,3,3,3,3,3,3,4),(0.,0.875298479919601,1.30932684258861,
1.74335520525761,2.18194452237678,2.62053383949595,3.06271131724253,3.5048887949891),
 .UNSPECIFIED.)
CURVE()
GEOMETRIC_REPRESENTATION_ITEM()
RATIONAL_B_SPLINE_CURVE((1.,1.,1.,1.,1.,1.,1.,1.,1.,1.,1.,0.999999999999999,
0.999999999999999,0.999999999999999,0.999999999999999,0.999999999999999,
1.,0.999999999999999,0.999999999999999,0.999999999999999,1.,1.))
REPRESENTATION_ITEM('')
);
#331=(
BOUNDED_CURVE()
B_SPLINE_CURVE(1,(#1022,#1023),.UNSPECIFIED.,.F.,.F.)
B_SPLINE_CURVE_WITH_KNOTS((2,2),(0.13291133062977,0.556551989824547),
 .UNSPECIFIED.)
CURVE()
GEOMETRIC_REPRESENTATION_ITEM()
RATIONAL_B_SPLINE_CURVE((1.,1.))
REPRESENTATION_ITEM('')
);
#332=(
BOUNDED_CURVE()
B_SPLINE_CURVE(3,(#1027,#1028,#1029,#1030,#1031,#1032,#1033,#1034,#1035,
#1036,#1037,#1038,#1039,#1040,#1041,#1042,#1043,#1044,#1045,#1046,#1047,
#1048),.UNSPECIFIED.,.F.,.F.)
B_SPLINE_CURVE_WITH_KNOTS((4,3,3,3,3,3,3,4),(0.,0.983381617489476,1.47146611601101,
1.95955061453254,2.44305595631143,2.92656129809033,3.41370151841383,3.90084173873732),
 .UNSPECIFIED.)
CURVE()
GEOMETRIC_REPRESENTATION_ITEM()
RATIONAL_B_SPLINE_CURVE((1.,1.,1.,1.,1.,1.,1.,1.,1.,1.,1.,0.999999999999999,
0.999999999999999,0.999999999999999,0.999999999999999,0.999999999999999,
1.,1.,1.,1.,1.,1.))
REPRESENTATION_ITEM('')
);
#333=(
BOUNDED_CURVE()
B_SPLINE_CURVE(3,(#1049,#1050,#1051,#1052,#1053,#1054,#1055,#1056,#1057,
#1058,#1059,#1060,#1061,#1062,#1063,#1064,#1065,#1066,#1067,#1068,#1069,
#1070),.UNSPECIFIED.,.F.,.F.)
B_SPLINE_CURVE_WITH_KNOTS((4,3,3,3,3,3,3,4),(4.12535224561899,4.12803808502661,
5.03041134641002,5.92719011433112,6.5798519755418,7.03386720930444,7.34927276105015,
8.25424206689789),.UNSPECIFIED.)
CURVE()
GEOMETRIC_REPRESENTATION_ITEM()
RATIONAL_B_SPLINE_CURVE((1.,1.,1.,1.,1.,1.,1.,1.,1.,1.,1.,1.,1.,1.,1.,0.999999999999999,
0.999999999999999,1.,1.,1.,1.,1.))
REPRESENTATION_ITEM('')
);
#334=(
BOUNDED_CURVE()
B_SPLINE_CURVE(3,(#1071,#1072,#1073,#1074,#1075,#1076,#1077,#1078,#1079,
#1080,#1081,#1082,#1083,#1084,#1085,#1086,#1087,#1088,#1089),
 .UNSPECIFIED.,.F.,.F.)
B_SPLINE_CURVE_WITH_KNOTS((4,3,3,3,3,3,4),(-4.12535224561899,-3.21277205510018,
-2.30195224452256,-1.84928290785336,-1.40343067274477,-0.885387523074636,
5.78032339134671E-5),.UNSPECIFIED.)
CURVE()
GEOMETRIC_REPRESENTATION_ITEM()
RATIONAL_B_SPLINE_CURVE((1.,1.,1.,1.,1.,1.,0.999999999999999,0.999999999999998,
0.999999999999997,0.999999999999997,0.999999999999997,0.999999999999999,
1.,1.,0.999999999999999,0.999999999999999,0.999999999999998,0.999999999999999,
1.))
REPRESENTATION_ITEM('')
);
#335=(
BOUNDED_CURVE()
B_SPLINE_CURVE(3,(#1090,#1091,#1092,#1093,#1094,#1095,#1096,#1097,#1098,
#1099,#1100,#1101,#1102,#1103,#1104,#1105,#1106,#1107,#1108,#1109,#1110,
#1111),.UNSPECIFIED.,.F.,.F.)
B_SPLINE_CURVE_WITH_KNOTS((4,3,3,3,3,3,3,4),(-0.0035375756599173,-5.78032339142933E-5,
0.885387523074636,1.40343067274477,1.84928290785336,2.30195224452256,3.21277205510018,
4.12535224561899),.UNSPECIFIED.)
CURVE()
GEOMETRIC_REPRESENTATION_ITEM()
RATIONAL_B_SPLINE_CURVE((1.,1.,1.,1.,0.999999999999999,0.999999999999998,
0.999999999999999,0.999999999999999,1.,1.,0.999999999999999,0.999999999999997,
0.999999999999997,0.999999999999997,0.999999999999998,0.999999999999999,
1.,1.,1.,1.,1.,1.))
REPRESENTATION_ITEM('')
);
#336=(
BOUNDED_CURVE()
B_SPLINE_CURVE(3,(#1116,#1117,#1118,#1119,#1120,#1121,#1122,#1123,#1124,
#1125,#1126,#1127,#1128,#1129,#1130,#1131,#1132,#1133,#1134),
 .UNSPECIFIED.,.F.,.F.)
B_SPLINE_CURVE_WITH_KNOTS((4,3,3,3,3,3,4),(-8.25626431421245,-7.34927276105015,
-7.03386720930444,-6.5798519755418,-5.92719011433112,-5.03041134641002,
-4.12807013007386),.UNSPECIFIED.)
CURVE()
GEOMETRIC_REPRESENTATION_ITEM()
RATIONAL_B_SPLINE_CURVE((1.,1.,1.,1.,1.,0.999999999999999,0.999999999999999,
1.,1.,1.,1.,1.,1.,1.,1.,1.,1.,1.,1.))
REPRESENTATION_ITEM('')
);
#337=(
BOUNDED_CURVE()
B_SPLINE_CURVE(2,(#1135,#1136,#1137),.UNSPECIFIED.,.F.,.F.)
B_SPLINE_CURVE_WITH_KNOTS((3,3),(2.97511907915872,3.15944174447958),
 .UNSPECIFIED.)
CURVE()
GEOMETRIC_REPRESENTATION_ITEM()
RATIONAL_B_SPLINE_CURVE((1.,0.993851956367326,1.))
REPRESENTATION_ITEM('')
);
#338=(
BOUNDED_CURVE()
B_SPLINE_CURVE(2,(#1150,#1151,#1152,#1153,#1154),.UNSPECIFIED.,.F.,.F.)
B_SPLINE_CURVE_WITH_KNOTS((3,2,3),(3.1581412257629,4.0095186738785,5.34602489850467),
 .UNSPECIFIED.)
CURVE()
GEOMETRIC_REPRESENTATION_ITEM()
RATIONAL_B_SPLINE_CURVE((1.,0.874823926542359,1.,0.707106781186548,1.))
REPRESENTATION_ITEM('')
);
#339=(
BOUNDED_CURVE()
B_SPLINE_CURVE(2,(#1155,#1156,#1157),.UNSPECIFIED.,.F.,.F.)
B_SPLINE_CURVE_WITH_KNOTS((3,3),(-0.486315053173623,-0.301925242233058),
 .UNSPECIFIED.)
CURVE()
GEOMETRIC_REPRESENTATION_ITEM()
RATIONAL_B_SPLINE_CURVE((1.,0.993847859316178,1.))
REPRESENTATION_ITEM('')
);
#340=(
BOUNDED_CURVE()
B_SPLINE_CURVE(2,(#1170,#1171,#1172,#1173,#1174),.UNSPECIFIED.,.F.,.F.)
B_SPLINE_CURVE_WITH_KNOTS((3,2,3),(0.48501586454427,1.33650622462617,2.67301244925234),
 .UNSPECIFIED.)
CURVE()
GEOMETRIC_REPRESENTATION_ITEM()
RATIONAL_B_SPLINE_CURVE((1.,0.874790450965108,1.,0.707106781186546,1.))
REPRESENTATION_ITEM('')
);
#341=(
BOUNDED_CURVE()
B_SPLINE_CURVE(1,(#1175,#1176),.UNSPECIFIED.,.F.,.F.)
B_SPLINE_CURVE_WITH_KNOTS((2,2),(-0.00404466970793868,0.0390871790089714),
 .UNSPECIFIED.)
CURVE()
GEOMETRIC_REPRESENTATION_ITEM()
RATIONAL_B_SPLINE_CURVE((1.,1.))
REPRESENTATION_ITEM('')
);
#342=(
BOUNDED_CURVE()
B_SPLINE_CURVE(1,(#1183,#1184),.UNSPECIFIED.,.F.,.F.)
B_SPLINE_CURVE_WITH_KNOTS((2,2),(-0.00404466970793868,0.0390871790089714),
 .UNSPECIFIED.)
CURVE()
GEOMETRIC_REPRESENTATION_ITEM()
RATIONAL_B_SPLINE_CURVE((1.,1.))
REPRESENTATION_ITEM('')
);
#343=(
BOUNDED_CURVE()
B_SPLINE_CURVE(1,(#1191,#1192),.UNSPECIFIED.,.F.,.F.)
B_SPLINE_CURVE_WITH_KNOTS((2,2),(0.08,0.148186997005669),.UNSPECIFIED.)
CURVE()
GEOMETRIC_REPRESENTATION_ITEM()
RATIONAL_B_SPLINE_CURVE((1.,1.))
REPRESENTATION_ITEM('')
);
#344=(
BOUNDED_CURVE()
B_SPLINE_CURVE(2,(#1193,#1194,#1195,#1196,#1197),.UNSPECIFIED.,.F.,.F.)
B_SPLINE_CURVE_WITH_KNOTS((3,2,3),(3.50488879497997,5.25733319246996,7.00977758995995),
 .UNSPECIFIED.)
CURVE()
GEOMETRIC_REPRESENTATION_ITEM()
RATIONAL_B_SPLINE_CURVE((1.,0.707106781186548,1.,0.707106781186548,1.))
REPRESENTATION_ITEM('')
);
#345=(
BOUNDED_CURVE()
B_SPLINE_CURVE(2,(#1198,#1199,#1200,#1201,#1202),.UNSPECIFIED.,.F.,.F.)
B_SPLINE_CURVE_WITH_KNOTS((3,2,3),(3.90084173873684,5.85126260810526,7.80168347747368),
 .UNSPECIFIED.)
CURVE()
GEOMETRIC_REPRESENTATION_ITEM()
RATIONAL_B_SPLINE_CURVE((1.,0.707106781186548,1.,0.707106781186548,1.))
REPRESENTATION_ITEM('')
);
#346=(
BOUNDED_CURVE()
B_SPLINE_CURVE(2,(#1203,#1204,#1205),.UNSPECIFIED.,.F.,.F.)
B_SPLINE_CURVE_WITH_KNOTS((3,3),(0.,0.0552050102562659),.UNSPECIFIED.)
CURVE()
GEOMETRIC_REPRESENTATION_ITEM()
RATIONAL_B_SPLINE_CURVE((1.,0.941930737432844,1.))
REPRESENTATION_ITEM('')
);
#347=(
BOUNDED_CURVE()
B_SPLINE_CURVE(1,(#1206,#1207),.UNSPECIFIED.,.F.,.F.)
B_SPLINE_CURVE_WITH_KNOTS((2,2),(0.132884972680911,0.556551989824547),
 .UNSPECIFIED.)
CURVE()
GEOMETRIC_REPRESENTATION_ITEM()
RATIONAL_B_SPLINE_CURVE((1.,1.))
REPRESENTATION_ITEM('')
);
#348=(
BOUNDED_CURVE()
B_SPLINE_CURVE(3,(#1208,#1209,#1210,#1211,#1212,#1213,#1214,#1215,#1216,
#1217,#1218,#1219,#1220,#1221,#1222,#1223,#1224,#1225,#1226,#1227,#1228,
#1229),.UNSPECIFIED.,.F.,.F.)
B_SPLINE_CURVE_WITH_KNOTS((4,3,3,3,3,3,3,4),(3.5048887949891,3.94253803990713,
4.38018728482515,4.81421564253505,5.24824400024494,6.12542264409565,6.5676001170278,
7.00977758995995),.UNSPECIFIED.)
CURVE()
GEOMETRIC_REPRESENTATION_ITEM()
RATIONAL_B_SPLINE_CURVE((1.,1.,1.,1.,1.,1.,1.,0.999999999999999,0.999999999999999,
0.999999999999999,1.,1.,1.,1.,1.,1.,1.,1.,1.,1.,0.999999999999999,1.))
REPRESENTATION_ITEM('')
);
#349=(
BOUNDED_CURVE()
B_SPLINE_CURVE(2,(#1233,#1234,#1235),.UNSPECIFIED.,.F.,.F.)
B_SPLINE_CURVE_WITH_KNOTS((3,3),(9.92620724267466E-13,0.0628318546553576),
 .UNSPECIFIED.)
CURVE()
GEOMETRIC_REPRESENTATION_ITEM()
RATIONAL_B_SPLINE_CURVE((1.,0.707106781042739,1.))
REPRESENTATION_ITEM('')
);
#350=(
BOUNDED_CURVE()
B_SPLINE_CURVE(3,(#1236,#1237,#1238,#1239,#1240,#1241,#1242,#1243,#1244,
#1245,#1246,#1247,#1248,#1249,#1250,#1251,#1252,#1253,#1254,#1255,#1256,
#1257),.UNSPECIFIED.,.F.,.F.)
B_SPLINE_CURVE_WITH_KNOTS((4,3,3,3,3,3,3,4),(3.90084173873732,4.88422336689128,
5.37230786007946,5.86039235326765,6.34389770057168,6.82740304787571,7.31454326267469,
7.80168347747368),.UNSPECIFIED.)
CURVE()
GEOMETRIC_REPRESENTATION_ITEM()
RATIONAL_B_SPLINE_CURVE((1.,1.,1.,1.,1.,0.999999999999999,0.999999999999999,
0.999999999999999,1.,1.,1.,1.,1.,1.,1.,1.,1.,1.,1.,1.,1.,1.))
REPRESENTATION_ITEM('')
);
#351=(
BOUNDED_CURVE()
B_SPLINE_CURVE(1,(#1258,#1259),.UNSPECIFIED.,.F.,.F.)
B_SPLINE_CURVE_WITH_KNOTS((2,2),(-0.556551989824547,0.185501863399397),
 .UNSPECIFIED.)
CURVE()
GEOMETRIC_REPRESENTATION_ITEM()
RATIONAL_B_SPLINE_CURVE((1.,1.))
REPRESENTATION_ITEM('')
);
#352=(
BOUNDED_CURVE()
B_SPLINE_CURVE(2,(#1260,#1261,#1262,#1263,#1264),.UNSPECIFIED.,.F.,.F.)
B_SPLINE_CURVE_WITH_KNOTS((3,2,3),(2.67301244925234,4.0095186738785,5.34602489850467),
 .UNSPECIFIED.)
CURVE()
GEOMETRIC_REPRESENTATION_ITEM()
RATIONAL_B_SPLINE_CURVE((1.,0.707106781186548,1.,0.707106781186548,1.))
REPRESENTATION_ITEM('')
);
#353=(
BOUNDED_CURVE()
B_SPLINE_CURVE(2,(#1265,#1266,#1267),.UNSPECIFIED.,.F.,.F.)
B_SPLINE_CURVE_WITH_KNOTS((3,3),(2.67301244925234,2.97646626589462),
 .UNSPECIFIED.)
CURVE()
GEOMETRIC_REPRESENTATION_ITEM()
RATIONAL_B_SPLINE_CURVE((1.,0.985530631309697,1.))
REPRESENTATION_ITEM('')
);
#354=TRIMMED_CURVE($,#364,(#933),(#934),.T.,.CARTESIAN.);
#355=TRIMMED_CURVE($,#365,(#946),(#947),.T.,.CARTESIAN.);
#356=TRIMMED_CURVE($,#366,(#953),(#954),.T.,.CARTESIAN.);
#357=TRIMMED_CURVE($,#367,(#966),(#967),.T.,.CARTESIAN.);
#358=TRIMMED_CURVE($,#368,(#1025),(#1026),.T.,.CARTESIAN.);
#359=TRIMMED_CURVE($,#369,(#1178),(#1179),.T.,.CARTESIAN.);
#360=TRIMMED_CURVE($,#370,(#1181),(#1182),.T.,.CARTESIAN.);
#361=TRIMMED_CURVE($,#371,(#1186),(#1187),.T.,.CARTESIAN.);
#362=TRIMMED_CURVE($,#372,(#1189),(#1190),.T.,.CARTESIAN.);
#363=TRIMMED_CURVE($,#373,(#1231),(#1232),.T.,.CARTESIAN.);
#364=CIRCLE('',#546,0.063976377952752);
#365=CIRCLE('',#547,0.063976377952752);
#366=CIRCLE('',#548,0.0639763779527591);
#367=CIRCLE('',#549,0.0639763779527591);
#368=CIRCLE('',#550,0.0400000000000144);
#369=CIRCLE('',#551,0.0639763779527591);
#370=CIRCLE('',#552,0.0639763779527591);
#371=CIRCLE('',#553,0.063976377952752);
#372=CIRCLE('',#554,0.063976377952752);
#373=CIRCLE('',#555,1.48246331786487);
#374=VERTEX_POINT('',#891);
#375=VERTEX_POINT('',#892);
#376=VERTEX_POINT('',#893);
#377=VERTEX_POINT('',#894);
#378=VERTEX_POINT('',#895);
#379=VERTEX_POINT('',#896);
#380=VERTEX_POINT('',#897);
#381=VERTEX_POINT('',#898);
#382=VERTEX_POINT('',#899);
#383=VERTEX_POINT('',#900);
#384=VERTEX_POINT('',#901);
#385=VERTEX_POINT('',#902);
#386=VERTEX_POINT('',#903);
#387=VERTEX_POINT('',#904);
#388=VERTEX_POINT('',#905);
#389=VERTEX_POINT('',#906);
#390=VERTEX_POINT('',#907);
#391=VERTEX_POINT('',#908);
#392=VERTEX_POINT('',#909);
#393=VERTEX_POINT('',#910);
#394=VERTEX_POINT('',#911);
#395=VERTEX_POINT('',#912);
#396=VERTEX_POINT('',#913);
#397=VERTEX_POINT('',#914);
#398=VERTEX_POINT('',#915);
#399=VERTEX_POINT('',#916);
#400=VERTEX_POINT('',#917);
#401=VERTEX_POINT('',#918);
#402=VERTEX_POINT('',#919);
#403=VERTEX_POINT('',#920);
#404=VERTEX_POINT('',#921);
#405=VERTEX_POINT('',#922);
#406=VERTEX_POINT('',#923);
#407=VERTEX_POINT('',#924);
#408=VERTEX_POINT('',#925);
#409=VERTEX_POINT('',#926);
#410=VERTEX_POINT('',#927);
#411=VERTEX_POINT('',#928);
#412=VERTEX_POINT('',#929);
#413=VERTEX_POINT('',#930);
#414=VERTEX_POINT('',#931);
#415=(
BOUNDED_SURFACE()
B_SPLINE_SURFACE(2,1,((#606,#607),(#608,#609),(#610,#611),(#612,#613),(#614,
#615)),.UNSPECIFIED.,.F.,.F.,.F.)
B_SPLINE_SURFACE_WITH_KNOTS((3,2,3),(2,2),(0.,1.33650622462617,2.67301244925234),
(0.08,0.148186997005669),.UNSPECIFIED.)
GEOMETRIC_REPRESENTATION_ITEM()
RATIONAL_B_SPLINE_SURFACE(((1.,1.),(0.707106781186548,0.707106781186548),
(1.,1.),(0.707106781186548,0.707106781186548),(1.,1.)))
REPRESENTATION_ITEM('')
SURFACE()
);
#416=(
BOUNDED_SURFACE()
B_SPLINE_SURFACE(3,2,((#617,#618,#619),(#620,#621,#622),(#623,#624,#625),
(#626,#627,#628),(#629,#630,#631),(#632,#633,#634),(#635,#636,#637),(#638,
#639,#640),(#641,#642,#643),(#644,#645,#646)),.UNSPECIFIED.,.F.,.F.,.F.)
B_SPLINE_SURFACE_WITH_KNOTS((4,1,1,1,1,1,1,4),(3,3),(0.,0.875298479919601,
1.30932684258861,1.74335520525761,2.18194452237678,2.62053383949595,3.06271131724253,
3.5048887949891),(0.,0.125663708098771),.UNSPECIFIED.)
GEOMETRIC_REPRESENTATION_ITEM()
RATIONAL_B_SPLINE_SURFACE(((1.,0.707106781186604,1.),(1.,0.707106782785786,
1.),(1.,0.707106777254525,1.),(1.,0.707106782673029,1.),(1.,0.707106779454728,
1.),(0.999999999999998,0.707106783098832,0.999999999999998),(1.,0.707106776326773,
1.),(0.999999999999999,0.707106783676821,0.999999999999999),(1.,0.707106780523356,
1.),(1.,0.707106780559787,1.)))
REPRESENTATION_ITEM('')
SURFACE()
);
#417=(
BOUNDED_SURFACE()
B_SPLINE_SURFACE(3,1,((#647,#648),(#649,#650),(#651,#652),(#653,#654),(#655,
#656),(#657,#658),(#659,#660),(#661,#662),(#663,#664),(#665,#666)),
 .UNSPECIFIED.,.F.,.F.,.F.)
B_SPLINE_SURFACE_WITH_KNOTS((4,1,1,1,1,1,1,4),(2,2),(0.,0.875298479919601,
1.30932684258861,1.74335520525761,2.18194452237678,2.62053383949595,3.06271131724253,
3.5048887949891),(0.,0.556551989824547),.UNSPECIFIED.)
GEOMETRIC_REPRESENTATION_ITEM()
RATIONAL_B_SPLINE_SURFACE(((1.,1.),(1.,1.),(1.,1.),(1.,1.),(1.,1.),(0.999999999999998,
0.999999999999998),(1.,1.),(0.999999999999999,0.999999999999999),(1.,1.),
(1.,1.)))
REPRESENTATION_ITEM('')
SURFACE()
);
#418=(
BOUNDED_SURFACE()
B_SPLINE_SURFACE(3,2,((#667,#668,#669),(#670,#671,#672),(#673,#674,#675),
(#676,#677,#678),(#679,#680,#681),(#682,#683,#684),(#685,#686,#687),(#688,
#689,#690),(#691,#692,#693),(#694,#695,#696)),.UNSPECIFIED.,.F.,.F.,.F.)
B_SPLINE_SURFACE_WITH_KNOTS((4,1,1,1,1,1,1,4),(3,3),(0.,0.983381617489476,
1.47146611601101,1.95955061453254,2.44305595631143,2.92656129809033,3.41370151841383,
3.90084173873732),(0.,0.0628318546553576),.UNSPECIFIED.)
GEOMETRIC_REPRESENTATION_ITEM()
RATIONAL_B_SPLINE_SURFACE(((1.,0.707106781186534,1.),(1.,0.707106783572834,
1.),(1.,0.707106774855458,1.),(1.,0.707106783816035,1.),(1.,0.707106778868384,
1.),(0.999999999999999,0.707106783407651,0.999999999999999),(0.999999999999999,
0.707106774927151,0.999999999999999),(1.,0.707106784751002,1.),(1.,0.707106781892322,
1.),(1.,0.707106781034841,1.)))
REPRESENTATION_ITEM('')
SURFACE()
);
#419=(
BOUNDED_SURFACE()
B_SPLINE_SURFACE(3,2,((#697,#698,#699),(#700,#701,#702),(#703,#704,#705),
(#706,#707,#708),(#709,#710,#711),(#712,#713,#714),(#715,#716,#717),(#718,
#719,#720),(#721,#722,#723),(#724,#725,#726),(#727,#728,#729),(#730,#731,
#732),(#733,#734,#735)),.UNSPECIFIED.,.F.,.F.,.F.)
B_SPLINE_SURFACE_WITH_KNOTS((4,1,3,1,1,1,1,1,4),(3,3),(-0.85021783593821,
-0.421244444412483,-5.78032339142933E-5,0.885387523074636,1.40343067274477,
1.84928290785336,2.30195224452256,3.21277205510018,4.12535224561899),(0.,
0.248968923780192),.UNSPECIFIED.)
GEOMETRIC_REPRESENTATION_ITEM()
RATIONAL_B_SPLINE_SURFACE(((1.,0.818305100380495,1.),(1.,0.817406651208888,
1.),(1.,0.815540969438826,1.),(1.,0.814724783038713,1.),(1.,0.81443455624246,
1.),(0.999999999999999,0.813982322028715,0.999999999999999),(0.999999999999998,
0.812969142234203,0.999999999999998),(1.,0.812341847426803,1.),(0.999999999999995,
0.812622995231046,0.999999999999995),(1.,0.813566843721313,1.),(0.999999999999999,
0.815215288176354,0.999999999999999),(1.,0.814885390393389,1.),(1.,0.81445535415139,
1.)))
REPRESENTATION_ITEM('')
SURFACE()
);
#420=(
BOUNDED_SURFACE()
B_SPLINE_SURFACE(3,2,((#736,#737,#738),(#739,#740,#741),(#742,#743,#744),
(#745,#746,#747),(#748,#749,#750),(#751,#752,#753),(#754,#755,#756),(#757,
#758,#759),(#760,#761,#762),(#763,#764,#765),(#766,#767,#768),(#769,#770,
#771),(#772,#773,#774),(#775,#776,#777)),.UNSPECIFIED.,.F.,.F.,.F.)
B_SPLINE_SURFACE_WITH_KNOTS((4,1,1,1,1,1,1,3,1,4),(3,3),(4.12535224561899,
4.12803808502661,5.03041134641002,5.92719011433112,6.5798519755418,7.03386720930444,
7.34927276105015,8.25626431421245,8.68230814484765,9.12146721980789),(0.,
0.248968923780192),.UNSPECIFIED.)
GEOMETRIC_REPRESENTATION_ITEM()
RATIONAL_B_SPLINE_SURFACE(((1.,0.81445535415139,1.),(1.,0.81445408850011,
1.),(1.,0.814026823139149,1.),(1.,0.812658282749399,1.),(1.,0.812196093477471,
1.),(1.,0.813512377936911,1.),(0.999999999999999,0.814316484149065,0.999999999999999),
(1.,0.815017926674106,1.),(1.,0.814920059696386,1.),(1.,0.81441643148221,
1.),(1.,0.814236926938375,1.),(1.,0.813972188398118,1.),(1.,0.813998228571128,
1.),(1.,0.81388850167367,1.)))
REPRESENTATION_ITEM('')
SURFACE()
);
#421=(
BOUNDED_SURFACE()
B_SPLINE_SURFACE(1,2,((#778,#779,#780,#781,#782),(#783,#784,#785,#786,#787)),
 .UNSPECIFIED.,.F.,.F.,.F.)
B_SPLINE_SURFACE_WITH_KNOTS((2,2),(3,2,3),(-0.556551989824547,0.185501863399397),
(2.67301244925234,4.0095186738785,5.34602489850467),.UNSPECIFIED.)
GEOMETRIC_REPRESENTATION_ITEM()
RATIONAL_B_SPLINE_SURFACE(((1.,0.707106781186548,1.,0.707106781186548,1.),
(1.,0.707106781186548,1.,0.707106781186548,1.)))
REPRESENTATION_ITEM('')
SURFACE()
);
#422=(
BOUNDED_SURFACE()
B_SPLINE_SURFACE(2,1,((#791,#792),(#793,#794),(#795,#796),(#797,#798),(#799,
#800)),.UNSPECIFIED.,.F.,.F.,.F.)
B_SPLINE_SURFACE_WITH_KNOTS((3,2,3),(2,2),(2.67301244925234,4.0095186738785,
5.34602489850467),(0.08,0.148186997005669),.UNSPECIFIED.)
GEOMETRIC_REPRESENTATION_ITEM()
RATIONAL_B_SPLINE_SURFACE(((1.,1.),(0.707106781186548,0.707106781186548),
(1.,1.),(0.707106781186548,0.707106781186548),(1.,1.)))
REPRESENTATION_ITEM('')
SURFACE()
);
#423=(
BOUNDED_SURFACE()
B_SPLINE_SURFACE(3,2,((#801,#802,#803),(#804,#805,#806),(#807,#808,#809),
(#810,#811,#812),(#813,#814,#815),(#816,#817,#818),(#819,#820,#821),(#822,
#823,#824),(#825,#826,#827),(#828,#829,#830)),.UNSPECIFIED.,.F.,.F.,.F.)
B_SPLINE_SURFACE_WITH_KNOTS((4,1,1,1,1,1,1,4),(3,3),(3.5048887949891,3.94253803990713,
4.38018728482515,4.81421564253505,5.24824400024494,6.12542264409565,6.5676001170278,
7.00977758995995),(0.,0.125663708098771),.UNSPECIFIED.)
GEOMETRIC_REPRESENTATION_ITEM()
RATIONAL_B_SPLINE_SURFACE(((1.,0.707106780559786,1.),(1.,0.707106780595844,
1.),(1.,0.707106783828542,1.),(0.999999999999999,0.707106770563401,0.999999999999999),
(0.999999999999999,0.707106782229898,0.999999999999999),(1.,0.707106781569389,
1.),(1.,0.707106779760067,1.),(1.,0.707106780288695,1.),(0.999999999999999,
0.707106781943274,0.999999999999999),(1.,0.707106781186604,1.)))
REPRESENTATION_ITEM('')
SURFACE()
);
#424=(
BOUNDED_SURFACE()
B_SPLINE_SURFACE(3,1,((#831,#832),(#833,#834),(#835,#836),(#837,#838),(#839,
#840),(#841,#842),(#843,#844),(#845,#846),(#847,#848),(#849,#850)),
 .UNSPECIFIED.,.F.,.F.,.F.)
B_SPLINE_SURFACE_WITH_KNOTS((4,1,1,1,1,1,1,4),(2,2),(3.5048887949891,3.94253803990713,
4.38018728482515,4.81421564253505,5.24824400024494,6.12542264409565,6.5676001170278,
7.00977758995995),(0.,0.556551989824547),.UNSPECIFIED.)
GEOMETRIC_REPRESENTATION_ITEM()
RATIONAL_B_SPLINE_SURFACE(((1.,1.),(1.,1.),(1.,1.),(0.999999999999999,0.999999999999999),
(0.999999999999999,0.999999999999999),(1.,1.),(1.,1.),(1.,1.),(0.999999999999999,
0.999999999999999),(1.,1.)))
REPRESENTATION_ITEM('')
SURFACE()
);
#425=(
BOUNDED_SURFACE()
B_SPLINE_SURFACE(3,2,((#851,#852,#853),(#854,#855,#856),(#857,#858,#859),
(#860,#861,#862),(#863,#864,#865),(#866,#867,#868),(#869,#870,#871),(#872,
#873,#874),(#875,#876,#877),(#878,#879,#880)),.UNSPECIFIED.,.F.,.F.,.F.)
B_SPLINE_SURFACE_WITH_KNOTS((4,1,1,1,1,1,1,4),(3,3),(3.90084173873732,4.88422336689128,
5.37230786007946,5.86039235326765,6.34389770057168,6.82740304787571,7.31454326267469,
7.80168347747368),(0.,0.0628318546553576),.UNSPECIFIED.)
GEOMETRIC_REPRESENTATION_ITEM()
RATIONAL_B_SPLINE_SURFACE(((1.,0.707106781034841,1.),(1.,0.707106779303859,
1.),(1.,0.707106780200743,1.),(0.999999999999999,0.707106780202512,0.999999999999999),
(1.,0.707106780878129,1.),(0.999999999999999,0.707106782502403,0.999999999999999),
(1.,0.707106777597703,1.),(1.,0.707106779753444,1.),(1.,0.707106782497084,
1.),(1.,0.70710678118663,1.)))
REPRESENTATION_ITEM('')
SURFACE()
);
#426=(
BOUNDED_SURFACE()
B_SPLINE_SURFACE(1,2,((#881,#882,#883,#884,#885),(#886,#887,#888,#889,#890)),
 .UNSPECIFIED.,.F.,.F.,.F.)
B_SPLINE_SURFACE_WITH_KNOTS((2,2),(3,2,3),(-0.556551989824547,0.185501863399397),
(0.,1.33650622462617,2.67301244925234),.UNSPECIFIED.)
GEOMETRIC_REPRESENTATION_ITEM()
RATIONAL_B_SPLINE_SURFACE(((1.,0.707106781186548,1.,0.707106781186548,1.),
(1.,0.707106781186548,1.,0.707106781186548,1.)))
REPRESENTATION_ITEM('')
SURFACE()
);
#427=CYLINDRICAL_SURFACE('',#533,0.0639763779527556);
#428=CYLINDRICAL_SURFACE('',#538,0.063976377952752);
#429=CYLINDRICAL_SURFACE('',#544,0.063976377952752);
#430=CYLINDRICAL_SURFACE('',#545,0.063976377952752);
#431=PLANE('',#532);
#432=PLANE('',#534);
#433=PLANE('',#535);
#434=PLANE('',#536);
#435=PLANE('',#537);
#436=PLANE('',#539);
#437=PLANE('',#540);
#438=PLANE('',#541);
#439=PLANE('',#542);
#440=PLANE('',#543);
#441=SHAPE_DEFINITION_REPRESENTATION(#442,#530);
#442=PRODUCT_DEFINITION_SHAPE($,$,#444);
#443=PRODUCT_DEFINITION_CONTEXT('3D Mechanical Parts',#516,'design');
#444=PRODUCT_DEFINITION('A','First version',#486,#443);
#445=DATE_TIME_ROLE('classification_date');
#446=DATE_TIME_ROLE('creation_date');
#447=APPLIED_DATE_AND_TIME_ASSIGNMENT(#471,#445,(#450));
#448=APPLIED_DATE_AND_TIME_ASSIGNMENT(#473,#446,(#444));
#449=SECURITY_CLASSIFICATION_LEVEL('unclassified');
#450=SECURITY_CLASSIFICATION('A','Security for version',#449);
#451=APPLIED_SECURITY_CLASSIFICATION_ASSIGNMENT(#450,(#486));
#452=APPROVAL_ROLE('Version approval');
#453=APPROVAL_ROLE('Version Security approval');
#454=APPROVAL_ROLE('Definition approval');
#455=APPROVAL_PERSON_ORGANIZATION(#504,#480,#452);
#456=APPROVAL_PERSON_ORGANIZATION(#505,#481,#453);
#457=APPROVAL_PERSON_ORGANIZATION(#508,#482,#454);
#458=COORDINATED_UNIVERSAL_TIME_OFFSET(5,0,.BEHIND.);
#459=LOCAL_TIME(0,0,0.,#458);
#460=LOCAL_TIME(0,0,0.,#458);
#461=LOCAL_TIME(0,0,0.,#458);
#462=LOCAL_TIME(0,0,0.,#458);
#463=LOCAL_TIME(0,0,0.,#458);
#464=CALENDAR_DATE(1999,1,1);
#465=CALENDAR_DATE(1999,1,1);
#466=CALENDAR_DATE(1999,1,1);
#467=CALENDAR_DATE(1999,1,1);
#468=CALENDAR_DATE(1999,1,1);
#469=DATE_AND_TIME(#464,#459);
#470=DATE_AND_TIME(#465,#460);
#471=DATE_AND_TIME(#466,#461);
#472=DATE_AND_TIME(#467,#462);
#473=DATE_AND_TIME(#468,#463);
#474=APPROVAL_DATE_TIME(#469,#480);
#475=APPROVAL_DATE_TIME(#470,#481);
#476=APPROVAL_DATE_TIME(#472,#482);
#477=APPROVAL_STATUS('not_yet_approved');
#478=APPROVAL_STATUS('not_yet_approved');
#479=APPROVAL_STATUS('approved');
#480=APPROVAL(#477,'Version approval');
#481=APPROVAL(#478,'Version Security approval');
#482=APPROVAL(#479,'Definition approval');
#483=APPLIED_APPROVAL_ASSIGNMENT(#480,(#486));
#484=APPLIED_APPROVAL_ASSIGNMENT(#481,(#450));
#485=APPLIED_APPROVAL_ASSIGNMENT(#482,(#444));
#486=PRODUCT_DEFINITION_FORMATION_WITH_SPECIFIED_SOURCE('A',
'First version',#518,.MADE.);
#487=PERSON_AND_ORGANIZATION_ROLE('design_owner');
#488=PERSON_AND_ORGANIZATION_ROLE('creator');
#489=PERSON_AND_ORGANIZATION_ROLE('design_supplier');
#490=PERSON_AND_ORGANIZATION_ROLE('classification_officer');
#491=PERSON_AND_ORGANIZATION_ROLE('creator');
#492=ORGANIZATION('STI','lab','lab');
#493=ORGANIZATION('STI','unknown','unknown');
#494=ORGANIZATION('STI','unknown','unknown');
#495=ORGANIZATION('STI','unknown','unknown');
#496=ORGANIZATION('STI','unknown','unknown');
#497=ORGANIZATION('STI','unknown','unknown');
#498=ORGANIZATION('STI','unknown','unknown');
#499=PERSON('1','Box','vc60',$,$,$);
#500=PERSON('2','last','first',$,$,$);
#501=PERSON('3','President','Mr.',$,$,$);
#502=PERSON_AND_ORGANIZATION(#499,#492);
#503=PERSON_AND_ORGANIZATION(#500,#493);
#504=PERSON_AND_ORGANIZATION(#501,#494);
#505=PERSON_AND_ORGANIZATION(#501,#495);
#506=PERSON_AND_ORGANIZATION(#501,#496);
#507=PERSON_AND_ORGANIZATION(#500,#497);
#508=PERSON_AND_ORGANIZATION(#501,#498);
#509=APPLIED_PERSON_AND_ORGANIZATION_ASSIGNMENT(#502,#487,(#518));
#510=APPLIED_PERSON_AND_ORGANIZATION_ASSIGNMENT(#503,#488,(#486));
#511=APPLIED_PERSON_AND_ORGANIZATION_ASSIGNMENT(#503,#489,(#486));
#512=APPLIED_PERSON_AND_ORGANIZATION_ASSIGNMENT(#506,#490,(#450));
#513=APPLIED_PERSON_AND_ORGANIZATION_ASSIGNMENT(#507,#491,(#444));
#514=PRODUCT_RELATED_PRODUCT_CATEGORY('detail','detail',(#518));
#515=APPLICATION_PROTOCOL_DEFINITION('International Standard',
'config_control_design',1994,#516);
#516=APPLICATION_CONTEXT(
'configuration controlled 3d designs of mechanical parts and assemblie
s');
#517=PRODUCT_CONTEXT('3D Mechanical Parts',#516,'mechanical');
#518=PRODUCT('Document','Document','',(#517));
#519=(
LENGTH_UNIT()
NAMED_UNIT(*)
SI_UNIT(.CENTI.,.METRE.)
);
#520=LENGTH_MEASURE_WITH_UNIT(LENGTH_MEASURE(2.54),#519);
#521=(
CONVERSION_BASED_UNIT('INCH',#520)
LENGTH_UNIT()
NAMED_UNIT(#524)
);
#522=(
NAMED_UNIT(*)
PLANE_ANGLE_UNIT()
SI_UNIT($,.RADIAN.)
);
#523=DIMENSIONAL_EXPONENTS(0.,0.,0.,0.,0.,0.,0.);
#524=DIMENSIONAL_EXPONENTS(1.,0.,0.,0.,0.,0.,0.);
#525=PLANE_ANGLE_MEASURE_WITH_UNIT(PLANE_ANGLE_MEASURE(0.01745329252),#522);
#526=(
CONVERSION_BASED_UNIT('DEGREES',#525)
NAMED_UNIT(#523)
PLANE_ANGLE_UNIT()
);
#527=(
NAMED_UNIT(*)
SI_UNIT($,.STERADIAN.)
SOLID_ANGLE_UNIT()
);
#528=UNCERTAINTY_MEASURE_WITH_UNIT(LENGTH_MEASURE(0.001),#521,
'DISTANCE_ACCURACY_VALUE',
'Maximum model space distance between geometric entities at asserted c
onnectivities');
#529=(
GEOMETRIC_REPRESENTATION_CONTEXT(3)
GLOBAL_UNCERTAINTY_ASSIGNED_CONTEXT((#528))
GLOBAL_UNIT_ASSIGNED_CONTEXT((#527,#526,#521))
REPRESENTATION_CONTEXT('ID1','3D')
);
#530=SHAPE_REPRESENTATION('Document',(#531,#556),#529);
#531=AXIS2_PLACEMENT_3D($,#595,#557,#558);
#532=AXIS2_PLACEMENT_3D('',#596,#559,$);
#533=AXIS2_PLACEMENT_3D('',#597,#560,$);
#534=AXIS2_PLACEMENT_3D('',#598,#561,$);
#535=AXIS2_PLACEMENT_3D('',#599,#562,$);
#536=AXIS2_PLACEMENT_3D('',#600,#563,$);
#537=AXIS2_PLACEMENT_3D('',#601,#564,$);
#538=AXIS2_PLACEMENT_3D('',#602,#565,$);
#539=AXIS2_PLACEMENT_3D('',#603,#566,$);
#540=AXIS2_PLACEMENT_3D('',#604,#567,$);
#541=AXIS2_PLACEMENT_3D('',#605,#568,$);
#542=AXIS2_PLACEMENT_3D('',#616,#569,$);
#543=AXIS2_PLACEMENT_3D('',#788,#570,$);
#544=AXIS2_PLACEMENT_3D('',#789,#571,$);
#545=AXIS2_PLACEMENT_3D('',#790,#572,$);
#546=AXIS2_PLACEMENT_3D($,#932,#573,#574);
#547=AXIS2_PLACEMENT_3D($,#945,#575,#576);
#548=AXIS2_PLACEMENT_3D($,#952,#577,#578);
#549=AXIS2_PLACEMENT_3D($,#965,#579,#580);
#550=AXIS2_PLACEMENT_3D($,#1024,#581,#582);
#551=AXIS2_PLACEMENT_3D($,#1177,#583,#584);
#552=AXIS2_PLACEMENT_3D($,#1180,#585,#586);
#553=AXIS2_PLACEMENT_3D($,#1185,#587,#588);
#554=AXIS2_PLACEMENT_3D($,#1188,#589,#590);
#555=AXIS2_PLACEMENT_3D($,#1230,#591,#592);
#556=AXIS2_PLACEMENT_3D($,#1268,#593,#594);
#557=DIRECTION('',(0.,0.,1.));
#558=DIRECTION('',(1.,0.,0.));
#559=DIRECTION('',(0.,0.,1.));
#560=DIRECTION('',(0.,0.,1.));
#561=DIRECTION('',(0.,-1.,0.));
#562=DIRECTION('',(0.,1.,0.));
#563=DIRECTION('',(1.,0.,0.));
#564=DIRECTION('',(0.,0.,1.));
#565=DIRECTION('',(0.,0.,-1.));
#566=DIRECTION('',(0.,-1.,0.));
#567=DIRECTION('',(0.,1.,0.));
#568=DIRECTION('',(-1.,0.,0.));
#569=DIRECTION('',(0.,0.,1.));
#570=DIRECTION('',(0.,0.,-1.));
#571=DIRECTION('',(0.,0.,1.));
#572=DIRECTION('',(0.,0.,-1.));
#573=DIRECTION('',(0.,0.,1.));
#574=DIRECTION('',(-1.,-5.55316476563312E-14,0.));
#575=DIRECTION('',(0.,0.,1.));
#576=DIRECTION('',(-1.,-5.55316476563312E-14,0.));
#577=DIRECTION('',(0.,0.,-1.));
#578=DIRECTION('',(1.,-5.5531647656325E-14,0.));
#579=DIRECTION('',(0.,0.,-1.));
#580=DIRECTION('',(1.,-5.5531647656325E-14,0.));
#581=DIRECTION('',(0.429063836272895,0.903274169011152,-3.04038472029423E-13));
#582=DIRECTION('',(-0.903274169011179,0.429063836272837,3.2196467714118E-13));
#583=DIRECTION('',(0.,0.,1.));
#584=DIRECTION('',(1.,5.5531647656325E-14,0.));
#585=DIRECTION('',(0.,0.,1.));
#586=DIRECTION('',(1.,5.5531647656325E-14,0.));
#587=DIRECTION('',(0.,0.,-1.));
#588=DIRECTION('',(-1.,-2.77658238281656E-14,0.));
#589=DIRECTION('',(0.,0.,-1.));
#590=DIRECTION('',(-1.,-2.77658238281656E-14,0.));
#591=DIRECTION('',(-0.00127077608886503,-0.000103106882851067,0.999999187248221));
#592=DIRECTION('',(0.902707591099486,-0.430253168322936,0.00110277805526842));
#593=DIRECTION('',(0.,0.,1.));
#594=DIRECTION('',(1.,0.,0.));
#595=CARTESIAN_POINT('',(0.,0.,0.));
#596=CARTESIAN_POINT('',(27.0912927307305,-15.6247085791043,0.0282523133592235));
#597=CARTESIAN_POINT('',(26.8288883888512,-15.464029901498,0.00668638900076845));
#598=CARTESIAN_POINT('',(27.0912927307305,-15.6247085791043,-0.0148795353576866));
#599=CARTESIAN_POINT('',(26.655082626503,-15.3033512238916,-0.0148795353576866));
#600=CARTESIAN_POINT('',(27.0912927307305,-15.3033512238916,-0.0148795353576866));
#601=CARTESIAN_POINT('',(29.1005762643522,-15.6247085791043,0.0282523133592235));
#602=CARTESIAN_POINT('',(29.3629806062316,-15.464029901498,0.00668638900076845));
#603=CARTESIAN_POINT('',(29.1005762643522,-15.6247085791043,-0.0148795353576866));
#604=CARTESIAN_POINT('',(29.5367863685798,-15.3033512238916,-0.0148795353576866));
#605=CARTESIAN_POINT('',(29.1005762643522,-15.3033512238916,-0.0148795353576866));
#606=CARTESIAN_POINT('',(26.9519677079268,-14.9018384151656,0.667477982000632));
#607=CARTESIAN_POINT('',(26.9519677079268,-14.9018384151656,0.740571634579947));
#608=CARTESIAN_POINT('',(26.3991067714953,-16.0657328306732,0.667477982000632));
#609=CARTESIAN_POINT('',(26.3991067714953,-16.0657328306732,0.740571634579947));
#610=CARTESIAN_POINT('',(27.5432511189632,-16.6281371792932,0.667477982000632));
#611=CARTESIAN_POINT('',(27.5432511189632,-16.6281371792932,0.740571634579947));
#612=CARTESIAN_POINT('',(28.6873954664312,-17.1905415279131,0.667477982000632));
#613=CARTESIAN_POINT('',(28.6873954664312,-17.1905415279131,0.740571634579947));
#614=CARTESIAN_POINT('',(29.2402564028627,-16.0266471124056,0.667477982000632));
#615=CARTESIAN_POINT('',(29.2402564028627,-16.0266471124056,0.740571634579947));
#616=CARTESIAN_POINT('',(28.6888447375071,-17.1548929239424,0.780571634579947));
#617=CARTESIAN_POINT('',(26.9519677079268,-14.9018384151656,0.667477982000632));
#618=CARTESIAN_POINT('',(26.8474299957991,-14.8496685961982,0.624599629359152));
#619=CARTESIAN_POINT('',(26.7428922836715,-14.7974987772307,0.581721276717672));
#620=CARTESIAN_POINT('',(27.093664892864,-14.5980102614947,0.667477982000633));
#621=CARTESIAN_POINT('',(27.0022641238861,-14.5177062142494,0.624599629359153));
#622=CARTESIAN_POINT('',(26.9108633549082,-14.4374021670041,0.581721276717672));
#623=CARTESIAN_POINT('',(27.4946534474596,-14.235389844081,0.667477982000632));
#624=CARTESIAN_POINT('',(27.440083436991,-14.1219696876182,0.624599629359152));
#625=CARTESIAN_POINT('',(27.3855134265224,-14.0085495311554,0.581721276717672));
#626=CARTESIAN_POINT('',(28.171625201927,-14.1403098320609,0.667477982000632));
#627=CARTESIAN_POINT('',(28.1784354540444,-14.018307385569,0.624599629359152));
#628=CARTESIAN_POINT('',(28.1852457061619,-13.8963049390771,0.581721276717672));
#629=CARTESIAN_POINT('',(28.6654185747806,-14.270656093539,0.667477982000632));
#630=CARTESIAN_POINT('',(28.7170807440215,-14.1604553900614,0.624599629359151));
#631=CARTESIAN_POINT('',(28.7687429132624,-14.0502546865839,0.581721276717672));
#632=CARTESIAN_POINT('',(29.0713767561496,-14.5839663782546,0.667477982000632));
#633=CARTESIAN_POINT('',(29.1602229620166,-14.5024137847536,0.624599629359152));
#634=CARTESIAN_POINT('',(29.2490691678837,-14.4208611912526,0.581721276717673));
#635=CARTESIAN_POINT('',(29.3276402096543,-15.0296084351711,0.667477982000632));
#636=CARTESIAN_POINT('',(29.4402098765853,-14.9892234352616,0.62459962935915));
#637=CARTESIAN_POINT('',(29.5527795435162,-14.9488384353522,0.58172127671767));
#638=CARTESIAN_POINT('',(29.3977291054372,-15.540092166059,0.667477982000632));
#639=CARTESIAN_POINT('',(29.5168244679677,-15.5471650789886,0.624599629359152));
#640=CARTESIAN_POINT('',(29.6359198304983,-15.5542379919182,0.581721276717673));
#641=CARTESIAN_POINT('',(29.3128429751263,-15.8738737817755,0.667477982000632));
#642=CARTESIAN_POINT('',(29.4240424623673,-15.9119392788461,0.624599629359152));
#643=CARTESIAN_POINT('',(29.5352419491987,-15.9500047775268,0.581721276717672));
#644=CARTESIAN_POINT('',(29.240283418275,-16.0266488218289,0.667477982000632));
#645=CARTESIAN_POINT('',(29.3447699229154,-16.0788495694881,0.624599629359152));
#646=CARTESIAN_POINT('',(29.4492564278741,-16.1310503172346,0.581721276717672));
#647=CARTESIAN_POINT('',(26.7428922836715,-14.7974987772307,0.581721276717672));
#648=CARTESIAN_POINT('',(26.753129533482,-14.802541163952,-0.014879535357686));
#649=CARTESIAN_POINT('',(26.9108633549082,-14.4374021670041,0.581721276717672));
#650=CARTESIAN_POINT('',(26.9198300747809,-14.4451683175285,-0.0148795353576864));
#651=CARTESIAN_POINT('',(27.3855134265224,-14.0085495311554,0.581721276717672));
#652=CARTESIAN_POINT('',(27.3908899024233,-14.0195595147323,-0.0148795353576859));
#653=CARTESIAN_POINT('',(28.1852457061619,-13.8963049390771,0.581721276717672));
#654=CARTESIAN_POINT('',(28.1845730225496,-13.9081639385801,-0.0148795353576869));
#655=CARTESIAN_POINT('',(28.7687429132624,-14.0502546865839,0.581721276717672));
#656=CARTESIAN_POINT('',(28.7636566680482,-14.0609492131709,-0.014879535357686));
#657=CARTESIAN_POINT('',(29.2490691678837,-14.4208611912526,0.581721276717673));
#658=CARTESIAN_POINT('',(29.2403497441589,-14.4287524573979,-0.0148795353576858));
#659=CARTESIAN_POINT('',(29.5527795435162,-14.9488384353522,0.58172127671767));
#660=CARTESIAN_POINT('',(29.5417628603776,-14.9527360918232,-0.0148795353576878));
#661=CARTESIAN_POINT('',(29.6359198304983,-15.5542379919182,0.581721276717673));
#662=CARTESIAN_POINT('',(29.6242742758351,-15.5535564178391,-0.0148795353576854));
#663=CARTESIAN_POINT('',(29.5352419491987,-15.9500047775268,0.581721276717672));
#664=CARTESIAN_POINT('',(29.5243579200846,-15.9463296311272,-0.0148795353576858));
#665=CARTESIAN_POINT('',(29.4492564278741,-16.1310503172346,0.581721276717672));
#666=CARTESIAN_POINT('',(29.4390227915822,-16.1260057458702,-0.0148795353576856));
#667=CARTESIAN_POINT('',(26.9519677079268,-14.9018384151656,0.740571634579947));
#668=CARTESIAN_POINT('',(26.9519677079268,-14.9018384151656,0.780571634579947));
#669=CARTESIAN_POINT('',(26.9880986746872,-14.9190009686165,0.780571634579947));
#670=CARTESIAN_POINT('',(26.8048637003387,-15.2071942601692,0.740571634579946));
#671=CARTESIAN_POINT('',(26.8048637006634,-15.2071942620261,0.780571634579945));
#672=CARTESIAN_POINT('',(26.8454918386519,-15.2149733649982,0.780571634579947));
#673=CARTESIAN_POINT('',(26.777413058467,-15.7495950854761,0.740571634579949));
#674=CARTESIAN_POINT('',(26.7774130572252,-15.7495950854298,0.78057163457995));
#675=CARTESIAN_POINT('',(26.8188897155823,-15.7409812116256,0.780571634579948));
#676=CARTESIAN_POINT('',(27.12160089461,-16.3448563330048,0.740571634579946));
#677=CARTESIAN_POINT('',(27.121600894539,-16.3448563312522,0.780571634579945));
#678=CARTESIAN_POINT('',(27.1525348637604,-16.3179024926912,0.780571634579946));
#679=CARTESIAN_POINT('',(27.5265608176824,-16.6576943199827,0.740571634579949));
#680=CARTESIAN_POINT('',(27.5265608176346,-16.6576943216304,0.780571634579947));
#681=CARTESIAN_POINT('',(27.5447762418717,-16.6208774298548,0.780571634579948));
#682=CARTESIAN_POINT('',(28.0211286080139,-16.7885376411618,0.740571634579947));
#683=CARTESIAN_POINT('',(28.0211286075835,-16.788537639934,0.780571634579946));
#684=CARTESIAN_POINT('',(28.0235387579127,-16.7475198120385,0.780571634579947));
#685=CARTESIAN_POINT('',(28.526809367893,-16.7164071949361,0.740571634579947));
#686=CARTESIAN_POINT('',(28.5268093692743,-16.7164071966585,0.780571634579947));
#687=CARTESIAN_POINT('',(28.5130081609984,-16.6777119342476,0.780571634579947));
#688=CARTESIAN_POINT('',(28.9653131735648,-16.4527088412206,0.740571634579947));
#689=CARTESIAN_POINT('',(28.9653131714633,-16.4527088401633,0.780571634579946));
#690=CARTESIAN_POINT('',(28.937658004109,-16.4223796874838,0.780571634579946));
#691=CARTESIAN_POINT('',(29.1691171249524,-16.177995925544,0.740571634579947));
#692=CARTESIAN_POINT('',(29.1691171245189,-16.1779959248092,0.780571634579947));
#693=CARTESIAN_POINT('',(29.1351794149008,-16.1561868606605,0.780571634579947));
#694=CARTESIAN_POINT('',(29.2407087423476,-16.0266740586299,0.740571634579947));
#695=CARTESIAN_POINT('',(29.2407087425232,-16.026674058064,0.780571634579948));
#696=CARTESIAN_POINT('',(29.2045686720155,-16.0095120389459,0.780571634579947));
#697=CARTESIAN_POINT('',(26.8026147801233,-15.7325968189268,0.631807711731798));
#698=CARTESIAN_POINT('',(26.677475960045,-15.7721971567227,0.581736029669708));
#699=CARTESIAN_POINT('',(26.6800539912435,-15.7718115346367,0.441278600391642));
#700=CARTESIAN_POINT('',(26.7573001375472,-15.5881506278939,0.631593429896092));
#701=CARTESIAN_POINT('',(26.6267750017883,-15.6130632922396,0.581738950446579));
#702=CARTESIAN_POINT('',(26.6295030149164,-15.6132327813156,0.440815411103715));
#703=CARTESIAN_POINT('',(26.7211266152238,-15.2831251086391,0.631120874525751));
#704=CARTESIAN_POINT('',(26.5850300528309,-15.2731273127549,0.581728822633763));
#705=CARTESIAN_POINT('',(26.5876868093225,-15.2740876628773,0.439836669484158));
#706=CARTESIAN_POINT('',(26.8012562927736,-14.9879998147344,0.630904933268355));
#707=CARTESIAN_POINT('',(26.6737241523529,-14.945374164078,0.581723777929292));
#708=CARTESIAN_POINT('',(26.6762259376068,-14.9464308280754,0.439407744568965));
#709=CARTESIAN_POINT('',(26.8641735261804,-14.8539230625873,0.630828942069444));
#710=CARTESIAN_POINT('',(26.7429291765633,-14.7974195987523,0.581723213524789));
#711=CARTESIAN_POINT('',(26.7453368787985,-14.7987028695637,0.439256506883186));
#712=CARTESIAN_POINT('',(26.9971097394261,-14.5722630376066,0.630709564696883));
#713=CARTESIAN_POINT('',(26.8895826787392,-14.4866281933427,0.581722121766399));
#714=CARTESIAN_POINT('',(26.8915919338847,-14.4887334482578,0.439020594546239));
#715=CARTESIAN_POINT('',(27.3627756542348,-14.2032927232298,0.630441378877983));
#716=CARTESIAN_POINT('',(27.2885710733201,-14.0828302806105,0.581723383335951));
#717=CARTESIAN_POINT('',(27.2895733434348,-14.0854667376605,0.438495896456363));
#718=CARTESIAN_POINT('',(28.0058173250151,-14.0384791963547,0.630271803466741));
#719=CARTESIAN_POINT('',(27.9971586256024,-13.9001029524802,0.581720793014307));
#720=CARTESIAN_POINT('',(27.9973390504826,-13.9029773246114,0.43816753783471));
#721=CARTESIAN_POINT('',(28.5053387156462,-14.1034729167647,0.630347045259353));
#722=CARTESIAN_POINT('',(28.5462713439376,-13.9721697845921,0.581721526085013));
#723=CARTESIAN_POINT('',(28.5455609676918,-13.9748376336956,0.438314261881739));
#724=CARTESIAN_POINT('',(29.080311028336,-14.398560053561,0.630602199963001));
#725=CARTESIAN_POINT('',(29.1781737734351,-14.2969852845588,0.58172414332654));
#726=CARTESIAN_POINT('',(29.1767768459395,-14.299593806635,0.43880699114114));
#727=CARTESIAN_POINT('',(29.5361630601519,-15.1096503530134,0.631030791497792));
#728=CARTESIAN_POINT('',(29.6757573592624,-15.0766485957738,0.581720383488913));
#729=CARTESIAN_POINT('',(29.6728724807839,-15.0778398105701,0.439658884736525));
#730=CARTESIAN_POINT('',(29.4671737214971,-15.7825790871068,0.630946519200184));
#731=CARTESIAN_POINT('',(29.600879012834,-15.8123333580433,0.581721844591973));
#732=CARTESIAN_POINT('',(29.5983174706792,-15.8114377203036,0.43948913793262));
#733=CARTESIAN_POINT('',(29.3300283270946,-16.0714057644771,0.630833589647852));
#734=CARTESIAN_POINT('',(29.4510416211818,-16.1285403730771,0.581722289013301));
#735=CARTESIAN_POINT('',(29.448611968086,-16.1272440564794,0.439266342629409));
#736=CARTESIAN_POINT('',(29.3300283270946,-16.0714057644771,0.630833589647852));
#737=CARTESIAN_POINT('',(29.4510416211818,-16.1285403730771,0.581722289013301));
#738=CARTESIAN_POINT('',(29.448611968086,-16.1272440564794,0.439266342629409));
#739=CARTESIAN_POINT('',(29.32962469078,-16.0722558180725,0.630833257281836));
#740=CARTESIAN_POINT('',(29.4506003971766,-16.1294715033117,0.581722290321982));
#741=CARTESIAN_POINT('',(29.4481713657777,-16.1281735146373,0.439265686914534));
#742=CARTESIAN_POINT('',(29.1933100621531,-16.3585621149382,0.630721051927771));
#743=CARTESIAN_POINT('',(29.30151275193,-16.4432511897997,0.581722730706897));
#744=CARTESIAN_POINT('',(29.2993716131634,-16.4412272375863,0.439044325456414));
#745=CARTESIAN_POINT('',(28.7210208673351,-16.8342110113475,0.630359331408439));
#746=CARTESIAN_POINT('',(28.7834486148728,-16.9665500287994,0.581723037562886));
#747=CARTESIAN_POINT('',(28.7830843298726,-16.9634699837124,0.438334149411434));
#748=CARTESIAN_POINT('',(27.8092994999296,-16.9187318859471,0.63023135659393));
#749=CARTESIAN_POINT('',(27.7810918836116,-17.0600696511314,0.581719867045273));
#750=CARTESIAN_POINT('',(27.7812321011913,-17.0572667405737,0.438090909092526));
#751=CARTESIAN_POINT('',(27.1792016399756,-16.555862607553,0.63058754103457));
#752=CARTESIAN_POINT('',(27.0872237221557,-16.6593181146299,0.58172459974608));
#753=CARTESIAN_POINT('',(27.0887726864207,-16.6567631304184,0.438779184843433));
#754=CARTESIAN_POINT('',(26.8800659970693,-16.1497135567122,0.630796548591707));
#755=CARTESIAN_POINT('',(26.7613586940742,-16.2154787414777,0.581721595840607));
#756=CARTESIAN_POINT('',(26.7636790045057,-16.2139960286896,0.439193530963006));
#757=CARTESIAN_POINT('',(26.6788016559619,-15.5918053472206,0.630980901615046));
#758=CARTESIAN_POINT('',(26.5405401619907,-15.6017601780718,0.581721714103939));
#759=CARTESIAN_POINT('',(26.5433372821511,-15.6012743778002,0.439557812773803));
#760=CARTESIAN_POINT('',(26.7261385974157,-15.1431797342956,0.630954258358764));
#761=CARTESIAN_POINT('',(26.5926063916736,-15.1148829440962,0.581721265376774));
#762=CARTESIAN_POINT('',(26.5952806390367,-15.115743329551,0.439506526539671));
#763=CARTESIAN_POINT('',(26.863527689659,-14.8553181224945,0.630823046078163));
#764=CARTESIAN_POINT('',(26.7429174875199,-14.7974462448849,0.581721967975181));
#765=CARTESIAN_POINT('',(26.7453370624508,-14.7987029600221,0.439245804097882));
#766=CARTESIAN_POINT('',(26.9282337084572,-14.7203437680523,0.630775369343348));
#767=CARTESIAN_POINT('',(26.813950255921,-14.6488814476847,0.581721800407214));
#768=CARTESIAN_POINT('',(26.8162105880282,-14.6504441083312,0.439152434340237));
#769=CARTESIAN_POINT('',(27.1077440072603,-14.4685415032665,0.630701883979329));
#770=CARTESIAN_POINT('',(27.0120892870946,-14.3707001024126,0.581721189927785));
#771=CARTESIAN_POINT('',(27.014005794363,-14.372720533217,0.439014298364823));
#772=CARTESIAN_POINT('',(27.3609908973497,-14.2932401458072,0.630703157285375));
#773=CARTESIAN_POINT('',(27.2902544362527,-14.1785524152141,0.581721223415921));
#774=CARTESIAN_POINT('',(27.2916819872031,-14.1808957508721,0.43902773787628));
#775=CARTESIAN_POINT('',(27.4986701565089,-14.226305614973,0.630673455879719));
#776=CARTESIAN_POINT('',(27.4397921321928,-14.1057973374817,0.581721579654053));
#777=CARTESIAN_POINT('',(27.440941612695,-14.108274642424,0.438971117195653));
#778=CARTESIAN_POINT('',(29.3904360786326,-16.1049167919962,-0.0148795353576859));
#779=CARTESIAN_POINT('',(30.0178494652725,-14.7768500141683,-0.0148795353576877));
#780=CARTESIAN_POINT('',(28.7201126241358,-14.1413566264537,-0.0148795353576859));
#781=CARTESIAN_POINT('',(27.4292654616417,-13.5031800080606,-0.0148795353576866));
#782=CARTESIAN_POINT('',(26.801690627356,-14.8237271669963,-0.0148795353576859));
#783=CARTESIAN_POINT('',(29.0496880687293,-15.9362105565672,0.780571634579947));
#784=CARTESIAN_POINT('',(29.51191581524,-14.9577977158425,0.780571634579948));
#785=CARTESIAN_POINT('',(28.5558476336939,-14.4896172740784,0.780571634579947));
#786=CARTESIAN_POINT('',(27.6048552135213,-14.0194600436511,0.780571634579948));
#787=CARTESIAN_POINT('',(27.1425085253637,-14.9923330336663,0.780571634579947));
#788=CARTESIAN_POINT('',(30.4984922449696,-17.8771789682539,-0.0148795353576866));
#789=CARTESIAN_POINT('',(26.8288883888512,-15.4640299014979,0.00668638900076845));
#790=CARTESIAN_POINT('',(29.3629806062316,-15.464029901498,0.00668638900076845));
#791=CARTESIAN_POINT('',(29.2402564028627,-16.0266471124056,0.667477982000632));
#792=CARTESIAN_POINT('',(29.2402564028627,-16.0266471124056,0.740571634579947));
#793=CARTESIAN_POINT('',(29.7931173392942,-14.862752696898,0.667477982000632));
#794=CARTESIAN_POINT('',(29.7931173392942,-14.862752696898,0.740571634579947));
#795=CARTESIAN_POINT('',(28.6489729918263,-14.300348348278,0.667477982000632));
#796=CARTESIAN_POINT('',(28.6489729918263,-14.300348348278,0.740571634579947));
#797=CARTESIAN_POINT('',(27.5048286443583,-13.737943999658,0.667477982000632));
#798=CARTESIAN_POINT('',(27.5048286443583,-13.737943999658,0.740571634579947));
#799=CARTESIAN_POINT('',(26.9519677079268,-14.9018384151656,0.667477982000632));
#800=CARTESIAN_POINT('',(26.9519677079268,-14.9018384151656,0.740571634579947));
#801=CARTESIAN_POINT('',(29.240283418275,-16.0266488218289,0.667477982000632));
#802=CARTESIAN_POINT('',(29.3447699229154,-16.0788495694881,0.624599629359152));
#803=CARTESIAN_POINT('',(29.4492564278741,-16.1310503172346,0.581721276717672));
#804=CARTESIAN_POINT('',(29.1684669263329,-16.1778593295699,0.667477982000632));
#805=CARTESIAN_POINT('',(29.2663091944155,-16.2440505721111,0.624599629359152));
#806=CARTESIAN_POINT('',(29.3641514635205,-16.3102418132661,0.581721276717672));
#807=CARTESIAN_POINT('',(28.9658283051257,-16.4526240733975,0.667477982000632));
#808=CARTESIAN_POINT('',(29.0449646969845,-16.5441296852077,0.624599629359152));
#809=CARTESIAN_POINT('',(29.1241010888432,-16.635635297018,0.581721276717674));
#810=CARTESIAN_POINT('',(28.5262098070415,-16.7157570256162,0.667477982000631));
#811=CARTESIAN_POINT('',(28.5652130558068,-16.8312271779402,0.62459962935915));
#812=CARTESIAN_POINT('',(28.6042163045721,-16.9466973302643,0.581721276717669));
#813=CARTESIAN_POINT('',(28.0210595265126,-16.7881842307519,0.667477982000631));
#814=CARTESIAN_POINT('',(28.0142177762938,-16.9102133481143,0.62459962935915));
#815=CARTESIAN_POINT('',(28.0073760260751,-17.0322424654768,0.58172127671767));
#816=CARTESIAN_POINT('',(27.3591112603346,-16.6148799329341,0.667477982000633));
#817=CARTESIAN_POINT('',(27.2921914975073,-16.7212486813178,0.624599629359152));
#818=CARTESIAN_POINT('',(27.2252717346801,-16.8276174297014,0.581721276717673));
#819=CARTESIAN_POINT('',(26.8844451561096,-16.0697081191572,0.667477982000632));
#820=CARTESIAN_POINT('',(26.773699338993,-16.1260446168609,0.624599629359152));
#821=CARTESIAN_POINT('',(26.6629535218765,-16.1823811145646,0.581721276717672));
#822=CARTESIAN_POINT('',(26.7963585479435,-15.3875174357459,0.667477982000631));
#823=CARTESIAN_POINT('',(26.677367675921,-15.3803720345035,0.62459962935915));
#824=CARTESIAN_POINT('',(26.5583768038984,-15.3732266332611,0.58172127671767));
#825=CARTESIAN_POINT('',(26.8783834028423,-15.0550714065354,0.667477982000631));
#826=CARTESIAN_POINT('',(26.7670442364305,-15.017089356574,0.624599629359151));
#827=CARTESIAN_POINT('',(26.6557050700188,-14.9791073066126,0.581721276717671));
#828=CARTESIAN_POINT('',(26.9519677079268,-14.9018384151656,0.667477982000632));
#829=CARTESIAN_POINT('',(26.8474299957991,-14.8496685961982,0.624599629359152));
#830=CARTESIAN_POINT('',(26.7428922836715,-14.7974987772307,0.581721276717672));
#831=CARTESIAN_POINT('',(29.4492564278741,-16.1310503172346,0.581721276717672));
#832=CARTESIAN_POINT('',(29.4390227915822,-16.1260057458702,-0.0148795353576856));
#833=CARTESIAN_POINT('',(29.3641514635205,-16.3102418132661,0.581721276717672));
#834=CARTESIAN_POINT('',(29.3545615595348,-16.3038418408876,-0.0148795353576855));
#835=CARTESIAN_POINT('',(29.1241010888432,-16.635635297018,0.581721276717674));
#836=CARTESIAN_POINT('',(29.1163269212541,-16.6267740546146,-0.0148795353576846));
#837=CARTESIAN_POINT('',(28.6042163045721,-16.9466973302643,0.581721276717669));
#838=CARTESIAN_POINT('',(28.6003745354474,-16.9354832206508,-0.0148795353576902));
#839=CARTESIAN_POINT('',(28.0073760260751,-17.0322424654768,0.58172127671767));
#840=CARTESIAN_POINT('',(28.0080487452867,-17.0203812941132,-0.0148795353576892));
#841=CARTESIAN_POINT('',(27.2252717346801,-16.8276174297014,0.581721276717673));
#842=CARTESIAN_POINT('',(27.2318602756423,-16.8173040381553,-0.014879535357686));
#843=CARTESIAN_POINT('',(26.6629535218765,-16.1823811145646,0.581721276717672));
#844=CARTESIAN_POINT('',(26.6737954269369,-16.1769482780409,-0.014879535357686));
#845=CARTESIAN_POINT('',(26.5583768038984,-15.3732266332611,0.58172127671767));
#846=CARTESIAN_POINT('',(26.5700097252333,-15.3739142256018,-0.0148795353576878));
#847=CARTESIAN_POINT('',(26.6557050700188,-14.9791073066126,0.581721276717671));
#848=CARTESIAN_POINT('',(26.666601802229,-14.9827760099261,-0.0148795353576883));
#849=CARTESIAN_POINT('',(26.7428922836715,-14.7974987772307,0.581721276717672));
#850=CARTESIAN_POINT('',(26.753129533482,-14.802541163952,-0.014879535357686));
#851=CARTESIAN_POINT('',(29.2407087423476,-16.0266740586299,0.740571634579947));
#852=CARTESIAN_POINT('',(29.2407087425232,-16.026674058064,0.780571634579948));
#853=CARTESIAN_POINT('',(29.2045686720155,-16.0095120389459,0.780571634579947));
#854=CARTESIAN_POINT('',(29.3852295155031,-15.7212031948968,0.740571634579947));
#855=CARTESIAN_POINT('',(29.3852295174371,-15.721203193554,0.780571634579948));
#856=CARTESIAN_POINT('',(29.3446435781535,-15.7134220858495,0.780571634579947));
#857=CARTESIAN_POINT('',(29.4166579191713,-15.1789605948464,0.740571634579948));
#858=CARTESIAN_POINT('',(29.4166579180706,-15.1789605984034,0.780571634579945));
#859=CARTESIAN_POINT('',(29.3751446550352,-15.1875762549962,0.780571634579948));
#860=CARTESIAN_POINT('',(29.0697654401256,-14.5835973911321,0.740571634579947));
#861=CARTESIAN_POINT('',(29.0697654403101,-14.5835973887066,0.780571634579949));
#862=CARTESIAN_POINT('',(29.0388484793713,-14.6105503938276,0.780571634579947));
#863=CARTESIAN_POINT('',(28.6661630742611,-14.2708096481266,0.740571634579947));
#864=CARTESIAN_POINT('',(28.6661630749137,-14.270809649937,0.780571634579946));
#865=CARTESIAN_POINT('',(28.6479377397029,-14.3076270268481,0.780571634579947));
#866=CARTESIAN_POINT('',(28.1708079590389,-14.1399379160788,0.740571634579946));
#867=CARTESIAN_POINT('',(28.1708079575446,-14.1399379153463,0.780571634579948));
#868=CARTESIAN_POINT('',(28.1684034870185,-14.1809554325177,0.780571634579947));
#869=CARTESIAN_POINT('',(27.6656813565458,-14.212085680209,0.740571634579949));
#870=CARTESIAN_POINT('',(27.6656813570399,-14.2120856803141,0.780571634579947));
#871=CARTESIAN_POINT('',(27.6794774310167,-14.2507811353914,0.780571634579948));
#872=CARTESIAN_POINT('',(27.2265536175411,-14.4757697049589,0.740571634579947));
#873=CARTESIAN_POINT('',(27.2265536171426,-14.475769704458,0.780571634579947));
#874=CARTESIAN_POINT('',(27.2542154887099,-14.5060987481657,0.780571634579947));
#875=CARTESIAN_POINT('',(27.0238664315191,-14.7505073981665,0.740571634579948));
#876=CARTESIAN_POINT('',(27.023866432352,-14.7505073978121,0.780571634579948));
#877=CARTESIAN_POINT('',(27.057789662439,-14.7723166201487,0.780571634579948));
#878=CARTESIAN_POINT('',(26.9519677079268,-14.9018384151656,0.740571634579947));
#879=CARTESIAN_POINT('',(26.9519677079268,-14.9018384151656,0.780571634579947));
#880=CARTESIAN_POINT('',(26.9880986746872,-14.9190009686165,0.780571634579947));
#881=CARTESIAN_POINT('',(26.801690627356,-14.8237271669963,-0.0148795353576859));
#882=CARTESIAN_POINT('',(26.172563050546,-16.1508153964623,-0.0148795353576866));
#883=CARTESIAN_POINT('',(27.4720526486053,-16.7872091205132,-0.0148795353576859));
#884=CARTESIAN_POINT('',(28.7611470541768,-17.42448540257,-0.0148795353576877));
#885=CARTESIAN_POINT('',(29.3904360786326,-16.1049167919962,-0.0148795353576859));
#886=CARTESIAN_POINT('',(27.1425085253637,-14.9923330336663,0.780571634579947));
#887=CARTESIAN_POINT('',(26.6790179013368,-15.9700249586219,0.780571634579948));
#888=CARTESIAN_POINT('',(27.6363773732821,-16.4388686958219,0.780571634579947));
#889=CARTESIAN_POINT('',(28.5860785030554,-16.9083626308133,0.780571634579948));
#890=CARTESIAN_POINT('',(29.0496880687293,-15.9362105565672,0.780571634579947));
#891=CARTESIAN_POINT('',(26.7649120108984,-15.464029901498,-0.0148795353576866));
#892=CARTESIAN_POINT('',(27.0912927307305,-15.6247085791043,-0.0148795353576866));
#893=CARTESIAN_POINT('',(27.0912927307305,-15.3033512238916,-0.0148795353576866));
#894=CARTESIAN_POINT('',(26.7649120108984,-15.464029901498,0.0282523133592235));
#895=CARTESIAN_POINT('',(27.0912927307305,-15.6247085791043,0.0282523133592235));
#896=CARTESIAN_POINT('',(27.0912927307305,-15.3033512238916,0.0282523133592235));
#897=CARTESIAN_POINT('',(29.4269569841843,-15.464029901498,-0.0148795353576866));
#898=CARTESIAN_POINT('',(29.1005762643522,-15.6247085791043,-0.0148795353576866));
#899=CARTESIAN_POINT('',(29.1005762643522,-15.3033512238916,-0.0148795353576866));
#900=CARTESIAN_POINT('',(29.4269569841843,-15.464029901498,0.0282523133592235));
#901=CARTESIAN_POINT('',(29.1005762643522,-15.6247085791043,0.0282523133592235));
#902=CARTESIAN_POINT('',(29.1005762643522,-15.3033512238916,0.0282523133592235));
#903=CARTESIAN_POINT('',(27.1425085253637,-14.9923330336663,0.780571634579947));
#904=CARTESIAN_POINT('',(26.801690627356,-14.8237271669963,-0.0148795353576859));
#905=CARTESIAN_POINT('',(26.9519677079268,-14.9018384151656,0.667477982000632));
#906=CARTESIAN_POINT('',(26.753129533482,-14.802541163952,-0.014879535357686));
#907=CARTESIAN_POINT('',(26.9519677079268,-14.9018384151656,0.740571634579947));
#908=CARTESIAN_POINT('',(26.9880986746872,-14.9190009686165,0.780571634579947));
#909=CARTESIAN_POINT('',(26.8626147247373,-14.8572465368887,0.63082686465895));
#910=CARTESIAN_POINT('',(26.7453369706247,-14.7987029147929,0.439251155490534));
#911=CARTESIAN_POINT('',(29.3300283270946,-16.0714057644771,0.630833589647852));
#912=CARTESIAN_POINT('',(29.448611968086,-16.1272440564794,0.439266342629409));
#913=CARTESIAN_POINT('',(29.5254821522677,-15.6247085791033,-0.0148795353576864));
#914=CARTESIAN_POINT('',(29.5255892716143,-15.3033512238916,-0.0148795353576866));
#915=CARTESIAN_POINT('',(29.5048289443,-15.6247085791043,0.0282523133592235));
#916=CARTESIAN_POINT('',(29.5049355437185,-15.3033512238916,0.0282523133592235));
#917=CARTESIAN_POINT('',(26.6658733586136,-15.6247085791043,-0.0148795353576866));
#918=CARTESIAN_POINT('',(26.6662061367899,-15.3033512238916,-0.0148795353576866));
#919=CARTESIAN_POINT('',(26.6865389695433,-15.6247085791043,0.0282523133592235));
#920=CARTESIAN_POINT('',(26.6868719161686,-15.3033512238916,0.0282523133592234));
#921=CARTESIAN_POINT('',(26.8928647668039,-15.464029901498,-0.0148795353576866));
#922=CARTESIAN_POINT('',(26.8928647668039,-15.464029901498,0.0282523133592235));
#923=CARTESIAN_POINT('',(29.2990042282788,-15.464029901498,-0.0148795353576866));
#924=CARTESIAN_POINT('',(29.2990042282788,-15.464029901498,0.0282523133592235));
#925=CARTESIAN_POINT('',(29.2402564028627,-16.0266471124056,0.667477982000632));
#926=CARTESIAN_POINT('',(29.2402564028627,-16.0266471124056,0.740571634579947));
#927=CARTESIAN_POINT('',(29.4472713999661,-16.1300643309481,0.439264348276166));
#928=CARTESIAN_POINT('',(29.4390227915822,-16.1260057458702,-0.0148795353576856));
#929=CARTESIAN_POINT('',(29.2045686720155,-16.0095120389459,0.780571634579947));
#930=CARTESIAN_POINT('',(29.3904360786326,-16.1049167919962,-0.0148795353576859));
#931=CARTESIAN_POINT('',(29.0496880687293,-15.9362105565672,0.780571634579947));
#932=CARTESIAN_POINT('',(26.8288883888512,-15.464029901498,-0.0148795353576866));
#933=CARTESIAN_POINT('',(26.7649120108984,-15.464029901498,-0.0148795353576866));
#934=CARTESIAN_POINT('',(26.8928647668039,-15.464029901498,-0.0148795353576866));
#935=CARTESIAN_POINT('',(26.7649120108984,-15.464029901498,-0.0148795353576866));
#936=CARTESIAN_POINT('',(26.7649120108984,-15.464029901498,0.0282523133592235));
#937=CARTESIAN_POINT('',(27.0912927307305,-15.6247085791043,-0.0148795353576866));
#938=CARTESIAN_POINT('',(26.6658733586136,-15.6247085791043,-0.0148795353576866));
#939=CARTESIAN_POINT('',(27.0912927307305,-15.3033512238916,-0.0148795353576866));
#940=CARTESIAN_POINT('',(27.0912927307305,-15.6247085791043,-0.0148795353576866));
#941=CARTESIAN_POINT('',(27.0912927307305,-15.6247085791043,-0.0148795353576866));
#942=CARTESIAN_POINT('',(27.0912927307305,-15.6247085791043,0.0282523133592235));
#943=CARTESIAN_POINT('',(27.0912927307305,-15.3033512238916,-0.0148795353576866));
#944=CARTESIAN_POINT('',(27.0912927307305,-15.3033512238916,0.0282523133592235));
#945=CARTESIAN_POINT('',(26.8288883888512,-15.464029901498,0.0282523133592235));
#946=CARTESIAN_POINT('',(26.7649120108984,-15.464029901498,0.0282523133592235));
#947=CARTESIAN_POINT('',(26.8928647668039,-15.464029901498,0.0282523133592235));
#948=CARTESIAN_POINT('',(27.0912927307305,-15.6247085791043,0.0282523133592235));
#949=CARTESIAN_POINT('',(26.6865389695433,-15.6247085791043,0.0282523133592235));
#950=CARTESIAN_POINT('',(27.0912927307305,-15.3033512238916,0.0282523133592235));
#951=CARTESIAN_POINT('',(27.0912927307305,-15.6247085791043,0.0282523133592235));
#952=CARTESIAN_POINT('',(29.3629806062316,-15.464029901498,-0.0148795353576866));
#953=CARTESIAN_POINT('',(29.4269569841843,-15.464029901498,-0.0148795353576866));
#954=CARTESIAN_POINT('',(29.2990042282788,-15.464029901498,-0.0148795353576866));
#955=CARTESIAN_POINT('',(29.4269569841843,-15.464029901498,-0.0148795353576866));
#956=CARTESIAN_POINT('',(29.4269569841843,-15.464029901498,0.0282523133592235));
#957=CARTESIAN_POINT('',(29.1005762643522,-15.6247085791043,-0.0148795353576866));
#958=CARTESIAN_POINT('',(29.5254821522677,-15.6247085791033,-0.0148795353576864));
#959=CARTESIAN_POINT('',(29.1005762643522,-15.3033512238916,-0.0148795353576866));
#960=CARTESIAN_POINT('',(29.1005762643522,-15.6247085791043,-0.0148795353576866));
#961=CARTESIAN_POINT('',(29.1005762643522,-15.6247085791043,-0.0148795353576866));
#962=CARTESIAN_POINT('',(29.1005762643522,-15.6247085791043,0.0282523133592235));
#963=CARTESIAN_POINT('',(29.1005762643522,-15.3033512238916,-0.0148795353576866));
#964=CARTESIAN_POINT('',(29.1005762643522,-15.3033512238916,0.0282523133592235));
#965=CARTESIAN_POINT('',(29.3629806062316,-15.464029901498,0.0282523133592235));
#966=CARTESIAN_POINT('',(29.4269569841843,-15.464029901498,0.0282523133592235));
#967=CARTESIAN_POINT('',(29.2990042282788,-15.464029901498,0.0282523133592235));
#968=CARTESIAN_POINT('',(29.1005762643522,-15.6247085791043,0.0282523133592235));
#969=CARTESIAN_POINT('',(29.5048289443,-15.6247085791043,0.0282523133592235));
#970=CARTESIAN_POINT('',(29.1005762643522,-15.3033512238916,0.0282523133592235));
#971=CARTESIAN_POINT('',(29.1005762643522,-15.6247085791043,0.0282523133592235));
#972=CARTESIAN_POINT('',(27.1425085253637,-14.9923330336663,0.780571634579947));
#973=CARTESIAN_POINT('',(26.6790179013368,-15.9700249586219,0.780571634579948));
#974=CARTESIAN_POINT('',(27.6363773732821,-16.4388686958219,0.780571634579947));
#975=CARTESIAN_POINT('',(28.5860785030554,-16.9083626308133,0.780571634579948));
#976=CARTESIAN_POINT('',(29.0496880687293,-15.9362105565672,0.780571634579947));
#977=CARTESIAN_POINT('',(26.801690627356,-14.8237271669963,-0.0148795353576859));
#978=CARTESIAN_POINT('',(26.6935579008436,-15.051823460757,-0.0148795353576863));
#979=CARTESIAN_POINT('',(26.6662061367899,-15.3033512238916,-0.0148795353576866));
#980=CARTESIAN_POINT('',(26.801690627356,-14.8237271669963,-0.0148795353576859));
#981=CARTESIAN_POINT('',(27.1425085253637,-14.9923330336663,0.780571634579947));
#982=CARTESIAN_POINT('',(26.9519677079268,-14.9018384151656,0.667477982000632));
#983=CARTESIAN_POINT('',(27.5048286443583,-13.737943999658,0.667477982000632));
#984=CARTESIAN_POINT('',(28.6489729918263,-14.300348348278,0.667477982000632));
#985=CARTESIAN_POINT('',(29.7931173392942,-14.862752696898,0.667477982000632));
#986=CARTESIAN_POINT('',(29.2402564028627,-16.0266471124056,0.667477982000632));
#987=CARTESIAN_POINT('',(26.9519677079268,-14.9018384151656,0.667477982000632));
#988=CARTESIAN_POINT('',(26.9519677079268,-14.9018384151656,0.740571634579947));
#989=CARTESIAN_POINT('',(26.9519677079268,-14.9018384151656,0.740571634579947));
#990=CARTESIAN_POINT('',(26.3991067714953,-16.0657328306732,0.740571634579947));
#991=CARTESIAN_POINT('',(27.5432511189632,-16.6281371792932,0.740571634579947));
#992=CARTESIAN_POINT('',(28.6873954664312,-17.1905415279131,0.740571634579947));
#993=CARTESIAN_POINT('',(29.2402564028627,-16.0266471124056,0.740571634579947));
#994=CARTESIAN_POINT('',(26.9519677079268,-14.9018384151656,0.667477982000632));
#995=CARTESIAN_POINT('',(26.9148415475965,-14.8833104918301,0.652249444461768));
#996=CARTESIAN_POINT('',(26.8626147247373,-14.8572465368887,0.63082686465895));
#997=CARTESIAN_POINT('',(29.3300283270946,-16.0714057644771,0.630833589647853));
#998=CARTESIAN_POINT('',(29.4510416211818,-16.1285403730771,0.581722289013301));
#999=CARTESIAN_POINT('',(29.448611968086,-16.1272440564794,0.439266342629409));
#1000=CARTESIAN_POINT('',(26.753129533482,-14.802541163952,-0.014879535357686));
#1001=CARTESIAN_POINT('',(26.9198300747809,-14.4451683175285,-0.0148795353576864));
#1002=CARTESIAN_POINT('',(27.2347384213259,-14.1606444492242,-0.0148795353576861));
#1003=CARTESIAN_POINT('',(27.6055219689941,-14.0289385031412,-0.0148795353576863));
#1004=CARTESIAN_POINT('',(27.7893799097891,-13.9636303626113,-0.0148795353576864));
#1005=CARTESIAN_POINT('',(27.9869764661693,-13.9358971505957,-0.0148795353576866));
#1006=CARTESIAN_POINT('',(28.1819517955031,-13.9474058721119,-0.0148795353576866));
#1007=CARTESIAN_POINT('',(28.3769271248369,-13.9589145936281,-0.0148795353576866));
#1008=CARTESIAN_POINT('',(28.5692812271243,-14.0096652486761,-0.0148795353576863));
#1009=CARTESIAN_POINT('',(28.7444447313035,-14.0957291133324,-0.0148795353576861));
#1010=CARTESIAN_POINT('',(28.9214489280102,-14.1826973736465,-0.0148795353576859));
#1011=CARTESIAN_POINT('',(29.0808993360846,-14.3057249155222,-0.0148795353576859));
#1012=CARTESIAN_POINT('',(29.2107234374597,-14.4543317852514,-0.0148795353576862));
#1013=CARTESIAN_POINT('',(29.3405475388349,-14.6029386549807,-0.0148795353576865));
#1014=CARTESIAN_POINT('',(29.4407453335108,-14.7771248525634,-0.0148795353576872));
#1015=CARTESIAN_POINT('',(29.5046699142467,-14.963760554385,-0.0148795353576871));
#1016=CARTESIAN_POINT('',(29.5691174709301,-15.1519231490212,-0.014879535357687));
#1017=CARTESIAN_POINT('',(29.5966958733826,-15.3527397834302,-0.0148795353576862));
#1018=CARTESIAN_POINT('',(29.5855059856712,-15.5513414039567,-0.0148795353576859));
#1019=CARTESIAN_POINT('',(29.5743160979599,-15.7499430244831,-0.0148795353576856));
#1020=CARTESIAN_POINT('',(29.5243579200846,-15.9463296311272,-0.0148795353576858));
#1021=CARTESIAN_POINT('',(29.4390227915821,-16.1260057458702,-0.0148795353576856));
#1022=CARTESIAN_POINT('',(26.7453369706247,-14.7987029147929,0.439251155490534));
#1023=CARTESIAN_POINT('',(26.753129533482,-14.802541163952,-0.014879535357686));
#1024=CARTESIAN_POINT('',(26.9880986746872,-14.9190009686166,0.740571634579934));
#1025=CARTESIAN_POINT('',(26.9519677079268,-14.9018384151656,0.740571634579947));
#1026=CARTESIAN_POINT('',(26.9880986746872,-14.9190009686165,0.780571634579949));
#1027=CARTESIAN_POINT('',(26.9880986746872,-14.9190009686165,0.780571634579947));
#1028=CARTESIAN_POINT('',(26.8454918386519,-15.2149733649982,0.780571634579947));
#1029=CARTESIAN_POINT('',(26.8277136251217,-15.5665046992235,0.780571634579948));
#1030=CARTESIAN_POINT('',(26.9337145781543,-15.876595423603,0.780571634579947));
#1031=CARTESIAN_POINT('',(26.9863263222459,-16.0305036043267,0.780571634579947));
#1032=CARTESIAN_POINT('',(27.0694305930032,-16.174203048509,0.780571634579947));
#1033=CARTESIAN_POINT('',(27.1765613753591,-16.2967070043346,0.780571634579947));
#1034=CARTESIAN_POINT('',(27.283692157715,-16.4192109601603,0.780571634579947));
#1035=CARTESIAN_POINT('',(27.4148494516696,-16.5205194276295,0.780571634579947));
#1036=CARTESIAN_POINT('',(27.5607934337171,-16.5922749407801,0.780571634579948));
#1037=CARTESIAN_POINT('',(27.7053681848805,-16.6633572513544,0.780571634579948));
#1038=CARTESIAN_POINT('',(27.8644534713966,-16.7054385316964,0.780571634579947));
#1039=CARTESIAN_POINT('',(28.0253704308957,-16.7148736081945,0.780571634579947));
#1040=CARTESIAN_POINT('',(28.1862873903948,-16.7243086846926,0.780571634579947));
#1041=CARTESIAN_POINT('',(28.3490360228768,-16.7010975573467,0.780571634579947));
#1042=CARTESIAN_POINT('',(28.5008733830648,-16.6472639427257,0.780571634579947));
#1043=CARTESIAN_POINT('',(28.6538522205336,-16.5930256197513,0.780571634579947));
#1044=CARTESIAN_POINT('',(28.7957551123213,-16.5077026536176,0.780571634579947));
#1045=CARTESIAN_POINT('',(28.9160869109131,-16.3984929638449,0.780571634579946));
#1046=CARTESIAN_POINT('',(29.0364187095049,-16.2892832740722,0.780571634579947));
#1047=CARTESIAN_POINT('',(29.1351794149008,-16.1561868606605,0.780571634579947));
#1048=CARTESIAN_POINT('',(29.2045686720155,-16.0095120389459,0.780571634579947));
#1049=CARTESIAN_POINT('',(29.3300283270946,-16.0714057644771,0.630833589647852));
#1050=CARTESIAN_POINT('',(29.3296246907585,-16.0722558180616,0.630833257267765));
#1051=CARTESIAN_POINT('',(29.3292201655523,-16.0731054561957,0.630832924275868));
#1052=CARTESIAN_POINT('',(29.3288147516324,-16.0739546769973,0.630832590673088));
#1053=CARTESIAN_POINT('',(29.1926060564763,-16.3592711192886,0.63072050868209));
#1054=CARTESIAN_POINT('',(28.9560804324203,-16.5974795691716,0.630539471012984));
#1055=CARTESIAN_POINT('',(28.6698874987891,-16.7318155849093,0.630425764504452));
#1056=CARTESIAN_POINT('',(28.3854688913316,-16.8653187502135,0.630312762948455));
#1057=CARTESIAN_POINT('',(28.0519969155754,-16.8962334561915,0.63026626026759));
#1058=CARTESIAN_POINT('',(27.7482917640792,-16.8152473513814,0.630339149798729));
#1059=CARTESIAN_POINT('',(27.5272598033267,-16.7563069038727,0.630392197683846));
#1060=CARTESIAN_POINT('',(27.3219944530745,-16.6380958911551,0.630508484108855));
#1061=CARTESIAN_POINT('',(27.1568190736513,-16.4796698400402,0.630612891234824));
#1062=CARTESIAN_POINT('',(27.041917096138,-16.3694629397969,0.630685520613865));
#1063=CARTESIAN_POINT('',(26.9464150467246,-16.2397955900369,0.630752401484176));
#1064=CARTESIAN_POINT('',(26.8751029171112,-16.0974839376244,0.630809351614029));
#1065=CARTESIAN_POINT('',(26.8255621970774,-15.9986196663157,0.630848915015853));
#1066=CARTESIAN_POINT('',(26.7876958145625,-15.8936531070261,0.630883685726471));
#1067=CARTESIAN_POINT('',(26.7627512927562,-15.7859028082423,0.630907722121362));
#1068=CARTESIAN_POINT('',(26.6911798620732,-15.4767430215625,0.63097668793214));
#1069=CARTESIAN_POINT('',(26.7259869864416,-15.1446662423758,0.630957284039656));
#1070=CARTESIAN_POINT('',(26.8626147247373,-14.8572465368887,0.63082686465895));
#1071=CARTESIAN_POINT('',(29.448611968086,-16.1272440564794,0.439266342629409));
#1072=CARTESIAN_POINT('',(29.5983174708297,-15.8114377203777,0.439489129163821));
#1073=CARTESIAN_POINT('',(29.6356309689239,-15.4442846457319,0.439573856293715));
#1074=CARTESIAN_POINT('',(29.5547199912128,-15.1047175272137,0.439444951441491));
#1075=CARTESIAN_POINT('',(29.4739650919086,-14.7658054384128,0.439316295248528));
#1076=CARTESIAN_POINT('',(29.2754413902068,-14.4543729809997,0.43897483047666));
#1077=CARTESIAN_POINT('',(28.9972716309487,-14.2417725605421,0.438695350591127));
#1078=CARTESIAN_POINT('',(28.8590237371914,-14.1361120443934,0.438556451576276));
#1079=CARTESIAN_POINT('',(28.7011032552451,-14.0548630562295,0.438432862837667));
#1080=CARTESIAN_POINT('',(28.5344841840808,-14.0029780357843,0.438347766499235));
#1081=CARTESIAN_POINT('',(28.3703743598172,-13.9518743924398,0.438263951693115));
#1082=CARTESIAN_POINT('',(28.1978259712374,-13.9292569465656,0.438217478642819));
#1083=CARTESIAN_POINT('',(28.0261634600898,-13.9374516482479,0.438229008979863));
#1084=CARTESIAN_POINT('',(27.826705924717,-13.9469732088365,0.438242406270824));
#1085=CARTESIAN_POINT('',(27.6284443685047,-13.9980927208148,0.438334111056665));
#1086=CARTESIAN_POINT('',(27.4491411730463,-14.0852857174985,0.438463409624239));
#1087=CARTESIAN_POINT('',(27.1426740833611,-14.2343169930777,0.438684408227213));
#1088=CARTESIAN_POINT('',(26.8915920258772,-14.488733493569,0.439015233457021));
#1089=CARTESIAN_POINT('',(26.7453369706247,-14.7987029147929,0.439251155490534));
#1090=CARTESIAN_POINT('',(26.8626147247373,-14.8572465368887,0.63082686465895));
#1091=CARTESIAN_POINT('',(26.8631313633748,-14.8561371664798,0.630826232545979));
#1092=CARTESIAN_POINT('',(26.8636495899214,-14.8550286188637,0.630825602568975));
#1093=CARTESIAN_POINT('',(26.8641694013736,-14.8539208995133,0.630824974709895));
#1094=CARTESIAN_POINT('',(26.9971056069989,-14.5722608705363,0.630705590007774));
#1095=CARTESIAN_POINT('',(27.2278003367264,-14.339481670025,0.6305365448933));
#1096=CARTESIAN_POINT('',(27.507191726359,-14.2037763174661,0.630423145706975));
#1097=CARTESIAN_POINT('',(27.6706538749249,-14.1243798531358,0.630356799801804));
#1098=CARTESIAN_POINT('',(27.850784946651,-14.0782118795386,0.630309501562372));
#1099=CARTESIAN_POINT('',(28.0322844013532,-14.0696311360607,0.630302547384367));
#1100=CARTESIAN_POINT('',(28.1884913458935,-14.0622461457159,0.630296562292567));
#1101=CARTESIAN_POINT('',(28.3457118696309,-14.0827025091392,0.630320460575602));
#1102=CARTESIAN_POINT('',(28.4952226302404,-14.1290897353179,0.630363813057916));
#1103=CARTESIAN_POINT('',(28.6470194173833,-14.1761862243579,0.630407828401715));
#1104=CARTESIAN_POINT('',(28.7908688736885,-14.2500126066264,0.63047189740414));
#1105=CARTESIAN_POINT('',(28.9170601167337,-14.3462806864784,0.6305430636262));
#1106=CARTESIAN_POINT('',(29.1709705868635,-14.5399825062232,0.63068625778504));
#1107=CARTESIAN_POINT('',(29.3533903585593,-14.8245413459099,0.630858185609129));
#1108=CARTESIAN_POINT('',(29.4274743416701,-15.1348656786853,0.630923289767716));
#1109=CARTESIAN_POINT('',(29.5017015100261,-15.4457897884137,0.630988519755862));
#1110=CARTESIAN_POINT('',(29.4671737147953,-15.7825790835923,0.630946512754242));
#1111=CARTESIAN_POINT('',(29.3300283270946,-16.0714057644771,0.630833589647853));
#1112=CARTESIAN_POINT('',(26.8626147247373,-14.8572465368887,0.63082686465895));
#1113=CARTESIAN_POINT('',(26.7907138035758,-14.8220212566846,0.601440200882642));
#1114=CARTESIAN_POINT('',(26.74352152525,-14.7987306741221,0.524518216570814));
#1115=CARTESIAN_POINT('',(26.7453369706247,-14.7987029147929,0.439251155490534));
#1116=CARTESIAN_POINT('',(26.7453369706247,-14.7987029147929,0.439251155490534));
#1117=CARTESIAN_POINT('',(26.595280547368,-15.1157432843994,0.439511868756045));
#1118=CARTESIAN_POINT('',(26.5567397318535,-15.475996560584,0.439549701156495));
#1119=CARTESIAN_POINT('',(26.6352478428715,-15.8149167284912,0.439412894149291));
#1120=CARTESIAN_POINT('',(26.6625489726183,-15.9327759325641,0.439365319627302));
#1121=CARTESIAN_POINT('',(26.7040047680744,-16.0480553349665,0.439296626052723));
#1122=CARTESIAN_POINT('',(26.7580236284967,-16.1563342219516,0.439218341560439));
#1123=CARTESIAN_POINT('',(26.8357818841981,-16.3121978835581,0.439105653778415));
#1124=CARTESIAN_POINT('',(26.9395715556853,-16.4535560619861,0.438973093046024));
#1125=CARTESIAN_POINT('',(27.0651589814368,-16.5741565175362,0.438830795040472));
#1126=CARTESIAN_POINT('',(27.2456950448554,-16.7475236469381,0.438626236967871));
#1127=CARTESIAN_POINT('',(27.4712761892706,-16.877994921244,0.438401556810539));
#1128=CARTESIAN_POINT('',(27.7141727783008,-16.9429912996032,0.43829862054046));
#1129=CARTESIAN_POINT('',(28.0479206449813,-17.032298451696,0.43815718273485));
#1130=CARTESIAN_POINT('',(28.4143594820406,-16.9979912276331,0.438245593246765));
#1131=CARTESIAN_POINT('',(28.7262277918082,-16.8512276961494,0.43846601183264));
#1132=CARTESIAN_POINT('',(29.0400305267065,-16.7035538347133,0.438687797608571));
#1133=CARTESIAN_POINT('',(29.2985836657283,-16.4420242741091,0.439043234149862));
#1134=CARTESIAN_POINT('',(29.4472713999661,-16.1300643309481,0.439264348276167));
#1135=CARTESIAN_POINT('',(29.5048289443,-15.6247085791043,0.0282523133592235));
#1136=CARTESIAN_POINT('',(29.5224074077556,-15.4639639034555,0.0282523133592235));
#1137=CARTESIAN_POINT('',(29.5049355437185,-15.3033512238916,0.0282523133592235));
#1138=CARTESIAN_POINT('',(29.5254821522677,-15.6247085791033,-0.0148795353576864));
#1139=CARTESIAN_POINT('',(29.5185982384896,-15.6247085791037,-0.00050201837244141));
#1140=CARTESIAN_POINT('',(29.5117138429658,-15.624708579104,0.0138752679894702));
#1141=CARTESIAN_POINT('',(29.5048289443,-15.6247085791043,0.0282523133592235));
#1142=CARTESIAN_POINT('',(29.5049355437185,-15.3033512238916,0.0282523133592235));
#1143=CARTESIAN_POINT('',(29.5118206181702,-15.3033512238916,0.0138752691662448));
#1144=CARTESIAN_POINT('',(29.5187051869623,-15.3033512238916,-0.000502017216470672));
#1145=CARTESIAN_POINT('',(29.5255892716143,-15.3033512238916,-0.0148795353576866));
#1146=CARTESIAN_POINT('',(29.5255892716143,-15.3033512238916,-0.0148795353576866));
#1147=CARTESIAN_POINT('',(29.1005762643522,-15.3033512238916,-0.0148795353576866));
#1148=CARTESIAN_POINT('',(29.5049355437185,-15.3033512238916,0.0282523133592235));
#1149=CARTESIAN_POINT('',(29.1005762643522,-15.3033512238916,0.0282523133592235));
#1150=CARTESIAN_POINT('',(29.5255892716143,-15.3033512238916,-0.0148795353576866));
#1151=CARTESIAN_POINT('',(29.4387451788308,-14.4932663682663,-0.0148795353576869));
#1152=CARTESIAN_POINT('',(28.7201126241358,-14.1413566264537,-0.0148795353576859));
#1153=CARTESIAN_POINT('',(27.4292654616417,-13.5031800080606,-0.0148795353576866));
#1154=CARTESIAN_POINT('',(26.801690627356,-14.8237271669963,-0.0148795353576859));
#1155=CARTESIAN_POINT('',(26.6865389695433,-15.6247085791043,0.0282523133592235));
#1156=CARTESIAN_POINT('',(26.6691402944536,-15.464077735573,0.0282523133592234));
#1157=CARTESIAN_POINT('',(26.6868719161686,-15.3033512238916,0.0282523133592234));
#1158=CARTESIAN_POINT('',(26.6658733586136,-15.6247085791043,-0.0148795353576866));
#1159=CARTESIAN_POINT('',(26.6727614046714,-15.6247085791043,-0.000502017254128995));
#1160=CARTESIAN_POINT('',(26.6796499344811,-15.6247085791043,0.0138752691268787));
#1161=CARTESIAN_POINT('',(26.6865389695433,-15.6247085791043,0.0282523133592235));
#1162=CARTESIAN_POINT('',(26.6868719161686,-15.3033512238916,0.0282523133592234));
#1163=CARTESIAN_POINT('',(26.6799828245798,-15.3033512238915,0.0138752692942322));
#1164=CARTESIAN_POINT('',(26.6730942386218,-15.3033512238914,-0.000502017087908488));
#1165=CARTESIAN_POINT('',(26.6662061367899,-15.3033512238916,-0.0148795353576866));
#1166=CARTESIAN_POINT('',(26.6662061367899,-15.3033512238916,-0.0148795353576866));
#1167=CARTESIAN_POINT('',(27.0912927307305,-15.3033512238916,-0.0148795353576866));
#1168=CARTESIAN_POINT('',(26.6868719161686,-15.3033512238916,0.0282523133592234));
#1169=CARTESIAN_POINT('',(27.0912927307305,-15.3033512238916,0.0282523133592235));
#1170=CARTESIAN_POINT('',(26.6658733586136,-15.6247085791043,-0.0148795353576866));
#1171=CARTESIAN_POINT('',(26.7523321604426,-16.4347433505511,-0.0148795353576867));
#1172=CARTESIAN_POINT('',(27.4720526486053,-16.7872091205132,-0.0148795353576862));
#1173=CARTESIAN_POINT('',(28.7611470541768,-17.42448540257,-0.0148795353576878));
#1174=CARTESIAN_POINT('',(29.3904360786326,-16.1049167919962,-0.0148795353576859));
#1175=CARTESIAN_POINT('',(26.8928647668039,-15.464029901498,-0.0148795353576866));
#1176=CARTESIAN_POINT('',(26.8928647668039,-15.464029901498,0.0282523133592235));
#1177=CARTESIAN_POINT('',(26.8288883888512,-15.464029901498,-0.0148795353576866));
#1178=CARTESIAN_POINT('',(26.8928647668039,-15.464029901498,-0.0148795353576866));
#1179=CARTESIAN_POINT('',(26.7649120108984,-15.464029901498,-0.0148795353576866));
#1180=CARTESIAN_POINT('',(26.8288883888512,-15.464029901498,0.0282523133592235));
#1181=CARTESIAN_POINT('',(26.8928647668039,-15.464029901498,0.0282523133592235));
#1182=CARTESIAN_POINT('',(26.7649120108984,-15.464029901498,0.0282523133592235));
#1183=CARTESIAN_POINT('',(29.2990042282788,-15.464029901498,-0.0148795353576866));
#1184=CARTESIAN_POINT('',(29.2990042282788,-15.464029901498,0.0282523133592235));
#1185=CARTESIAN_POINT('',(29.3629806062316,-15.464029901498,-0.0148795353576866));
#1186=CARTESIAN_POINT('',(29.2990042282788,-15.464029901498,-0.0148795353576866));
#1187=CARTESIAN_POINT('',(29.4269569841843,-15.464029901498,-0.0148795353576866));
#1188=CARTESIAN_POINT('',(29.3629806062316,-15.464029901498,0.0282523133592235));
#1189=CARTESIAN_POINT('',(29.2990042282788,-15.464029901498,0.0282523133592235));
#1190=CARTESIAN_POINT('',(29.4269569841843,-15.464029901498,0.0282523133592235));
#1191=CARTESIAN_POINT('',(29.2402564028627,-16.0266471124056,0.667477982000632));
#1192=CARTESIAN_POINT('',(29.2402564028627,-16.0266471124056,0.740571634579947));
#1193=CARTESIAN_POINT('',(29.2402564028627,-16.0266471124056,0.667477982000632));
#1194=CARTESIAN_POINT('',(28.6873954664312,-17.1905415279131,0.667477982000632));
#1195=CARTESIAN_POINT('',(27.5432511189632,-16.6281371792932,0.667477982000632));
#1196=CARTESIAN_POINT('',(26.3991067714953,-16.0657328306732,0.667477982000632));
#1197=CARTESIAN_POINT('',(26.9519677079268,-14.9018384151656,0.667477982000632));
#1198=CARTESIAN_POINT('',(29.2402564028627,-16.0266471124056,0.740571634579947));
#1199=CARTESIAN_POINT('',(29.7931173392942,-14.862752696898,0.740571634579947));
#1200=CARTESIAN_POINT('',(28.6489729918263,-14.300348348278,0.740571634579947));
#1201=CARTESIAN_POINT('',(27.5048286443583,-13.737943999658,0.740571634579947));
#1202=CARTESIAN_POINT('',(26.9519677079268,-14.9018384151656,0.740571634579947));
#1203=CARTESIAN_POINT('',(29.240283418275,-16.0266488218289,0.667477982000632));
#1204=CARTESIAN_POINT('',(29.2775338451993,-16.0452588819775,0.652191443828063));
#1205=CARTESIAN_POINT('',(29.329948224612,-16.0714447497234,0.630682041742112));
#1206=CARTESIAN_POINT('',(29.4468129967051,-16.1298458516317,0.439274058733534));
#1207=CARTESIAN_POINT('',(29.4390227915822,-16.1260057458702,-0.0148795353576856));
#1208=CARTESIAN_POINT('',(29.4390227915822,-16.1260057458702,-0.0148795353576856));
#1209=CARTESIAN_POINT('',(29.3545615595348,-16.3038418408876,-0.0148795353576855));
#1210=CARTESIAN_POINT('',(29.2354442403944,-16.4653079477511,-0.014879535357685));
#1211=CARTESIAN_POINT('',(29.0896557091596,-16.5976348158473,-0.0148795353576857));
#1212=CARTESIAN_POINT('',(28.9438671779248,-16.7299616839436,-0.0148795353576864));
#1213=CARTESIAN_POINT('',(28.7714074345955,-16.8331493132725,-0.0148795353576883));
#1214=CARTESIAN_POINT('',(28.5858549050187,-16.8988160702286,-0.0148795353576891));
#1215=CARTESIAN_POINT('',(28.4018375426759,-16.9639395338442,-0.0148795353576899));
#1216=CARTESIAN_POINT('',(28.2049431439813,-16.9921604139787,-0.0148795353576895));
#1217=CARTESIAN_POINT('',(28.0099795048989,-16.981018876591,-0.014879535357689));
#1218=CARTESIAN_POINT('',(27.8150158658165,-16.9698773392034,-0.0148795353576884));
#1219=CARTESIAN_POINT('',(27.6219829863464,-16.9193733842935,-0.0148795353576876));
#1220=CARTESIAN_POINT('',(27.4471197895786,-16.8331171996043,-0.0148795353576871));
#1221=CARTESIAN_POINT('',(27.0937183145933,-16.6587919930473,-0.014879535357686));
#1222=CARTESIAN_POINT('',(26.8145310774018,-16.3384364718193,-0.014879535357686));
#1223=CARTESIAN_POINT('',(26.6866018818066,-15.9652079593291,-0.0148795353576866));
#1224=CARTESIAN_POINT('',(26.6221139820851,-15.7770669898286,-0.0148795353576869));
#1225=CARTESIAN_POINT('',(26.5960618536592,-15.5754906077152,-0.0148795353576874));
#1226=CARTESIAN_POINT('',(26.6071838086952,-15.3769178627396,-0.0148795353576877));
#1227=CARTESIAN_POINT('',(26.6183057637312,-15.178345117764,-0.0148795353576881));
#1228=CARTESIAN_POINT('',(26.666601802229,-14.9827760099261,-0.0148795353576883));
#1229=CARTESIAN_POINT('',(26.753129533482,-14.802541163952,-0.014879535357686));
#1230=CARTESIAN_POINT('',(28.109040509403,-15.4922297915142,0.437629520261485));
#1231=CARTESIAN_POINT('',(29.4472713999661,-16.1300643309481,0.439264348276166));
#1232=CARTESIAN_POINT('',(29.448611968086,-16.1272440564794,0.439266342629409));
#1233=CARTESIAN_POINT('',(29.2407087423476,-16.0266740586299,0.740571634580841));
#1234=CARTESIAN_POINT('',(29.2407087425223,-16.0266740580636,0.780571634579947));
#1235=CARTESIAN_POINT('',(29.2045686720155,-16.0095120389459,0.780571634579947));
#1236=CARTESIAN_POINT('',(29.2045686720155,-16.0095120389459,0.780571634579947));
#1237=CARTESIAN_POINT('',(29.3446435781535,-15.7134220858495,0.780571634579947));
#1238=CARTESIAN_POINT('',(29.3650274648155,-15.3619990243176,0.780571634579948));
#1239=CARTESIAN_POINT('',(29.259001707857,-15.0519091380344,0.780571634579947));
#1240=CARTESIAN_POINT('',(29.2063776539105,-14.8980013766362,0.780571634579947));
#1241=CARTESIAN_POINT('',(29.1226130666409,-14.7542758852319,0.780571634579947));
#1242=CARTESIAN_POINT('',(29.0153745953128,-14.6317675281644,0.780571634579947));
#1243=CARTESIAN_POINT('',(28.9081361239846,-14.509259171097,0.780571634579947));
#1244=CARTESIAN_POINT('',(28.7774237685979,-14.4079679483663,0.780571634579947));
#1245=CARTESIAN_POINT('',(28.6315711663508,-14.3362160945104,0.780571634579947));
#1246=CARTESIAN_POINT('',(28.4870869344423,-14.2651374073107,0.780571634579947));
#1247=CARTESIAN_POINT('',(28.3277452107304,-14.2230464199142,0.780571634579947));
#1248=CARTESIAN_POINT('',(28.1667903634972,-14.2136094533985,0.780571634579947));
#1249=CARTESIAN_POINT('',(28.005835516264,-14.2041724868827,0.780571634579947));
#1250=CARTESIAN_POINT('',(27.8432675455095,-14.2273895412478,0.780571634579948));
#1251=CARTESIAN_POINT('',(27.6914197258454,-14.2812237137205,0.780571634579948));
#1252=CARTESIAN_POINT('',(27.5384303537519,-14.3354625975055,0.780571634579948));
#1253=CARTESIAN_POINT('',(27.3963229212309,-14.4207806728356,0.780571634579947));
#1254=CARTESIAN_POINT('',(27.2761627484027,-14.5299941784964,0.780571634579947));
#1255=CARTESIAN_POINT('',(27.1560025755745,-14.6392076841572,0.780571634579947));
#1256=CARTESIAN_POINT('',(27.057789662439,-14.7723166201487,0.780571634579948));
#1257=CARTESIAN_POINT('',(26.9880986746872,-14.9190009686165,0.780571634579947));
#1258=CARTESIAN_POINT('',(29.3904360786326,-16.1049167919962,-0.0148795353576859));
#1259=CARTESIAN_POINT('',(29.0496880687293,-15.9362105565672,0.780571634579947));
#1260=CARTESIAN_POINT('',(29.0496880687293,-15.9362105565672,0.780571634579947));
#1261=CARTESIAN_POINT('',(29.51191581524,-14.9577977158425,0.780571634579948));
#1262=CARTESIAN_POINT('',(28.5558476336939,-14.4896172740784,0.780571634579947));
#1263=CARTESIAN_POINT('',(27.6048552135213,-14.0194600436511,0.780571634579948));
#1264=CARTESIAN_POINT('',(27.1425085253637,-14.9923330336663,0.780571634579947));
#1265=CARTESIAN_POINT('',(29.3904360786326,-16.1049167919962,-0.0148795353576859));
#1266=CARTESIAN_POINT('',(29.4983423635848,-15.8765079706109,-0.0148795353576862));
#1267=CARTESIAN_POINT('',(29.5254821522677,-15.6247085791033,-0.0148795353576864));
#1268=CARTESIAN_POINT('',(0.,0.,0.));
ENDSEC;
END-ISO-10303-21;
